name,cuisine,price_text,cost,rating,city,area,restaurant_type,is_pure_veg,delivery_available,dinein_available,cuisine_count,price_category,rating_category,swiggy_proxy,tourism_flag,restaurant_url,city_population,city_area_km,gdp_flag,order_online,book_table
Vesparo,"Pasta, Continental, Asian, Thai, Momos","₹1,800 for two",1800,4.3,bangalore,indiranagar,quick_bite,0,0,0,5,high,excellent,3709,yes,https://www.zomato.com/bangalore/daffys-brewgarden-indiranagar-bangalore/info,"84,43,675",741,yes,no,no
Jamming Goat 3.0,"South Indian, Asian, Thai, Continental, North Indian","₹2,000 for two",2000,4.4,bangalore,indiranagar,quick_bite,0,0,0,5,high,excellent,3709,yes,https://www.zomato.com/bangalore/citrus-the-leela-palace-airport-road/info,"84,43,675",741,yes,no,no
Daffy's Brewgarden,"South Indian, Bar Food","₹1,400 for two",1400,4.5,bangalore,indiranagar,quick_bite,0,0,0,2,high,excellent,3709,yes,https://www.zomato.com/bangalore/jamavar-the-leela-palace-airport-road/info,"84,43,675",741,yes,no,no
403 Forbidden Bar,"Asian, European","₹1,600 for two",1600,4.2,bangalore,indiranagar,quick_bite,0,0,0,2,high,excellent,3709,yes,https://www.zomato.com/bangalore/jamming-goat-3-0-indiranagar-bangalore/info,"84,43,675",741,yes,no,no
Tapori The Resto Bar,"North Indian, Continental, Mexican, Chinese, Italian, Alcoholic Beverages","₹2,400 for two",2400,4.1,bangalore,indiranagar,quick_bite,0,0,0,6,high,excellent,3709,yes,https://www.zomato.com/bangalore/arena-brewhouse-2-indiranagar-bangalore/info,"84,43,675",741,yes,no,no
Homiga,"Korean, Asian","₹2,000 for two",2000,4.6,bangalore,indiranagar,quick_bite,0,0,0,2,high,excellent,3709,yes,https://www.zomato.com/bangalore/1131-bar-kitchen-by-house-of-commons-indiranagar-bangalore/info,"84,43,675",741,yes,no,no
1BHK,"Continental, Italian, Pizza, Sandwich, Desserts, Shake, Beverages","₹2,500 for two",2500,4.2,bangalore,indiranagar,quick_bite,0,0,0,7,high,excellent,3709,yes,https://www.zomato.com/bangalore/cbd-central-bar-district-airport-road-bangalore/info,"84,43,675",741,yes,no,no
Brik Oven - Woodfired Pizzas,"Pizza, Italian, Beverages, Desserts, Shake","₹1,200 for two",1200,4.5,bangalore,indiranagar,quick_bite,0,0,0,5,high,excellent,3709,yes,https://www.zomato.com/bangalore/idylll-indian-plates-cocktails-indiranagar-bangalore/info,"84,43,675",741,yes,no,no
MISU,"Chinese, Asian, Thai, Japanese","₹2,300 for two",2300,4.7,bangalore,indiranagar,quick_bite,0,0,0,4,high,excellent,3709,yes,https://www.zomato.com/bangalore/21st-amendment-gastrobar-indiranagar-bangalore/info,"84,43,675",741,yes,no,no
BLR Brewing Co.,"North Indian, Continental, Asian, Chinese, Pizza","₹1,600 for two",1600,4.5,bangalore,whitefield,quick_bite,0,0,0,5,high,excellent,3709,yes,https://www.zomato.com/bangalore/daffys-brewgarden-indiranagar-bangalore/info,"84,43,675",741,yes,no,no
Maize & Malt,"Continental, Asian, South Indian, North Indian, Salad, Momos, Desserts","₹2,600 for two",2600,4.5,bangalore,whitefield,quick_bite,0,0,0,7,high,excellent,3709,yes,https://www.zomato.com/bangalore/citrus-the-leela-palace-airport-road/info,"84,43,675",741,yes,no,no
Yuki,"Asian, Japanese, Sushi, Thai, Chinese, Salad, Desserts","₹2,200 for two",2200,4.5,bangalore,whitefield,quick_bite,0,0,0,7,high,excellent,3709,yes,https://www.zomato.com/bangalore/1131-bar-kitchen-by-house-of-commons-indiranagar-bangalore/info,"84,43,675",741,yes,no,no
The Yard,"Continental, Italian, Asian, Japanese, Biryani, Desserts, North Indian, Chinese","₹2,400 for two",2400,4.3,bangalore,whitefield,quick_bite,0,0,0,8,high,excellent,3709,yes,https://www.zomato.com/bangalore/cbd-central-bar-district-airport-road-bangalore/info,"84,43,675",741,yes,no,no
Hard Rock Cafe,"American, Continental, Italian, Wraps, Burger, Desserts, Fast Food, Beverages","₹1,500 for two",1500,4.4,bangalore,whitefield,quick_bite,0,0,0,8,high,excellent,3709,yes,https://www.zomato.com/bangalore/jamavar-the-leela-palace-airport-road/info,"84,43,675",741,yes,no,no
Biergarten,"North Indian, Continental, European, BBQ, Chinese, Asian, Beverages","₹2,500 for two",2500,4.7,bangalore,whitefield,quick_bite,0,0,0,7,high,excellent,3709,yes,https://www.zomato.com/bangalore/idylll-indian-plates-cocktails-indiranagar-bangalore/info,"84,43,675",741,yes,no,no
Fox In The Field,"Modern Indian, Continental, North Indian, Pizza, American, Italian, Desserts, Beverages","₹2,000 for two",2000,4.3,bangalore,whitefield,quick_bite,0,0,0,8,high,excellent,3709,yes,https://www.zomato.com/bangalore/jamming-goat-3-0-indiranagar-bangalore/info,"84,43,675",741,yes,no,no
Red Rhino,"North Indian, Mediterranean, Desserts","₹2,000 for two",2000,4.5,bangalore,whitefield,quick_bite,0,0,0,3,high,excellent,3709,yes,https://www.zomato.com/bangalore/21st-amendment-gastrobar-indiranagar-bangalore/info,"84,43,675",741,yes,no,no
Umbaa Pub And Kitchen,"Bar Food, North Indian, Mughlai, Continental, Beverages","₹1,500 for two",1500,4.4,bangalore,whitefield,quick_bite,0,0,0,5,high,excellent,3709,yes,https://www.zomato.com/bangalore/arena-brewhouse-2-indiranagar-bangalore/info,"84,43,675",741,yes,no,no
1BHK,"Continental, Italian, Pizza, Sandwich, Desserts, Shake, Beverages","₹2,500 for two",2500,4.2,bangalore,koramangala,quick_bite,0,0,0,7,high,excellent,3709,yes,https://www.zomato.com/bangalore/hard-rock-cafe-whitefield-bangalore/info,"84,43,675",741,yes,no,no
Naked & Famous,"Asian, Continental","₹3,000 for two",3000,3.6,bangalore,koramangala,quick_bite,0,0,0,2,high,good,3709,yes,https://www.zomato.com/bangalore/mannheim-craft-brewery-whitefield-bangalore/info,"84,43,675",741,yes,no,no
The Reservoire,"Continental, Asian, Bar Food, Pizza, North Indian, Biryani, Desserts","₹2,500 for two",2500,4.4,bangalore,koramangala,quick_bite,0,0,0,7,high,excellent,3709,yes,https://www.zomato.com/bangalore/blr-brewing-co-1-whitefield-bangalore/info,"84,43,675",741,yes,no,no
Brik Oven - Woodfired Pizzas,"Pizza, Italian, Beverages, Desserts, Shake","₹1,200 for two",1200,4.5,bangalore,koramangala,quick_bite,0,0,0,5,high,excellent,3709,yes,https://www.zomato.com/bangalore/yuki-whitefield-bangalore/info,"84,43,675",741,yes,no,no
Tapori The Resto Bar,"North Indian, Continental, Mexican, Chinese, Italian, Alcoholic Beverages","₹2,400 for two",2400,4.1,bangalore,koramangala,quick_bite,0,0,0,6,high,excellent,3709,yes,https://www.zomato.com/bangalore/biergarten-mahadevapura-bangalore/info,"84,43,675",741,yes,no,no
Brooks And Bonds Brewery,"Continental, American, North Indian, Italian, Pasta, Beverages, Desserts, Pizza","₹1,800 for two",1800,4.2,bangalore,koramangala,quick_bite,0,0,0,8,high,excellent,3709,yes,https://www.zomato.com/bangalore/oasis-brewery-mahadevapura-bangalore/info,"84,43,675",741,yes,no,no
Magique,"Asian, Modern Indian, Continental, Italian, North Indian, Sushi, Desserts, Beverages","₹1,500 for two",1500,4,bangalore,koramangala,quick_bite,0,0,0,8,high,excellent,3709,yes,https://www.zomato.com/bangalore/fox-in-the-field-whitefield-bangalore/info,"84,43,675",741,yes,no,no
House Of Commons,"Bar Food, North Indian, Italian, Chinese, Fast Food, Continental, Beverages, Desserts","₹1,500 for two",1500,4.3,bangalore,koramangala,quick_bite,0,0,0,8,high,excellent,3709,yes,https://www.zomato.com/bangalore/the-yard-brookefield-bangalore/info,"84,43,675",741,yes,no,no
Blah Bla,"North Indian, Chinese, Seafood","₹2,900 for two",2900,,bangalore,koramangala,quick_bite,0,0,0,3,high,,3709,yes,https://www.zomato.com/bangalore/barkaas-arabic-restaurant-whitefield-bangalore/info,"84,43,675",741,yes,no,no
The Palms Brew & Kitchen,"Modern Indian, North Indian","₹2,500 for two",2500,4.5,bangalore,btm,quick_bite,0,0,0,2,high,excellent,3709,yes,https://www.zomato.com/bangalore/hard-rock-cafe-whitefield-bangalore/info,"84,43,675",741,yes,no,no
Mykos Craft Kitchen & Bar,"Continental, Italian, Chinese, Mediterranean, North Indian, South American, Sushi","₹1,600 for two",1600,4.4,bangalore,btm,quick_bite,0,0,0,7,high,excellent,3709,yes,https://www.zomato.com/bangalore/mannheim-craft-brewery-whitefield-bangalore/info,"84,43,675",741,yes,no,no
1BHK,"Continental, Italian, Pizza, Sandwich, Desserts, Shake, Beverages","₹2,500 for two",2500,4.2,bangalore,btm,quick_bite,0,0,0,7,high,excellent,3709,yes,https://www.zomato.com/bangalore/oasis-brewery-mahadevapura-bangalore/info,"84,43,675",741,yes,no,no
Indian Biere House,"Continental, Mediterranean, North Indian, Asian, Bar Food, Italian, Desserts, Beverages","₹2,500 for two",2500,4.6,bangalore,btm,quick_bite,0,0,0,8,high,excellent,3709,yes,https://www.zomato.com/bangalore/fox-in-the-field-whitefield-bangalore/info,"84,43,675",741,yes,no,no
The Reservoire,"Continental, Asian, Bar Food, Pizza, North Indian, Biryani, Desserts","₹2,500 for two",2500,4.4,bangalore,btm,quick_bite,0,0,0,7,high,excellent,3709,yes,https://www.zomato.com/bangalore/blr-brewing-co-1-whitefield-bangalore/info,"84,43,675",741,yes,no,no
Brik Oven - Woodfired Pizzas,"Pizza, Italian, Beverages, Desserts, Shake","₹1,200 for two",1200,4.5,bangalore,btm,quick_bite,0,0,0,5,high,excellent,3709,yes,https://www.zomato.com/bangalore/the-yard-brookefield-bangalore/info,"84,43,675",741,yes,no,no
Tapori The Resto Bar,"North Indian, Continental, Mexican, Chinese, Italian, Alcoholic Beverages","₹2,400 for two",2400,4.1,bangalore,btm,quick_bite,0,0,0,6,high,excellent,3709,yes,https://www.zomato.com/bangalore/yuki-whitefield-bangalore/info,"84,43,675",741,yes,no,no
404 by TOF,"North Indian, Chinese, Asian, Burger, Pasta, Momos, Desserts","₹2,400 for two",2400,4.2,bangalore,btm,quick_bite,0,0,0,7,high,excellent,3709,yes,https://www.zomato.com/bangalore/barkaas-arabic-restaurant-whitefield-bangalore/info,"84,43,675",741,yes,no,no
La Loca,"Bar Food, North Indian, Mexican, Continental, Pizza, Burger, Desserts, Beverages","₹1,400 for two",1400,4.5,bangalore,btm,quick_bite,0,0,0,8,high,excellent,3709,yes,https://www.zomato.com/bangalore/biergarten-mahadevapura-bangalore/info,"84,43,675",741,yes,no,no
Roxie,"Continental, Asian, North Indian, European, American, Italian, Pizza, Beverages","₹2,600 for two",2600,4.7,bangalore,hsr,quick_bite,0,0,0,8,high,excellent,3709,yes,https://www.zomato.com/bangalore/naked-famous-koramangala-5th-block-bangalore/info,"84,43,675",741,yes,no,no
Oyster Bar & Kitchen,"North Indian, Chinese, Continental, Beverages, Bar Food, Desserts, Asian, Pizza","₹1,400 for two",1400,4.5,bangalore,hsr,quick_bite,0,0,0,8,high,excellent,3709,yes,https://www.zomato.com/bangalore/magique-koramangala-6th-block-bangalore/info,"84,43,675",741,yes,no,no
Brik Oven - Woodfired Pizzas,"Pizza, Italian, Beverages, Desserts, Shake","₹1,200 for two",1200,4.5,bangalore,hsr,quick_bite,0,0,0,5,high,excellent,3709,yes,https://www.zomato.com/bangalore/brooks-and-bonds-brewery-koramangala-5th-block-bangalore/info,"84,43,675",741,yes,no,no
1BHK,"Continental, Italian, Pizza, Sandwich, Desserts, Shake, Beverages","₹2,500 for two",2500,4.2,bangalore,hsr,quick_bite,0,0,0,7,high,excellent,3709,yes,https://www.zomato.com/bangalore/ganbeii-koramangala-7th-block-bangalore/info,"84,43,675",741,yes,no,no
Tapori The Resto Bar,"North Indian, Continental, Mexican, Chinese, Italian, Alcoholic Beverages","₹2,400 for two",2400,4.1,bangalore,hsr,quick_bite,0,0,0,6,high,excellent,3709,yes,https://www.zomato.com/bangalore/the-reservoire-koramangala-5th-block/info,"84,43,675",741,yes,no,no
BLR Brewing Co.,"North Indian, Asian, Continental, Chinese, Pizza","₹1,600 for two",1600,4.5,bangalore,hsr,quick_bite,0,0,0,5,high,excellent,3709,yes,https://www.zomato.com/bangalore/house-of-commons-koramangala-5th-block-bangalore/info,"84,43,675",741,yes,no,no
Gladia Brewery & Kitchen,"Biryani, Sushi, North Indian, Chinese, Pizza, Pasta, Salad","₹1,500 for two",1500,4.5,bangalore,hsr,quick_bite,0,0,0,7,high,excellent,3709,yes,https://www.zomato.com/bangalore/brau-galie-microbrewery-1-koramangala-5th-block-bangalore/info,"84,43,675",741,yes,no,no
The Reservoire,"Continental, Asian, Bar Food, Pizza, North Indian, Biryani, Desserts","₹2,500 for two",2500,4.4,bangalore,hsr,quick_bite,0,0,0,7,high,excellent,3709,yes,https://www.zomato.com/bangalore/tapori-the-resto-bar-koramangala-8th-block-bangalore/info,"84,43,675",741,yes,no,no
The Golden Circle Brewery,"Chinese, North Indian, South Indian, Continental, Italian, Mexican, Asian","₹1,500 for two",1500,4.5,bangalore,hsr,quick_bite,0,0,0,7,high,excellent,3709,yes,https://www.zomato.com/bangalore/blah-bla-koramangala-5th-block-bangalore/info,"84,43,675",741,yes,no,no
Zhouyu ECR - A Chinese | Asian Kitchen,"Chinese, Asian, Seafood","₹1,000 for two",1000,4.6,chennai,thuraipakkam,quick_bite,0,0,0,3,high,excellent,3709,yes,https://www.zomato.com/bangalore/naked-famous-koramangala-5th-block-bangalore/info,"84,43,675",741,yes,no,no
Crazy Ivan Resto Lounge,"North Indian, Chinese, Continental, Biryani, Pizza, Pasta, Burger, Fast Food","₹2,200 for two",2200,4.4,chennai,thuraipakkam,quick_bite,0,0,0,8,high,excellent,3709,yes,https://www.zomato.com/bangalore/magique-koramangala-6th-block-bangalore/info,"84,43,675",741,yes,no,no
Roohe Turkish and Arab kitchen,"Arabian, Turkish","₹1,000 for two",1000,4.1,chennai,thuraipakkam,quick_bite,0,0,0,2,high,excellent,3709,yes,https://www.zomato.com/bangalore/house-of-commons-koramangala-5th-block-bangalore/info,"84,43,675",741,yes,no,no
Bayroot,"North Indian, Chinese, Oriental, Arabian, Sushi, Pasta, Desserts","₹2,000 for two",2000,4.6,chennai,thuraipakkam,quick_bite,0,0,0,7,high,excellent,3709,yes,https://www.zomato.com/bangalore/brau-galie-microbrewery-1-koramangala-5th-block-bangalore/info,"84,43,675",741,yes,no,no
VGP Annachi's Kitchen - Since 1974,"South Indian, Andhra, Desserts, Shake, Beverages",₹800 for two,800,3.8,chennai,thuraipakkam,quick_bite,0,0,0,5,high,good,3709,yes,https://www.zomato.com/bangalore/brooks-and-bonds-brewery-koramangala-5th-block-bangalore/info,"84,43,675",741,yes,no,no
Booze Republic,North Indian,"₹1,500 for two",1500,3.9,chennai,thuraipakkam,quick_bite,0,0,0,1,high,good,3709,yes,https://www.zomato.com/bangalore/tapori-the-resto-bar-koramangala-8th-block-bangalore/info,"84,43,675",741,yes,no,no
Pause Bar & Kitchen,"Continental, Italian, Oriental, North Indian, Chinese, Pizza, Seafood, Mexican","₹3,300 for two",3300,4.1,chennai,thuraipakkam,quick_bite,0,0,0,8,high,excellent,3709,yes,https://www.zomato.com/bangalore/ganbeii-koramangala-7th-block-bangalore/info,"84,43,675",741,yes,no,no
Macaw By Stories,"Chinese, South Indian, Continental, Asian","₹1,700 for two",1700,4.6,chennai,thuraipakkam,quick_bite,0,0,0,4,high,excellent,3709,yes,https://www.zomato.com/bangalore/blah-bla-koramangala-5th-block-bangalore/info,"84,43,675",741,yes,no,no
The Beach Terrace - Bay | Bar | Kitchen,"Pizza, Italian, Beverages, Cafe","₹2,000 for two",2000,4,chennai,thuraipakkam,quick_bite,0,0,0,4,high,excellent,3709,yes,https://www.zomato.com/bangalore/the-reservoire-koramangala-5th-block/info,"84,43,675",741,yes,no,no
22 Constanzaa,"Mediterranean, Turkish, Burger, Sandwich, Desserts, Beverages","₹1,700 for two",1700,4.7,chennai,mylapore,quick_bite,0,0,0,6,high,excellent,3709,yes,https://www.zomato.com/bangalore/la-loca-jp-nagar-bangalore/info,"84,43,675",741,yes,no,no
Sorgam Crimson Chakra,"Biryani, South Indian, Andhra, Kerala","₹1,200 for two",1200,3.9,chennai,mylapore,quick_bite,0,0,0,4,high,good,3709,yes,https://www.zomato.com/bangalore/skyroot-by-tof-bannerghatta-road-bangalore/info,"84,43,675",741,yes,no,no
Mezze,"Middle Eastern, Mediterranean, Salad","₹1,200 for two",1200,4.7,chennai,mylapore,quick_bite,0,0,0,3,high,excellent,3709,yes,https://www.zomato.com/bangalore/mykos-craft-kitchen-bar-bannerghatta-road-bangalore/info,"84,43,675",741,yes,no,no
Black Orchid,"Sushi, Asian, Pizza, Pasta, Japanese, Desserts, Beverages, Alcoholic Beverages","₹2,500 for two",2500,4.7,chennai,mylapore,quick_bite,0,0,0,8,high,excellent,3709,yes,https://www.zomato.com/bangalore/oyster-bar-kitchen-hsr-bangalore/info,"84,43,675",741,yes,no,no
Bombay Brasserie,"Modern Indian, Bar Food, Biryani, Kebab, Fast Food, Desserts","₹1,800 for two",1800,4.8,chennai,mylapore,quick_bite,0,0,0,6,high,excellent,3709,yes,https://www.zomato.com/bangalore/levels-pub-kitchen-jp-nagar-bangalore/info,"84,43,675",741,yes,no,no
THE COASTAL TASTE FAMILY RESTAURANT,"Desserts, South Indian, Kerala, Seafood, Shawarma, Biryani, Chinese, North Indian","₹1,000 for two",1000,4.3,chennai,mylapore,quick_bite,0,0,0,8,high,excellent,3709,yes,https://www.zomato.com/bangalore/ganbeii-koramangala-7th-block-bangalore/info,"84,43,675",741,yes,no,no
Firo,"North Indian, Asian, Desserts","₹2,500 for two",2500,4.1,chennai,mylapore,quick_bite,0,0,0,3,high,excellent,3709,yes,https://www.zomato.com/bangalore/tales-of-flamingo-tof-bannerghatta-road-bangalore/info,"84,43,675",741,yes,no,no
Colony - The Raintree,"Italian, North Indian, South Indian, Continental, Fast Food, Beverages, Desserts","₹3,300 for two",3300,4.4,chennai,mylapore,quick_bite,0,0,0,7,high,excellent,3709,yes,https://www.zomato.com/bangalore/404-by-tof-koramangala-7th-block-bangalore/info,"84,43,675",741,yes,no,no
Hard Rock Cafe,"American, Continental, Italian, Wraps, Burger, Desserts, Fast Food, Beverages","₹2,000 for two",2000,4.8,chennai,mylapore,quick_bite,0,0,0,8,high,excellent,3709,yes,https://www.zomato.com/bangalore/brau-galie-microbrewery-1-koramangala-5th-block-bangalore/info,"84,43,675",741,yes,no,no
Mezze,"Middle Eastern, Mediterranean, Salad","₹1,200 for two",1200,4.7,chennai,alwarpet,quick_bite,0,0,0,3,high,excellent,3709,yes,https://www.zomato.com/bangalore/la-loca-jp-nagar-bangalore/info,"84,43,675",741,yes,no,no
22 Constanzaa,"Mediterranean, Turkish, Burger, Sandwich, Desserts, Beverages","₹1,700 for two",1700,4.7,chennai,alwarpet,quick_bite,0,0,0,6,high,excellent,3709,yes,https://www.zomato.com/bangalore/skyroot-by-tof-bannerghatta-road-bangalore/info,"84,43,675",741,yes,no,no
Sorgam Crimson Chakra,"Biryani, South Indian, Andhra, Kerala","₹1,200 for two",1200,3.9,chennai,alwarpet,quick_bite,0,0,0,4,high,good,3709,yes,https://www.zomato.com/bangalore/ganbeii-koramangala-7th-block-bangalore/info,"84,43,675",741,yes,no,no
Black Orchid,"Sushi, Asian, Pizza, Pasta, Japanese, Desserts, Beverages, Alcoholic Beverages","₹2,500 for two",2500,4.7,chennai,alwarpet,quick_bite,0,0,0,8,high,excellent,3709,yes,https://www.zomato.com/bangalore/tales-of-flamingo-tof-bannerghatta-road-bangalore/info,"84,43,675",741,yes,no,no
Firo,"North Indian, Asian, Desserts","₹2,500 for two",2500,4.1,chennai,alwarpet,quick_bite,0,0,0,3,high,excellent,3709,yes,https://www.zomato.com/bangalore/mykos-craft-kitchen-bar-bannerghatta-road-bangalore/info,"84,43,675",741,yes,no,no
Colony - The Raintree,"Italian, North Indian, South Indian, Continental, Fast Food, Beverages, Desserts","₹3,300 for two",3300,4.4,chennai,alwarpet,quick_bite,0,0,0,7,high,excellent,3709,yes,https://www.zomato.com/bangalore/404-by-tof-koramangala-7th-block-bangalore/info,"84,43,675",741,yes,no,no
Chap Chay - The Raintree,"Chinese, Malaysian, Thai, Seafood, Sichuan","₹3,000 for two",3000,4.7,chennai,alwarpet,quick_bite,0,0,0,5,high,excellent,3709,yes,https://www.zomato.com/bangalore/oyster-bar-kitchen-hsr-bangalore/info,"84,43,675",741,yes,no,no
Go Native,"North Indian, South Indian, Desserts","₹2,000 for two",2000,4.5,chennai,alwarpet,quick_bite,0,0,0,3,high,excellent,3709,yes,https://www.zomato.com/bangalore/brau-galie-microbrewery-1-koramangala-5th-block-bangalore/info,"84,43,675",741,yes,no,no
Bombay Brasserie,"Modern Indian, Bar Food, Biryani, Kebab, Fast Food, Desserts","₹1,800 for two",1800,4.8,chennai,alwarpet,quick_bite,0,0,0,6,high,excellent,3709,yes,https://www.zomato.com/bangalore/levels-pub-kitchen-jp-nagar-bangalore/info,"84,43,675",741,yes,no,no
Mezze,"Middle Eastern, Mediterranean, Salad","₹1,200 for two",1200,4.7,chennai,t-nagar,quick_bite,0,0,0,3,high,excellent,3709,yes,https://www.zomato.com/bangalore/oyster-bar-kitchen-hsr-bangalore/info,"84,43,675",741,yes,no,no
22 Constanzaa,"Mediterranean, Turkish, Burger, Sandwich, Desserts, Beverages","₹1,700 for two",1700,4.7,chennai,t-nagar,quick_bite,0,0,0,6,high,excellent,3709,yes,https://www.zomato.com/bangalore/roxie-sarjapur-road-bangalore/info,"84,43,675",741,yes,no,no
Sorgam Crimson Chakra,"Biryani, South Indian, Andhra, Kerala","₹1,200 for two",1200,3.9,chennai,t-nagar,quick_bite,0,0,0,4,high,good,3709,yes,https://www.zomato.com/bangalore/blr-brewing-co-hsr-bangalore/info,"84,43,675",741,yes,no,no
Black Orchid,"Sushi, Asian, Pizza, Pasta, Japanese, Desserts, Beverages, Alcoholic Beverages","₹2,500 for two",2500,4.7,chennai,t-nagar,quick_bite,0,0,0,8,high,excellent,3709,yes,https://www.zomato.com/bangalore/shift-lounge-bar-pragathi-nagar-bangalore/info,"84,43,675",741,yes,no,no
Hard Rock Cafe,"American, Continental, Italian, Wraps, Burger, Desserts, Fast Food, Beverages","₹2,000 for two",2000,4.8,chennai,t-nagar,quick_bite,0,0,0,8,high,excellent,3709,yes,https://www.zomato.com/bangalore/gladia-brewery-kitchen-sarjapur-road-bangalore/info,"84,43,675",741,yes,no,no
Bombay Brasserie,"Modern Indian, Bar Food, Biryani, Kebab, Fast Food, Desserts","₹1,800 for two",1800,4.8,chennai,t-nagar,quick_bite,0,0,0,6,high,excellent,3709,yes,https://www.zomato.com/bangalore/shift-lounge-bar-hsr-bangalore/info,"84,43,675",741,yes,no,no
Colony - The Raintree,"Italian, North Indian, South Indian, Continental, Fast Food, Beverages, Desserts","₹3,300 for two",3300,4.4,chennai,t-nagar,quick_bite,0,0,0,7,high,excellent,3709,yes,https://www.zomato.com/bangalore/hoot-craftwork-2-0-1-sarjapur-road-bangalore/info,"84,43,675",741,yes,no,no
Lord of the Drinks,"Italian, Continental, North Indian, Japanese, Desserts, Beverages","₹2,500 for two",2500,4.3,chennai,t-nagar,quick_bite,0,0,0,6,high,excellent,3709,yes,https://www.zomato.com/bangalore/taiki-hsr-bangalore/info,"84,43,675",741,yes,no,no
Firo,"North Indian, Asian, Desserts","₹2,500 for two",2500,4.1,chennai,t-nagar,quick_bite,0,0,0,3,high,excellent,3709,yes,https://www.zomato.com/bangalore/the-biere-club-hsr-bangalore/info,"84,43,675",741,yes,no,no
Bombay Brasserie,"Modern Indian, Bar Food, Biryani, Kebab, Fast Food, Desserts","₹1,800 for two",1800,4.5,chennai,adyar,quick_bite,0,0,0,6,high,excellent,3709,yes,https://www.zomato.com/bangalore/oyster-bar-kitchen-hsr-bangalore/info,"84,43,675",741,yes,no,no
Sorgam Crimson Chakra,"Biryani, South Indian, Andhra, Kerala","₹1,200 for two",1200,3.9,chennai,adyar,quick_bite,0,0,0,4,high,good,3709,yes,https://www.zomato.com/bangalore/roxie-sarjapur-road-bangalore/info,"84,43,675",741,yes,no,no
Firo,"North Indian, Asian, Desserts","₹2,500 for two",2500,4.1,chennai,adyar,quick_bite,0,0,0,3,high,excellent,3709,yes,https://www.zomato.com/bangalore/shift-lounge-bar-hsr-bangalore/info,"84,43,675",741,yes,no,no
Moon Man,"Pizza, Burger, Pasta, Salad, Fast Food","₹1,000 for two",1000,4,chennai,adyar,quick_bite,0,0,0,5,high,excellent,3709,yes,https://www.zomato.com/bangalore/hoot-craftwork-2-0-1-sarjapur-road-bangalore/info,"84,43,675",741,yes,no,no
Arabian Garden Seafood Restaurant,Italian,"₹1,000 for two",1000,3,chennai,adyar,quick_bite,0,0,0,1,high,good,3709,yes,https://www.zomato.com/bangalore/blr-brewing-co-hsr-bangalore/info,"84,43,675",741,yes,no,no
Black Orchid,"Sushi, Asian, Pizza, Pasta, Japanese, Desserts, Beverages, Alcoholic Beverages","₹2,500 for two",2500,4.7,chennai,adyar,quick_bite,0,0,0,8,high,excellent,3709,yes,https://www.zomato.com/bangalore/taiki-hsr-bangalore/info,"84,43,675",741,yes,no,no
22 Constanzaa,"Mediterranean, Turkish, Burger, Sandwich, Desserts, Beverages","₹1,700 for two",1700,4.7,chennai,adyar,quick_bite,0,0,0,6,high,excellent,3709,yes,https://www.zomato.com/bangalore/shift-lounge-bar-pragathi-nagar-bangalore/info,"84,43,675",741,yes,no,no
Mezze,"Middle Eastern, Mediterranean, Salad","₹1,200 for two",1200,4.7,chennai,adyar,quick_bite,0,0,0,3,high,excellent,3709,yes,https://www.zomato.com/bangalore/the-biere-club-hsr-bangalore/info,"84,43,675",741,yes,no,no
Colony - The Raintree,"Italian, North Indian, South Indian, Continental, Fast Food, Beverages, Desserts","₹3,300 for two",3300,4.4,chennai,adyar,quick_bite,0,0,0,7,high,excellent,3709,yes,https://www.zomato.com/bangalore/gladia-brewery-kitchen-sarjapur-road-bangalore/info,"84,43,675",741,yes,no,no
Bayroot,"North Indian, Chinese, Oriental, Arabian, Sushi, Pasta, Desserts","₹2,000 for two",2000,4.6,chennai,velachery,quick_bite,0,0,0,7,high,excellent,3709,yes,https://www.zomato.com/chennai/zhouyu-ecr-a-chinese-asian-kitchen-east-coast-road-ecr/info,"84,43,675",741,yes,no,no
Pause Bar & Kitchen,"Continental, Italian, Oriental, North Indian, Chinese, Pizza, Seafood, Mexican","₹3,300 for two",3300,4.1,chennai,velachery,quick_bite,0,0,0,8,high,excellent,3709,yes,https://www.zomato.com/chennai/crazy-ivan-resto-lounge-thuraipakkam/info,"84,43,675",741,yes,no,no
Arabian Garden Seafood Restaurant,Italian,"₹1,000 for two",1000,3,chennai,velachery,quick_bite,0,0,0,1,high,good,3709,yes,https://www.zomato.com/chennai/bayroot-palavakkam/info,"84,43,675",741,yes,no,no
East Coast At Madras Square,"Salad, Continental, North Indian, Italian, Asian, Beverages","₹1,500 for two",1500,4.8,chennai,velachery,quick_bite,0,0,0,6,high,excellent,3709,yes,https://www.zomato.com/chennai/vgp-annachis-kitchen-since-1974-injambakkam/info,"84,43,675",741,yes,no,no
The Fisherman's Wharf,"Seafood, Continental, North Indian, Asian, Goan, Salad, Desserts","₹1,600 for two",1600,4.6,chennai,velachery,quick_bite,0,0,0,7,high,excellent,3709,yes,https://www.zomato.com/chennai/booze-republic-sholinganallur/info,"84,43,675",741,yes,no,no
Copper Chimney,"North Indian, Mughlai, Biryani, Kebab, Desserts, Beverages","₹1,600 for two",1600,4.5,chennai,velachery,quick_bite,0,0,0,6,high,excellent,3709,yes,https://www.zomato.com/chennai/pause-bar-kitchen-perungudi/info,"84,43,675",741,yes,no,no
The Living Room Signature,"Asian, Japanese, Continental","₹3,400 for two",3400,4.5,chennai,velachery,quick_bite,0,0,0,3,high,excellent,3709,yes,https://www.zomato.com/chennai/macaw-by-stories-sholinganallur/info,"84,43,675",741,yes,no,no
Vasco's - Hilton Chennai,"North Indian, Continental, Asian, Italian, Beverages, Desserts","₹4,200 for two",4200,4.4,chennai,velachery,quick_bite,0,0,0,6,high,excellent,3709,yes,https://www.zomato.com/chennai/the-black-pearl-1-sholinganallur/info,"84,43,675",741,yes,no,no
The Bistrograph,"Cafe, Coffee, Italian, Pizza, Continental, Desserts, Shake, Beverages","₹1,300 for two",1300,4.5,chennai,velachery,quick_bite,0,0,0,8,high,excellent,3709,yes,https://www.zomato.com/chennai/the-beach-terrace-bay-bar-kitchen-injambakkam/info,"84,43,675",741,yes,no,no
Hard Rock Cafe,"American, Continental, Italian, Wraps, Burger, Desserts, Fast Food, Beverages","₹2,000 for two",2000,4.8,chennai,nungambakkam,quick_bite,0,0,0,8,high,excellent,3709,yes,https://www.zomato.com/chennai/zhouyu-ecr-a-chinese-asian-kitchen-east-coast-road-ecr/info,"84,43,675",741,yes,no,no
Bombay Brasserie,"Modern Indian, Bar Food, Biryani, Kebab, Fast Food, Desserts","₹1,800 for two",1800,4.8,chennai,nungambakkam,quick_bite,0,0,0,6,high,excellent,3709,yes,https://www.zomato.com/chennai/crazy-ivan-resto-lounge-thuraipakkam/info,"84,43,675",741,yes,no,no
Lord of the Drinks,"Italian, Continental, North Indian, Japanese, Desserts, Beverages","₹2,500 for two",2500,4.3,chennai,nungambakkam,quick_bite,0,0,0,6,high,excellent,3709,yes,https://www.zomato.com/chennai/pause-bar-kitchen-perungudi/info,"84,43,675",741,yes,no,no
Shaack,"Asian, Continental, Italian, South Indian, Desserts, Beverages, Sichuan","₹1,100 for two",1100,4.1,chennai,nungambakkam,quick_bite,0,0,0,7,high,excellent,3709,yes,https://www.zomato.com/chennai/macaw-by-stories-sholinganallur/info,"84,43,675",741,yes,no,no
Mezze,"Middle Eastern, Mediterranean, Salad","₹1,200 for two",1200,4.7,chennai,nungambakkam,quick_bite,0,0,0,3,high,excellent,3709,yes,https://www.zomato.com/chennai/bayroot-palavakkam/info,"84,43,675",741,yes,no,no
22 Constanzaa,"Mediterranean, Turkish, Burger, Sandwich, Desserts, Beverages","₹1,700 for two",1700,4.7,chennai,nungambakkam,quick_bite,0,0,0,6,high,excellent,3709,yes,https://www.zomato.com/chennai/the-black-pearl-1-sholinganallur/info,"84,43,675",741,yes,no,no
Brasa,"Continental, Bar Food","₹2,800 for two",2800,4.5,chennai,nungambakkam,quick_bite,0,0,0,2,high,excellent,3709,yes,https://www.zomato.com/chennai/vgp-annachis-kitchen-since-1974-injambakkam/info,"84,43,675",741,yes,no,no
Black Orchid,"Sushi, Asian, Pizza, Pasta, Japanese, Desserts, Beverages, Alcoholic Beverages","₹2,500 for two",2500,4.7,chennai,nungambakkam,quick_bite,0,0,0,8,high,excellent,3709,yes,https://www.zomato.com/chennai/the-beach-terrace-bay-bar-kitchen-injambakkam/info,"84,43,675",741,yes,no,no
Take 2,"North Indian, Chinese, Continental, Bar Food","₹1,700 for two",1700,4.4,chennai,nungambakkam,quick_bite,0,0,0,4,high,excellent,3709,yes,https://www.zomato.com/chennai/booze-republic-sholinganallur/info,"84,43,675",741,yes,no,no
Cream Centre - Vegetarian Legacy Since 1958,"Continental, Mexican, Oriental, Italian, Chinese, North Indian, Desserts, Beverages","₹1,200 for two",1200,4.4,chennai,anna-nagar-east,quick_bite,0,0,0,8,high,excellent,3709,yes,https://www.zomato.com/chennai/hard-rock-cafe-nungambakkam/info,"84,43,675",741,yes,no,no
Shaack,"Asian, Continental, Italian, South Indian, Desserts, Beverages, Sichuan","₹1,100 for two",1100,4.1,chennai,anna-nagar-east,quick_bite,0,0,0,7,high,excellent,3709,yes,https://www.zomato.com/chennai/go-native-alwarpet/info,"84,43,675",741,yes,no,no
Ciclo Cafe,"Cafe, Italian, Continental","₹1,500 for two",1500,4.3,chennai,anna-nagar-east,quick_bite,0,0,0,3,high,excellent,3709,yes,https://www.zomato.com/chennai/chap-chay-the-raintree-alwarpet/info,"84,43,675",741,yes,no,no
Hard Rock Cafe,"American, Continental, Italian, Wraps, Burger, Desserts, Fast Food, Beverages","₹2,000 for two",2000,4.8,chennai,anna-nagar-east,quick_bite,0,0,0,8,high,excellent,3709,yes,https://www.zomato.com/chennai/bombay-brasserie-nungambakkam/info,"84,43,675",741,yes,no,no
Bombay Brasserie,"Modern Indian, Bar Food, Biryani, Kebab, Fast Food, Desserts","₹1,800 for two",1800,4.8,chennai,anna-nagar-east,quick_bite,0,0,0,6,high,excellent,3709,yes,https://www.zomato.com/chennai/the-coastal-taste-family-restaurant-santhome/info,"84,43,675",741,yes,no,no
Lord of the Drinks,"Italian, Continental, North Indian, Japanese, Desserts, Beverages","₹2,500 for two",2500,4.3,chennai,anna-nagar-east,quick_bite,0,0,0,6,high,excellent,3709,yes,https://www.zomato.com/chennai/black-orchid-ra-puram/info,"84,43,675",741,yes,no,no
Cafe Yelove,"Cafe, Salad, Italian",₹800 for two,800,3.3,chennai,anna-nagar-east,quick_bite,0,0,0,3,high,good,3709,yes,https://www.zomato.com/chennai/the-empire-restaurant-royapettah/info,"84,43,675",741,yes,no,no
Brasa,"Continental, Bar Food","₹2,800 for two",2800,4.5,chennai,anna-nagar-east,quick_bite,0,0,0,2,high,excellent,3709,yes,https://www.zomato.com/chennai/sorgam-crimson-chakra-adyar/info,"84,43,675",741,yes,no,no
Take 2,"North Indian, Chinese, Continental, Bar Food","₹1,700 for two",1700,4.4,chennai,anna-nagar-east,quick_bite,0,0,0,4,high,excellent,3709,yes,https://www.zomato.com/chennai/mezze-alwarpet/info,"84,43,675",741,yes,no,no
Roma's Café Diner,"Cafe, Continental, North Indian, Italian, Asian, Fast Food, Beverages, Sichuan","₹1,200 for two",1200,4.6,varanasi,lanka,quick_bite,0,0,1,8,high,excellent,3709,yes,https://www.zomato.com/chennai/hard-rock-cafe-nungambakkam/info,"84,43,675",741,yes,no,no
Charcoal Fine Dining,"North Indian, Continental, Chinese, Fast Food, Desserts, Beverages, Oriental, Kebab","₹1,100 for two",1100,4.4,varanasi,lanka,quick_bite,0,0,0,8,high,excellent,3709,yes,https://www.zomato.com/chennai/go-native-alwarpet/info,"84,43,675",741,yes,no,no
The Hazelnut Factory,"Bakery, Fusion, Fast Food, Desserts, Chinese, Tea, Shake, Beverages","₹1,200 for two",1200,4.5,varanasi,lanka,quick_bite,0,0,0,8,high,excellent,3709,yes,https://www.zomato.com/chennai/black-orchid-ra-puram/info,"84,43,675",741,yes,no,no
Mysteria,"North Indian, Chinese, Italian, Burger, Fast Food, Desserts, Shake, Juices","₹1,000 for two",1000,4.6,varanasi,lanka,quick_bite,0,0,0,8,high,excellent,3709,yes,https://www.zomato.com/chennai/the-empire-restaurant-royapettah/info,"84,43,675",741,yes,no,no
Ganga Teere by Guleria Kothi Hotel,"North Indian, Continental","₹1,500 for two",1500,3.9,varanasi,lanka,quick_bite,0,0,0,2,high,good,3709,yes,https://www.zomato.com/chennai/chap-chay-the-raintree-alwarpet/info,"84,43,675",741,yes,no,no
The Taste Factory,"North Indian, Chinese, Mughlai, Oriental, Italian, Desserts, Beverages, BBQ","₹1,300 for two",1300,4.6,varanasi,lanka,quick_bite,0,0,0,8,high,excellent,3709,yes,https://www.zomato.com/chennai/sorgam-crimson-chakra-adyar/info,"84,43,675",741,yes,no,no
The Vibe,"North Indian, Chinese, Fast Food, Oriental, Mediterranean, Alcoholic Beverages, Italian, Beverages","₹1,500 for two",1500,4.8,varanasi,lanka,quick_bite,0,0,0,8,high,excellent,3709,yes,https://www.zomato.com/chennai/bombay-brasserie-nungambakkam/info,"84,43,675",741,yes,no,no
Roots Varanasi,"North Indian, Mughlai, Kebab, Biryani, Asian, Continental, Sushi, Desserts","₹1,200 for two",1200,4.1,varanasi,lanka,quick_bite,0,0,0,8,high,excellent,3709,yes,https://www.zomato.com/chennai/mezze-alwarpet/info,"84,43,675",741,yes,no,no
GARICOCO,"North Indian, Mexican, Chinese, Fast Food, Desserts, Beverages","₹1,500 for two",1500,4.4,varanasi,lanka,quick_bite,0,0,0,6,high,excellent,3709,yes,https://www.zomato.com/chennai/the-coastal-taste-family-restaurant-santhome/info,"84,43,675",741,yes,no,no
Roma's Café Diner,"Cafe, Continental, North Indian, Italian, Asian, Fast Food, Beverages, Sichuan","₹1,200 for two",1200,4.6,varanasi,sigra,quick_bite,0,0,1,8,high,excellent,3709,yes,https://www.zomato.com/chennai/go-native-alwarpet/info,"84,43,675",741,yes,no,no
Pizzeria Vatika Cafe,"Italian, Desserts, Beverages, Pizza","₹1,400 for two",1400,4.8,varanasi,sigra,quick_bite,0,0,0,4,high,excellent,3709,yes,https://www.zomato.com/chennai/hard-rock-cafe-nungambakkam/info,"84,43,675",741,yes,no,no
Charcoal Fine Dining,"North Indian, Continental, Chinese, Fast Food, Desserts, Beverages, Oriental, Kebab","₹1,100 for two",1100,4.4,varanasi,sigra,quick_bite,0,0,0,8,high,excellent,3709,yes,https://www.zomato.com/chennai/chap-chay-the-raintree-alwarpet/info,"84,43,675",741,yes,no,no
The Luxury Lounge By Sunsutra,"Continental, Chinese, Mediterranean, Mexican, North Indian","₹1,000 for two",1000,4.3,varanasi,sigra,quick_bite,0,0,0,5,high,excellent,3709,yes,https://www.zomato.com/chennai/black-orchid-ra-puram/info,"84,43,675",741,yes,no,no
The Hazelnut Factory,"Bakery, Fusion, Fast Food, Desserts, Chinese, Tea, Shake, Beverages","₹1,200 for two",1200,4.5,varanasi,sigra,quick_bite,0,0,0,8,high,excellent,3709,yes,https://www.zomato.com/chennai/mezze-alwarpet/info,"84,43,675",741,yes,no,no
Mysteria,"North Indian, Chinese, Italian, Burger, Fast Food, Desserts, Shake, Juices","₹1,000 for two",1000,4.6,varanasi,sigra,quick_bite,0,0,0,8,high,excellent,3709,yes,https://www.zomato.com/chennai/sorgam-crimson-chakra-adyar/info,"84,43,675",741,yes,no,no
Ganga Teere by Guleria Kothi Hotel,"North Indian, Continental","₹1,500 for two",1500,3.9,varanasi,sigra,quick_bite,0,0,0,2,high,good,3709,yes,https://www.zomato.com/chennai/bombay-brasserie-nungambakkam/info,"84,43,675",741,yes,no,no
The Taste Factory,"North Indian, Chinese, Mughlai, Oriental, Italian, Desserts, Beverages, BBQ","₹1,300 for two",1300,4.6,varanasi,sigra,quick_bite,0,0,0,8,high,excellent,3709,yes,https://www.zomato.com/chennai/the-coastal-taste-family-restaurant-santhome/info,"84,43,675",741,yes,no,no
The Vibe,"North Indian, Chinese, Fast Food, Oriental, Mediterranean, Alcoholic Beverages, Italian, Beverages","₹1,500 for two",1500,4.8,varanasi,sigra,quick_bite,0,0,0,8,high,excellent,3709,yes,https://www.zomato.com/chennai/lord-of-the-drinks-nungambakkam/info,"84,43,675",741,yes,no,no
Roma's Café Diner,"Cafe, Continental, North Indian, Italian, Asian, Fast Food, Beverages, Sichuan","₹1,200 for two",1200,4.6,varanasi,bhelupur,quick_bite,0,0,1,8,high,excellent,3709,yes,https://www.zomato.com/chennai/go-native-alwarpet/info,"84,43,675",741,yes,no,no
Pizzeria Vatika Cafe,"Italian, Desserts, Beverages, Pizza","₹1,400 for two",1400,4.8,varanasi,bhelupur,quick_bite,0,0,0,4,high,excellent,3709,yes,https://www.zomato.com/chennai/hard-rock-cafe-nungambakkam/info,"84,43,675",741,yes,no,no
Charcoal Fine Dining,"North Indian, Continental, Chinese, Fast Food, Desserts, Beverages, Oriental, Kebab","₹1,100 for two",1100,4.4,varanasi,bhelupur,quick_bite,0,0,0,8,high,excellent,3709,yes,https://www.zomato.com/chennai/sorgam-crimson-chakra-adyar/info,"84,43,675",741,yes,no,no
The Luxury Lounge By Sunsutra,"Continental, Chinese, Mediterranean, Mexican, North Indian","₹1,000 for two",1000,4.3,varanasi,bhelupur,quick_bite,0,0,0,5,high,excellent,3709,yes,https://www.zomato.com/chennai/bombay-brasserie-nungambakkam/info,"84,43,675",741,yes,no,no
The Hazelnut Factory,"Bakery, Fusion, Fast Food, Desserts, Chinese, Tea, Shake, Beverages","₹1,200 for two",1200,4.5,varanasi,bhelupur,quick_bite,0,0,0,8,high,excellent,3709,yes,https://www.zomato.com/chennai/chap-chay-the-raintree-alwarpet/info,"84,43,675",741,yes,no,no
Mysteria,"North Indian, Chinese, Italian, Burger, Fast Food, Desserts, Shake, Juices","₹1,000 for two",1000,4.6,varanasi,bhelupur,quick_bite,0,0,0,8,high,excellent,3709,yes,https://www.zomato.com/chennai/the-coastal-taste-family-restaurant-santhome/info,"84,43,675",741,yes,no,no
Ganga Teere by Guleria Kothi Hotel,"North Indian, Continental","₹1,500 for two",1500,3.9,varanasi,bhelupur,quick_bite,0,0,0,2,high,good,3709,yes,https://www.zomato.com/chennai/black-orchid-ra-puram/info,"84,43,675",741,yes,no,no
The Taste Factory,"North Indian, Chinese, Mughlai, Oriental, Italian, Desserts, Beverages, BBQ","₹1,300 for two",1300,4.6,varanasi,bhelupur,quick_bite,0,0,0,8,high,excellent,3709,yes,https://www.zomato.com/chennai/lord-of-the-drinks-nungambakkam/info,"84,43,675",741,yes,no,no
The Vibe,"North Indian, Chinese, Fast Food, Oriental, Mediterranean, Alcoholic Beverages, Italian, Beverages","₹1,500 for two",1500,4.8,varanasi,bhelupur,quick_bite,0,0,0,8,high,excellent,3709,yes,https://www.zomato.com/chennai/mezze-alwarpet/info,"84,43,675",741,yes,no,no
Roma's Café Diner,"Cafe, Continental, North Indian, Italian, Asian, Fast Food, Beverages, Sichuan","₹1,200 for two",1200,4.6,varanasi,assi-ghat,quick_bite,0,0,1,8,high,excellent,3709,yes,https://www.zomato.com/chennai/hard-rock-cafe-nungambakkam/info,"84,43,675",741,yes,no,no
Charcoal Fine Dining,"North Indian, Continental, Chinese, Fast Food, Desserts, Beverages, Oriental, Kebab","₹1,100 for two",1100,4.4,varanasi,assi-ghat,quick_bite,0,0,0,8,high,excellent,3709,yes,https://www.zomato.com/chennai/go-native-alwarpet/info,"84,43,675",741,yes,no,no
The Luxury Lounge By Sunsutra,"Continental, Chinese, Mediterranean, Mexican, North Indian","₹1,000 for two",1000,4.3,varanasi,assi-ghat,quick_bite,0,0,0,5,high,excellent,3709,yes,https://www.zomato.com/chennai/chap-chay-the-raintree-alwarpet/info,"84,43,675",741,yes,no,no
The Hazelnut Factory,"Bakery, Fusion, Fast Food, Desserts, Chinese, Tea, Shake, Beverages","₹1,200 for two",1200,4.5,varanasi,assi-ghat,quick_bite,0,0,0,8,high,excellent,3709,yes,https://www.zomato.com/chennai/black-orchid-ra-puram/info,"84,43,675",741,yes,no,no
Mysteria,"North Indian, Chinese, Italian, Burger, Fast Food, Desserts, Shake, Juices","₹1,000 for two",1000,4.6,varanasi,assi-ghat,quick_bite,0,0,0,8,high,excellent,3709,yes,https://www.zomato.com/chennai/bombay-brasserie-nungambakkam/info,"84,43,675",741,yes,no,no
Ganga Teere by Guleria Kothi Hotel,"North Indian, Continental","₹1,500 for two",1500,3.9,varanasi,assi-ghat,quick_bite,0,0,0,2,high,good,3709,yes,https://www.zomato.com/chennai/mezze-alwarpet/info,"84,43,675",741,yes,no,no
The Taste Factory,"North Indian, Chinese, Mughlai, Oriental, Italian, Desserts, Beverages, BBQ","₹1,300 for two",1300,4.6,varanasi,assi-ghat,quick_bite,0,0,0,8,high,excellent,3709,yes,https://www.zomato.com/chennai/sorgam-crimson-chakra-adyar/info,"84,43,675",741,yes,no,no
The Vibe,"North Indian, Chinese, Fast Food, Oriental, Mediterranean, Alcoholic Beverages, Italian, Beverages","₹1,500 for two",1500,4.8,varanasi,assi-ghat,quick_bite,0,0,0,8,high,excellent,3709,yes,https://www.zomato.com/chennai/lord-of-the-drinks-nungambakkam/info,"84,43,675",741,yes,no,no
Roots Varanasi,"North Indian, Mughlai, Kebab, Biryani, Asian, Continental, Sushi, Desserts","₹1,200 for two",1200,4.1,varanasi,assi-ghat,quick_bite,0,0,0,8,high,excellent,3709,yes,https://www.zomato.com/chennai/lmu-resto-bar-lets-meet-up-royapettah/info,"84,43,675",741,yes,no,no
Roma's Café Diner,"Cafe, Continental, North Indian, Italian, Asian, Fast Food, Beverages, Sichuan","₹1,200 for two",1200,4.6,varanasi,chetganj,quick_bite,0,0,1,8,high,excellent,3709,yes,https://www.zomato.com/chennai/hard-rock-cafe-nungambakkam/info,"84,43,675",741,yes,no,no
Pizzeria Vatika Cafe,"Italian, Desserts, Beverages, Pizza","₹1,400 for two",1400,4.8,varanasi,chetganj,quick_bite,0,0,0,4,high,excellent,3709,yes,https://www.zomato.com/chennai/go-native-alwarpet/info,"84,43,675",741,yes,no,no
Charcoal Fine Dining,"North Indian, Continental, Chinese, Fast Food, Desserts, Beverages, Oriental, Kebab","₹1,100 for two",1100,4.4,varanasi,chetganj,quick_bite,0,0,0,8,high,excellent,3709,yes,https://www.zomato.com/chennai/mezze-alwarpet/info,"84,43,675",741,yes,no,no
The Luxury Lounge By Sunsutra,"Continental, Chinese, Mediterranean, Mexican, North Indian","₹1,000 for two",1000,4.3,varanasi,chetganj,quick_bite,0,0,0,5,high,excellent,3709,yes,https://www.zomato.com/chennai/sorgam-crimson-chakra-adyar/info,"84,43,675",741,yes,no,no
The Hazelnut Factory,"Bakery, Fusion, Fast Food, Desserts, Chinese, Tea, Shake, Beverages","₹1,200 for two",1200,4.5,varanasi,chetganj,quick_bite,0,0,0,8,high,excellent,3709,yes,https://www.zomato.com/chennai/chap-chay-the-raintree-alwarpet/info,"84,43,675",741,yes,no,no
Mysteria,"North Indian, Chinese, Italian, Burger, Fast Food, Desserts, Shake, Juices","₹1,000 for two",1000,4.6,varanasi,chetganj,quick_bite,0,0,0,8,high,excellent,3709,yes,https://www.zomato.com/chennai/lord-of-the-drinks-nungambakkam/info,"84,43,675",741,yes,no,no
Ganga Teere by Guleria Kothi Hotel,"North Indian, Continental","₹1,500 for two",1500,3.9,varanasi,chetganj,quick_bite,0,0,0,2,high,good,3709,yes,https://www.zomato.com/chennai/black-orchid-ra-puram/info,"84,43,675",741,yes,no,no
The Taste Factory,"North Indian, Chinese, Mughlai, Oriental, Italian, Desserts, Beverages, BBQ","₹1,300 for two",1300,4.6,varanasi,chetganj,quick_bite,0,0,0,8,high,excellent,3709,yes,https://www.zomato.com/chennai/lmu-resto-bar-lets-meet-up-royapettah/info,"84,43,675",741,yes,no,no
The Vibe,"North Indian, Chinese, Fast Food, Oriental, Mediterranean, Alcoholic Beverages, Italian, Beverages","₹1,500 for two",1500,4.8,varanasi,chetganj,quick_bite,0,0,0,8,high,excellent,3709,yes,https://www.zomato.com/chennai/bombay-brasserie-nungambakkam/info,"84,43,675",741,yes,no,no
Farzi Cafe,"Cafe, Coffee, North Indian, Chinese, Seafood, Italian, Desserts, Beverages","₹1,500 for two",1500,4.7,varanasi,nadesar,quick_bite,0,0,0,8,high,excellent,3709,yes,https://www.zomato.com/chennai/black-orchid-ra-puram/info,"84,43,675",741,yes,no,no
Pizzeria Vatika Cafe,"Italian, Desserts, Beverages, Pizza","₹1,400 for two",1400,4.8,varanasi,nadesar,quick_bite,0,0,0,4,high,excellent,3709,yes,https://www.zomato.com/chennai/chap-chay-the-raintree-alwarpet/info,"84,43,675",741,yes,no,no
Charcoal Fine Dining,"North Indian, Continental, Chinese, Fast Food, Desserts, Beverages, Oriental, Kebab","₹1,100 for two",1100,4.4,varanasi,nadesar,quick_bite,0,0,0,8,high,excellent,3709,yes,https://www.zomato.com/chennai/the-coastal-taste-family-restaurant-santhome/info,"84,43,675",741,yes,no,no
The Luxury Lounge By Sunsutra,"Continental, Chinese, Mediterranean, Mexican, North Indian","₹1,000 for two",1000,4.3,varanasi,nadesar,quick_bite,0,0,0,5,high,excellent,3709,yes,https://www.zomato.com/chennai/arabian-garden-seafood-restaurant-adyar/info,"84,43,675",741,yes,no,no
Mysteria,"North Indian, Chinese, Italian, Burger, Fast Food, Desserts, Shake, Juices","₹1,000 for two",1000,4.6,varanasi,nadesar,quick_bite,0,0,0,8,high,excellent,3709,yes,https://www.zomato.com/chennai/sorgam-crimson-chakra-adyar/info,"84,43,675",741,yes,no,no
Ganga Teere by Guleria Kothi Hotel,"North Indian, Continental","₹1,500 for two",1500,3.9,varanasi,nadesar,quick_bite,0,0,0,2,high,good,3709,yes,https://www.zomato.com/chennai/go-native-alwarpet/info,"84,43,675",741,yes,no,no
The Taste Factory,"North Indian, Chinese, Mughlai, Oriental, Italian, Desserts, Beverages, BBQ","₹1,300 for two",1300,4.6,varanasi,nadesar,quick_bite,0,0,0,8,high,excellent,3709,yes,https://www.zomato.com/chennai/mezze-alwarpet/info,"84,43,675",741,yes,no,no
The Vibe,"North Indian, Chinese, Fast Food, Oriental, Mediterranean, Alcoholic Beverages, Italian, Beverages","₹1,500 for two",1500,4.8,varanasi,nadesar,quick_bite,0,0,0,8,high,excellent,3709,yes,https://www.zomato.com/chennai/china-xo-the-leela-palace-mrc-nagar/info,"84,43,675",741,yes,no,no
GARICOCO,"North Indian, Mexican, Chinese, Fast Food, Desserts, Beverages","₹1,500 for two",1500,4.4,varanasi,nadesar,quick_bite,0,0,0,6,high,excellent,3709,yes,https://www.zomato.com/chennai/pause-bar-kitchen-perungudi/info,"84,43,675",741,yes,no,no
Roma's Café Diner,"Cafe, Continental, North Indian, Italian, Asian, Fast Food, Beverages, Sichuan","₹1,200 for two",1200,4.6,varanasi,dashaswmedh-road,quick_bite,0,0,1,8,high,excellent,3709,yes,https://www.zomato.com/chennai/black-orchid-ra-puram/info,"84,43,675",741,yes,no,no
Pizzeria Vatika Cafe,"Italian, Desserts, Beverages, Pizza","₹1,400 for two",1400,4.8,varanasi,dashaswmedh-road,quick_bite,0,0,0,4,high,excellent,3709,yes,https://www.zomato.com/chennai/chap-chay-the-raintree-alwarpet/info,"84,43,675",741,yes,no,no
Charcoal Fine Dining,"North Indian, Continental, Chinese, Fast Food, Desserts, Beverages, Oriental, Kebab","₹1,100 for two",1100,4.4,varanasi,dashaswmedh-road,quick_bite,0,0,0,8,high,excellent,3709,yes,https://www.zomato.com/chennai/go-native-alwarpet/info,"84,43,675",741,yes,no,no
The Luxury Lounge By Sunsutra,"Continental, Chinese, Mediterranean, Mexican, North Indian","₹1,000 for two",1000,4.3,varanasi,dashaswmedh-road,quick_bite,0,0,0,5,high,excellent,3709,yes,https://www.zomato.com/chennai/mezze-alwarpet/info,"84,43,675",741,yes,no,no
The Hazelnut Factory,"Bakery, Fusion, Fast Food, Desserts, Chinese, Tea, Shake, Beverages","₹1,200 for two",1200,4.5,varanasi,dashaswmedh-road,quick_bite,0,0,0,8,high,excellent,3709,yes,https://www.zomato.com/chennai/the-coastal-taste-family-restaurant-santhome/info,"84,43,675",741,yes,no,no
Mysteria,"North Indian, Chinese, Italian, Burger, Fast Food, Desserts, Shake, Juices","₹1,000 for two",1000,4.6,varanasi,dashaswmedh-road,quick_bite,0,0,0,8,high,excellent,3709,yes,https://www.zomato.com/chennai/china-xo-the-leela-palace-mrc-nagar/info,"84,43,675",741,yes,no,no
Ganga Teere by Guleria Kothi Hotel,"North Indian, Continental","₹1,500 for two",1500,3.9,varanasi,dashaswmedh-road,quick_bite,0,0,0,2,high,good,3709,yes,https://www.zomato.com/chennai/arabian-garden-seafood-restaurant-adyar/info,"84,43,675",741,yes,no,no
The Taste Factory,"North Indian, Chinese, Mughlai, Oriental, Italian, Desserts, Beverages, BBQ","₹1,300 for two",1300,4.6,varanasi,dashaswmedh-road,quick_bite,0,0,0,8,high,excellent,3709,yes,https://www.zomato.com/chennai/pause-bar-kitchen-perungudi/info,"84,43,675",741,yes,no,no
The Vibe,"North Indian, Chinese, Fast Food, Oriental, Mediterranean, Alcoholic Beverages, Italian, Beverages","₹1,500 for two",1500,4.8,varanasi,dashaswmedh-road,quick_bite,0,0,0,8,high,excellent,3709,yes,https://www.zomato.com/chennai/sorgam-crimson-chakra-adyar/info,"84,43,675",741,yes,no,no
Roma's Café Diner,"Cafe, Continental, North Indian, Italian, Asian, Fast Food, Beverages, Sichuan","₹1,200 for two",1200,4.6,varanasi,mahmoorganj,quick_bite,0,0,1,8,high,excellent,3709,yes,https://www.zomato.com/chennai/pause-bar-kitchen-perungudi/info,"67,48,026",426,yes,no,no
Pizzeria Vatika Cafe,"Italian, Desserts, Beverages, Pizza","₹1,400 for two",1400,4.8,varanasi,mahmoorganj,quick_bite,0,0,0,4,high,excellent,3709,yes,https://www.zomato.com/chennai/bayroot-palavakkam/info,"67,48,026",426,yes,no,no
Charcoal Fine Dining,"North Indian, Continental, Chinese, Fast Food, Desserts, Beverages, Oriental, Kebab","₹1,100 for two",1100,4.4,varanasi,mahmoorganj,quick_bite,0,0,0,8,high,excellent,3709,yes,https://www.zomato.com/chennai/arabian-garden-seafood-restaurant-adyar/info,"67,48,026",426,yes,no,no
The Luxury Lounge By Sunsutra,"Continental, Chinese, Mediterranean, Mexican, North Indian","₹1,000 for two",1000,4.3,varanasi,mahmoorganj,quick_bite,0,0,0,5,high,excellent,3709,yes,https://www.zomato.com/chennai/east-coast-at-madras-square-neelangarai/info,"67,48,026",426,yes,no,no
The Hazelnut Factory,"Bakery, Fusion, Fast Food, Desserts, Chinese, Tea, Shake, Beverages","₹1,200 for two",1200,4.5,varanasi,mahmoorganj,quick_bite,0,0,0,8,high,excellent,3709,yes,https://www.zomato.com/chennai/the-fishermans-wharf-3-thuraipakkam/info,"67,48,026",426,yes,no,no
Mysteria,"North Indian, Chinese, Italian, Burger, Fast Food, Desserts, Shake, Juices","₹1,000 for two",1000,4.6,varanasi,mahmoorganj,quick_bite,0,0,0,8,high,excellent,3709,yes,https://www.zomato.com/chennai/madras-pavilion-itc-grand-chola-guindy/info,"67,48,026",426,yes,no,no
Ganga Teere by Guleria Kothi Hotel,"North Indian, Continental","₹1,500 for two",1500,3.9,varanasi,mahmoorganj,quick_bite,0,0,0,2,high,good,3709,yes,https://www.zomato.com/chennai/copper-chimney-1-velachery/info,"67,48,026",426,yes,no,no
The Taste Factory,"North Indian, Chinese, Mughlai, Oriental, Italian, Desserts, Beverages, BBQ","₹1,300 for two",1300,4.6,varanasi,mahmoorganj,quick_bite,0,0,0,8,high,excellent,3709,yes,https://www.zomato.com/chennai/the-bistrograph-1-adyar/info,"67,48,026",426,yes,no,no
The Vibe,"North Indian, Chinese, Fast Food, Oriental, Mediterranean, Alcoholic Beverages, Italian, Beverages","₹1,500 for two",1500,4.8,varanasi,mahmoorganj,quick_bite,0,0,0,8,high,excellent,3709,yes,https://www.zomato.com/chennai/vascos-hilton-chennai-guindy/info,"67,48,026",426,yes,no,no
Zam Zam Palayam,"Arabian, Biryani, Chinese, Mandi, South Indian, North Indian, Shake, Desserts",₹800 for two,800,4.5,trivandrum,kannanthura,quick_bite,0,0,0,8,high,excellent,3709,yes,https://www.zomato.com/chennai/pause-bar-kitchen-perungudi/info,"67,48,026",426,yes,no,no
Villa Maya,"North Indian, Seafood, South Indian, Desserts","₹2,200 for two",2200,4.9,trivandrum,kannanthura,quick_bite,0,0,0,4,high,excellent,3709,yes,https://www.zomato.com/chennai/bayroot-palavakkam/info,"67,48,026",426,yes,no,no
Bumi,"Asian, Modern Indian, Mediterranean, Alcoholic Beverages","₹2,000 for two",2000,,trivandrum,kannanthura,quick_bite,0,0,0,4,high,,3709,yes,https://www.zomato.com/chennai/madras-pavilion-itc-grand-chola-guindy/info,"67,48,026",426,yes,no,no
Garden Grille And Bar,"Salad, Pasta, Desserts, North Indian, South Indian, Kerala, Oriental, Chinese","₹1,800 for two",1800,4.5,trivandrum,kannanthura,quick_bite,0,0,0,8,high,excellent,3709,yes,https://www.zomato.com/chennai/copper-chimney-1-velachery/info,"67,48,026",426,yes,no,no
Burj Al Mandi,"Biryani, Chinese, North Indian, Mughlai, Kebab, Sichuan, Arabian, Middle Eastern",₹550 for two,550,4.1,trivandrum,kannanthura,quick_bite,0,0,0,8,high,excellent,3709,yes,https://www.zomato.com/chennai/arabian-garden-seafood-restaurant-adyar/info,"67,48,026",426,yes,no,no
Barbeque Nation,"North Indian, BBQ, Kebab, Biryani","₹2,000 for two",2000,4.5,trivandrum,kannanthura,quick_bite,0,0,0,4,high,excellent,3709,yes,https://www.zomato.com/chennai/the-bistrograph-1-adyar/info,"67,48,026",426,yes,no,no
Le Lumiere Restaurant,"South Indian, North Indian, Chinese, Biryani, Ice Cream, Beverages, Shake, Sichuan",₹600 for two,600,4.3,trivandrum,kannanthura,quick_bite,0,0,0,8,high,excellent,3709,yes,https://www.zomato.com/chennai/east-coast-at-madras-square-neelangarai/info,"67,48,026",426,yes,no,no
Hanami,"Chinese, Asian, Rolls, Desserts","₹1,000 for two",1000,4.1,trivandrum,kannanthura,quick_bite,0,0,0,4,high,excellent,3709,yes,https://www.zomato.com/chennai/vascos-hilton-chennai-guindy/info,"67,48,026",426,yes,no,no
Taco Bell,"Street Food, Fast Food, Mexican",₹350 for two,350,4.4,trivandrum,kannanthura,quick_bite,0,0,0,3,medium,excellent,3709,yes,https://www.zomato.com/chennai/the-fishermans-wharf-3-thuraipakkam/info,"67,48,026",426,yes,no,no
Zam Zam Restaurant,"Arabian, Biryani, Chinese, Mandi, South Indian, North Indian, Shake, Desserts",₹700 for two,700,4.5,trivandrum,kazhakkoottam,quick_bite,0,0,0,8,high,excellent,3709,yes,https://www.zomato.com/chennai/hard-rock-cafe-nungambakkam/info,"67,48,026",426,yes,no,no
BLND,"South Indian, North Indian, Continental, Asian, Bar Food, Beverages","₹1,000 for two",1000,,trivandrum,kazhakkoottam,quick_bite,0,0,0,6,high,,3709,yes,https://www.zomato.com/chennai/bombay-brasserie-nungambakkam/info,"67,48,026",426,yes,no,no
Al Saj Restaurant,"Biryani, Kerala, Chinese, North Indian, South Indian, Seafood, Juices, Ice Cream","₹1,000 for two",1000,4.2,trivandrum,kazhakkoottam,quick_bite,0,0,0,8,high,excellent,3709,yes,https://www.zomato.com/chennai/lord-of-the-drinks-nungambakkam/info,"67,48,026",426,yes,no,no
Fiery Box,"North Indian, Biryani, Beverages",₹300 for two,300,,trivandrum,kazhakkoottam,quick_bite,0,0,0,3,medium,,3709,yes,https://www.zomato.com/chennai/go-native-alwarpet/info,"67,48,026",426,yes,no,no
Baital Mandi Restaurant,"Arabian, Beverages",₹650 for two,650,4.1,trivandrum,kazhakkoottam,quick_bite,0,0,0,2,high,excellent,3709,yes,https://www.zomato.com/chennai/chap-chay-the-raintree-alwarpet/info,"67,48,026",426,yes,no,no
Malabar Qissa,"Arabian, Biryani",₹400 for two,400,,trivandrum,kazhakkoottam,quick_bite,0,0,0,2,medium,,3709,yes,https://www.zomato.com/chennai/lmu-resto-bar-lets-meet-up-royapettah/info,"67,48,026",426,yes,no,no
Le Arabia,"Arabian, Chinese, Mughlai, North Indian, Seafood, Biryani, Desserts, Beverages",₹700 for two,700,4.4,trivandrum,kazhakkoottam,quick_bite,0,0,0,8,high,excellent,3709,yes,https://www.zomato.com/chennai/black-orchid-ra-puram/info,"67,48,026",426,yes,no,no
Thakkaaram Restaurant Kazhakoottam,"South Indian, Kerala, Shake",₹600 for two,600,3.6,trivandrum,kazhakkoottam,quick_bite,0,0,0,3,high,good,3709,yes,https://www.zomato.com/chennai/brasa-egmore/info,"67,48,026",426,yes,no,no
Calicut Cuisine,"South Indian, Biryani, Beverages",₹300 for two,300,,trivandrum,kazhakkoottam,quick_bite,0,0,0,3,medium,,3709,yes,https://www.zomato.com/chennai/cafe-yelove-anna-nagar-west/info,"67,48,026",426,yes,no,no
Paragon Restaurant,"Biryani, Kerala, Seafood, South Indian, Chinese, Arabian, North Indian, Desserts","₹1,200 for two",1200,4.7,trivandrum,ambalamukku,quick_bite,0,0,0,8,high,excellent,3709,yes,https://www.zomato.com/chennai/hard-rock-cafe-nungambakkam/info,"67,48,026",426,yes,no,no
Zam Zam Palayam,"Arabian, Biryani, Chinese, Mandi, South Indian, North Indian, Shake, Desserts",₹800 for two,800,4.5,trivandrum,ambalamukku,quick_bite,0,0,0,8,high,excellent,3709,yes,https://www.zomato.com/chennai/bombay-brasserie-nungambakkam/info,"67,48,026",426,yes,no,no
Cafe Sarwaa,"Cafe, Fast Food, Desserts, Beverages, Shake",₹600 for two,600,4.3,trivandrum,ambalamukku,quick_bite,0,0,0,5,high,excellent,3709,yes,https://www.zomato.com/chennai/lmu-resto-bar-lets-meet-up-royapettah/info,"67,48,026",426,yes,no,no
Garden Grille And Bar,"Salad, Pasta, Desserts, North Indian, South Indian, Kerala, Oriental, Chinese","₹1,800 for two",1800,4.5,trivandrum,ambalamukku,quick_bite,0,0,0,8,high,excellent,3709,yes,https://www.zomato.com/chennai/black-orchid-ra-puram/info,"67,48,026",426,yes,no,no
Mandi Manzil,"Mandi, Arabian",₹450 for two,450,3.5,trivandrum,ambalamukku,quick_bite,0,0,0,2,medium,good,3709,yes,https://www.zomato.com/chennai/lord-of-the-drinks-nungambakkam/info,"67,48,026",426,yes,no,no
Mothers Veg Plaza,"South Indian, Kerala, North Indian, Chinese, Beverages, Sichuan",₹400 for two,400,4.3,trivandrum,ambalamukku,quick_bite,0,0,0,6,medium,excellent,3709,yes,https://www.zomato.com/chennai/brasa-egmore/info,"67,48,026",426,yes,no,no
Le Lumiere Restaurant,"South Indian, North Indian, Chinese, Biryani, Ice Cream, Beverages, Shake, Sichuan",₹600 for two,600,4.3,trivandrum,ambalamukku,quick_bite,0,0,0,8,high,excellent,3709,yes,https://www.zomato.com/chennai/go-native-alwarpet/info,"67,48,026",426,yes,no,no
Mandi Manzil,Mandi,₹400 for two,400,3.5,trivandrum,ambalamukku,quick_bite,0,0,0,1,medium,good,3709,yes,https://www.zomato.com/chennai/cafe-yelove-anna-nagar-west/info,"67,48,026",426,yes,no,no
Baker's Arch,"South Indian, Desserts","₹1,000 for two",1000,4.1,trivandrum,ambalamukku,quick_bite,0,0,0,2,high,excellent,3709,yes,https://www.zomato.com/chennai/chap-chay-the-raintree-alwarpet/info,"67,48,026",426,yes,no,no
Paragon Restaurant,"Biryani, Kerala, Seafood, South Indian, Chinese, Arabian, North Indian, Desserts","₹1,200 for two",1200,4.7,trivandrum,kesavadasapuram,quick_bite,0,0,0,8,high,excellent,3709,yes,https://www.zomato.com/chennai/hard-rock-cafe-nungambakkam/info,"67,48,026",426,yes,no,no
Zam Zam Palayam,"Arabian, Biryani, Chinese, Mandi, South Indian, North Indian, Shake, Desserts",₹800 for two,800,4.5,trivandrum,kesavadasapuram,quick_bite,0,0,0,8,high,excellent,3709,yes,https://www.zomato.com/chennai/ciclo-cafe-anna-nagar-east/info,"67,48,026",426,yes,no,no
Cafe Sarwaa,"Cafe, Fast Food, Desserts, Beverages, Shake",₹600 for two,600,4.3,trivandrum,kesavadasapuram,quick_bite,0,0,0,5,high,excellent,3709,yes,https://www.zomato.com/chennai/cafe-yelove-anna-nagar-west/info,"67,48,026",426,yes,no,no
Garden Grille And Bar,"Salad, Pasta, Desserts, North Indian, South Indian, Kerala, Oriental, Chinese","₹1,800 for two",1800,4.5,trivandrum,kesavadasapuram,quick_bite,0,0,0,8,high,excellent,3709,yes,https://www.zomato.com/chennai/bombay-brasserie-nungambakkam/info,"67,48,026",426,yes,no,no
Mandi Manzil,"Mandi, Arabian",₹450 for two,450,3.5,trivandrum,kesavadasapuram,quick_bite,0,0,0,2,medium,good,3709,yes,https://www.zomato.com/chennai/cream-centre-vegetarian-legacy-since-1958-nungambakkam/info,"67,48,026",426,yes,no,no
Barbeque Nation,"North Indian, BBQ, Kebab, Biryani","₹2,000 for two",2000,4.5,trivandrum,kesavadasapuram,quick_bite,0,0,0,4,high,excellent,3709,yes,https://www.zomato.com/chennai/lord-of-the-drinks-nungambakkam/info,"67,48,026",426,yes,no,no
Mothers Veg Plaza,"South Indian, Kerala, North Indian, Chinese, Beverages, Sichuan",₹400 for two,400,4.3,trivandrum,kesavadasapuram,quick_bite,0,0,0,6,medium,excellent,3709,yes,https://www.zomato.com/chennai/brasa-egmore/info,"67,48,026",426,yes,no,no
Le Lumiere Restaurant,"South Indian, North Indian, Chinese, Biryani, Ice Cream, Beverages, Shake, Sichuan",₹600 for two,600,4.3,trivandrum,kesavadasapuram,quick_bite,0,0,0,8,high,excellent,3709,yes,https://www.zomato.com/chennai/sundays-1-anna-nagar-east/info,"67,48,026",426,yes,no,no
Mandi Manzil,Mandi,₹400 for two,400,3.5,trivandrum,kesavadasapuram,quick_bite,0,0,0,1,medium,good,3709,yes,https://www.zomato.com/chennai/stairway-to-nirvanaa-nungambakkam/info,"67,48,026",426,yes,no,no
Paragon Restaurant,"Biryani, Kerala, Seafood, South Indian, Chinese, Arabian, North Indian, Desserts","₹1,200 for two",1200,4.7,trivandrum,kumarapuram,quick_bite,0,0,0,8,high,excellent,3709,yes,https://www.zomato.com/chennai/hard-rock-cafe-nungambakkam/info,"67,48,026",426,yes,no,no
Zam Zam Palayam,"Arabian, Biryani, Chinese, Mandi, South Indian, North Indian, Shake, Desserts",₹800 for two,800,4.5,trivandrum,kumarapuram,quick_bite,0,0,0,8,high,excellent,3709,yes,https://www.zomato.com/chennai/ciclo-cafe-anna-nagar-east/info,"67,48,026",426,yes,no,no
Villa Maya,"North Indian, Seafood, South Indian, Desserts","₹2,200 for two",2200,4.9,trivandrum,kumarapuram,quick_bite,0,0,0,4,high,excellent,3709,yes,https://www.zomato.com/chennai/lord-of-the-drinks-nungambakkam/info,"67,48,026",426,yes,no,no
Bumi,"Asian, Modern Indian, Mediterranean, Alcoholic Beverages","₹2,000 for two",2000,,trivandrum,kumarapuram,quick_bite,0,0,0,4,high,,3709,yes,https://www.zomato.com/chennai/brasa-egmore/info,"67,48,026",426,yes,no,no
Cafe Sarwaa,"Cafe, Fast Food, Desserts, Beverages, Shake",₹600 for two,600,4.3,trivandrum,kumarapuram,quick_bite,0,0,0,5,high,excellent,3709,yes,https://www.zomato.com/chennai/cafe-yelove-anna-nagar-west/info,"67,48,026",426,yes,no,no
Garden Grille And Bar,"Salad, Pasta, Desserts, North Indian, South Indian, Kerala, Oriental, Chinese","₹1,800 for two",1800,4.5,trivandrum,kumarapuram,quick_bite,0,0,0,8,high,excellent,3709,yes,https://www.zomato.com/chennai/sundays-1-anna-nagar-east/info,"67,48,026",426,yes,no,no
Zam Zam Restaurant,"Arabian, Biryani, Chinese, Mandi, South Indian, North Indian, Shake, Desserts",₹700 for two,700,4.5,trivandrum,kumarapuram,quick_bite,0,0,0,8,high,excellent,3709,yes,https://www.zomato.com/chennai/bombay-brasserie-nungambakkam/info,"67,48,026",426,yes,no,no
Mandi Manzil,"Mandi, Arabian",₹450 for two,450,3.5,trivandrum,kumarapuram,quick_bite,0,0,0,2,medium,good,3709,yes,https://www.zomato.com/chennai/stairway-to-nirvanaa-nungambakkam/info,"67,48,026",426,yes,no,no
Burj Al Mandi,"Biryani, Chinese, North Indian, Mughlai, Kebab, Sichuan, Arabian, Middle Eastern",₹550 for two,550,4.1,trivandrum,kumarapuram,quick_bite,0,0,0,8,high,excellent,3709,yes,https://www.zomato.com/chennai/cream-centre-vegetarian-legacy-since-1958-nungambakkam/info,"67,48,026",426,yes,no,no
Paragon Restaurant,"Biryani, Kerala, Seafood, South Indian, Chinese, Arabian, North Indian, Desserts","₹1,200 for two",1200,4.7,trivandrum,palayam,quick_bite,0,0,0,8,high,excellent,3709,yes,https://www.zomato.com/RomasCafeDiner/info,"67,48,026",426,yes,no,no
Zam Zam Palayam,"Arabian, Biryani, Chinese, Mandi, South Indian, North Indian, Shake, Desserts",₹800 for two,800,4.5,trivandrum,palayam,quick_bite,0,0,0,8,high,excellent,3709,yes,https://www.zomato.com/varanasi/charcoal-fine-dining-mahmoorganj/info,"67,48,026",426,yes,no,no
Villa Maya,"North Indian, Seafood, South Indian, Desserts","₹2,200 for two",2200,4.9,trivandrum,palayam,quick_bite,0,0,0,4,high,excellent,3709,yes,https://www.zomato.com/varanasi/mysteria-bhelupur/info,"67,48,026",426,yes,no,no
Bumi,"Asian, Modern Indian, Mediterranean, Alcoholic Beverages","₹2,000 for two",2000,,trivandrum,palayam,quick_bite,0,0,0,4,high,,3709,yes,https://www.zomato.com/varanasi/the-hazelnut-factory-lanka/info,"67,48,026",426,yes,no,no
Ban Racism,Lebanese,₹200 for two,200,3.7,trivandrum,palayam,quick_bite,0,0,0,1,medium,good,3709,yes,https://www.zomato.com/varanasi/molecule-gastro-bar-mahmoorganj/info,"67,48,026",426,yes,no,no
Cafe Sarwaa,"Cafe, Fast Food, Desserts, Beverages, Shake",₹600 for two,600,4.3,trivandrum,palayam,quick_bite,0,0,0,5,high,excellent,3709,yes,https://www.zomato.com/varanasi/ganga-teere-by-guleria-kothi-hotel-dashaswmedh-road/info,"67,48,026",426,yes,no,no
Garden Grille And Bar,"Salad, Pasta, Desserts, North Indian, South Indian, Kerala, Oriental, Chinese","₹1,800 for two",1800,4.5,trivandrum,palayam,quick_bite,0,0,0,8,high,excellent,3709,yes,https://www.zomato.com/varanasi/the-taste-factory-2-mahmoorganj/info,"67,48,026",426,yes,no,no
Mandi Manzil,"Mandi, Arabian",₹450 for two,450,3.5,trivandrum,palayam,quick_bite,0,0,0,2,medium,good,3709,yes,https://www.zomato.com/varanasi/roots-varanasi-assi-ghat/info,"67,48,026",426,yes,no,no
Burj Al Mandi,"Biryani, Chinese, North Indian, Mughlai, Kebab, Sichuan, Arabian, Middle Eastern",₹550 for two,550,4.1,trivandrum,palayam,quick_bite,0,0,0,8,high,excellent,3709,yes,https://www.zomato.com/varanasi/garicoco-shastri-nagar/info,"67,48,026",426,yes,no,no
Zam Zam Palayam,"Arabian, Biryani, Chinese, Mandi, South Indian, North Indian, Shake, Desserts",₹800 for two,800,4.5,trivandrum,thycaud,quick_bite,0,0,0,8,high,excellent,3709,yes,https://www.zomato.com/RomasCafeDiner/info,"67,48,026",426,yes,no,no
Villa Maya,"North Indian, Seafood, South Indian, Desserts","₹2,200 for two",2200,4.9,trivandrum,thycaud,quick_bite,0,0,0,4,high,excellent,3709,yes,https://www.zomato.com/varanasi/charcoal-fine-dining-mahmoorganj/info,"67,48,026",426,yes,no,no
Bumi,"Asian, Modern Indian, Mediterranean, Alcoholic Beverages","₹2,000 for two",2000,,trivandrum,thycaud,quick_bite,0,0,0,4,high,,3709,yes,https://www.zomato.com/varanasi/ganga-teere-by-guleria-kothi-hotel-dashaswmedh-road/info,"67,48,026",426,yes,no,no
Ban Racism,Lebanese,₹200 for two,200,3.7,trivandrum,thycaud,quick_bite,0,0,0,1,medium,good,3709,yes,https://www.zomato.com/varanasi/the-taste-factory-2-mahmoorganj/info,"67,48,026",426,yes,no,no
Cafe Sarwaa,"Cafe, Fast Food, Desserts, Beverages, Shake",₹600 for two,600,4.3,trivandrum,thycaud,quick_bite,0,0,0,5,high,excellent,3709,yes,https://www.zomato.com/varanasi/the-vibe-shastri-nagar/info,"67,48,026",426,yes,no,no
Garden Grille And Bar,"Salad, Pasta, Desserts, North Indian, South Indian, Kerala, Oriental, Chinese","₹1,800 for two",1800,4.5,trivandrum,thycaud,quick_bite,0,0,0,8,high,excellent,3709,yes,https://www.zomato.com/varanasi/mysteria-bhelupur/info,"67,48,026",426,yes,no,no
Mandi Manzil,"Mandi, Arabian",₹450 for two,450,3.5,trivandrum,thycaud,quick_bite,0,0,0,2,medium,good,3709,yes,https://www.zomato.com/varanasi/roots-varanasi-assi-ghat/info,"67,48,026",426,yes,no,no
Burj Al Mandi,"Biryani, Chinese, North Indian, Mughlai, Kebab, Sichuan, Arabian, Middle Eastern",₹550 for two,550,4.1,trivandrum,thycaud,quick_bite,0,0,0,8,high,excellent,3709,yes,https://www.zomato.com/varanasi/garicoco-shastri-nagar/info,"67,48,026",426,yes,no,no
Mothers Veg Plaza,"South Indian, Kerala, North Indian, Chinese, Beverages, Sichuan",₹400 for two,400,4.3,trivandrum,thycaud,quick_bite,0,0,0,6,medium,excellent,3709,yes,https://www.zomato.com/varanasi/molecule-gastro-bar-mahmoorganj/info,"67,48,026",426,yes,no,no
Zam Zam Restaurant,"Arabian, Biryani, Chinese, Mandi, South Indian, North Indian, Shake, Desserts",₹700 for two,700,4.5,trivandrum,kulathoor,quick_bite,0,0,0,8,high,excellent,3709,yes,https://www.zomato.com/RomasCafeDiner/info,"67,48,026",426,yes,no,no
Barbeque Nation,"North Indian, BBQ, Kebab, Biryani","₹2,000 for two",2000,4.5,trivandrum,kulathoor,quick_bite,0,0,0,4,high,excellent,3709,yes,https://www.zomato.com/varanasi/pizzeria-vatika-cafe-nadesar/info,"67,48,026",426,yes,no,no
Taco Bell,"Street Food, Fast Food, Mexican",₹350 for two,350,4.4,trivandrum,kulathoor,quick_bite,0,0,0,3,medium,excellent,3709,yes,https://www.zomato.com/varanasi/charcoal-fine-dining-mahmoorganj/info,"67,48,026",426,yes,no,no
O Café,"Kerala, North Indian, Asian, Desserts, Sichuan","₹2,000 for two",2000,4.2,trivandrum,kulathoor,quick_bite,0,0,0,5,high,excellent,3709,yes,https://www.zomato.com/varanasi/mysteria-bhelupur/info,"67,48,026",426,yes,no,no
BLND,"South Indian, North Indian, Continental, Asian, Bar Food, Beverages","₹1,000 for two",1000,,trivandrum,kulathoor,quick_bite,0,0,0,6,high,,3709,yes,https://www.zomato.com/varanasi/the-hazelnut-factory-lanka/info,"67,48,026",426,yes,no,no
Al Saj Restaurant,"Biryani, Kerala, Chinese, North Indian, South Indian, Seafood, Juices, Ice Cream","₹1,000 for two",1000,4.2,trivandrum,kulathoor,quick_bite,0,0,0,8,high,excellent,3709,yes,https://www.zomato.com/varanasi/molecule-gastro-bar-mahmoorganj/info,"67,48,026",426,yes,no,no
Fiery Box,"North Indian, Biryani, Beverages",₹300 for two,300,,trivandrum,kulathoor,quick_bite,0,0,0,3,medium,,3709,yes,https://www.zomato.com/varanasi/the-luxury-lounge-by-sunsutra-chetganj/info,"67,48,026",426,yes,no,no
Baital Mandi Restaurant,"Arabian, Beverages",₹650 for two,650,4.1,trivandrum,kulathoor,quick_bite,0,0,0,2,high,excellent,3709,yes,https://www.zomato.com/varanasi/ganga-teere-by-guleria-kothi-hotel-dashaswmedh-road/info,"67,48,026",426,yes,no,no
Starbucks Coffee,"Desserts, Cafe, Beverages, Coffee",₹900 for two,900,4.4,trivandrum,kulathoor,quick_bite,0,0,0,4,high,excellent,3709,yes,https://www.zomato.com/varanasi/the-taste-factory-2-mahmoorganj/info,"67,48,026",426,yes,no,no
Starbucks Coffee,"Cafe, Coffee, Desserts, Beverages",₹900 for two,900,4.8,thrissur,poothole,quick_bite,0,0,0,4,high,excellent,3709,yes,https://www.zomato.com/RomasCafeDiner/info,"67,48,026",426,yes,no,no
Chinese Wok,Chinese,₹700 for two,700,3.9,thrissur,poothole,quick_bite,0,0,0,1,high,good,3709,yes,https://www.zomato.com/varanasi/pizzeria-vatika-cafe-nadesar/info,"67,48,026",426,yes,no,no
Barbeque Nation,"North Indian, BBQ, Kebab, Biryani","₹1,600 for two",1600,4.5,thrissur,poothole,quick_bite,0,0,0,4,high,excellent,3709,yes,https://www.zomato.com/varanasi/molecule-gastro-bar-mahmoorganj/info,"67,48,026",426,yes,no,no
Nahdi Kuzhimandhi,"Mandi, Arabian",₹400 for two,400,4,thrissur,poothole,quick_bite,0,0,0,2,medium,excellent,3709,yes,https://www.zomato.com/varanasi/the-luxury-lounge-by-sunsutra-chetganj/info,"67,48,026",426,yes,no,no
Hotel Akshaya,"North Indian, Biryani, Kerala, Chinese, South Indian",₹600 for two,600,4.2,thrissur,poothole,quick_bite,0,0,0,5,high,excellent,3709,yes,https://www.zomato.com/varanasi/charcoal-fine-dining-mahmoorganj/info,"67,48,026",426,yes,no,no
KFC,"Burger, Fast Food, Rolls",₹450 for two,450,4.1,thrissur,poothole,quick_bite,0,0,0,3,medium,excellent,3709,yes,https://www.zomato.com/varanasi/ganga-teere-by-guleria-kothi-hotel-dashaswmedh-road/info,"67,48,026",426,yes,no,no
Regency Cafe - Hyatt Regency,"Continental, Modern Indian, Asian, Beverages, South Indian, North Indian","₹1,700 for two",1700,4.1,thrissur,poothole,quick_bite,0,0,0,6,high,excellent,3709,yes,https://www.zomato.com/varanasi/mysteria-bhelupur/info,"67,48,026",426,yes,no,no
Just Loaf,"Cafe, Burger, Beverages, Fast Food","₹1,000 for two",1000,4.1,thrissur,poothole,quick_bite,0,0,0,4,high,excellent,3709,yes,https://www.zomato.com/varanasi/the-taste-factory-2-mahmoorganj/info,"67,48,026",426,yes,no,no
Hotel Sapphire,"Beverages, Biryani, Kerala",₹350 for two,350,4.5,thrissur,poothole,quick_bite,0,0,0,3,medium,excellent,3709,yes,https://www.zomato.com/varanasi/the-hazelnut-factory-lanka/info,"67,48,026",426,yes,no,no
Starbucks Coffee,"Cafe, Coffee, Desserts, Beverages",₹900 for two,900,4.8,thrissur,ayyanthole,quick_bite,0,0,0,4,high,excellent,3709,yes,https://www.zomato.com/varanasi/roots-varanasi-assi-ghat/info,"67,48,026",426,yes,no,no
Chinese Wok,Chinese,₹700 for two,700,3.9,thrissur,ayyanthole,quick_bite,0,0,0,1,high,good,3709,yes,https://www.zomato.com/RomasCafeDiner/info,"67,48,026",426,yes,no,no
Barbeque Nation,"North Indian, BBQ, Kebab, Biryani","₹1,600 for two",1600,4.5,thrissur,ayyanthole,quick_bite,0,0,0,4,high,excellent,3709,yes,https://www.zomato.com/varanasi/pizzeria-vatika-cafe-nadesar/info,"67,48,026",426,yes,no,no
Nahdi Kuzhimandhi,"Mandi, Arabian",₹400 for two,400,4,thrissur,ayyanthole,quick_bite,0,0,0,2,medium,excellent,3709,yes,https://www.zomato.com/varanasi/charcoal-fine-dining-mahmoorganj/info,"67,48,026",426,yes,no,no
Hotel Akshaya,"North Indian, Biryani, Kerala, Chinese, South Indian",₹600 for two,600,4.2,thrissur,ayyanthole,quick_bite,0,0,0,5,high,excellent,3709,yes,https://www.zomato.com/varanasi/mysteria-bhelupur/info,"67,48,026",426,yes,no,no
KFC,"Burger, Fast Food, Rolls",₹450 for two,450,4.1,thrissur,ayyanthole,quick_bite,0,0,0,3,medium,excellent,3709,yes,https://www.zomato.com/varanasi/the-hazelnut-factory-lanka/info,"67,48,026",426,yes,no,no
Regency Cafe - Hyatt Regency,"Continental, Modern Indian, Asian, Beverages, South Indian, North Indian","₹1,700 for two",1700,4.1,thrissur,ayyanthole,quick_bite,0,0,0,6,high,excellent,3709,yes,https://www.zomato.com/varanasi/molecule-gastro-bar-mahmoorganj/info,"67,48,026",426,yes,no,no
Just Loaf,"Cafe, Burger, Beverages, Fast Food","₹1,000 for two",1000,4.1,thrissur,ayyanthole,quick_bite,0,0,0,4,high,excellent,3709,yes,https://www.zomato.com/varanasi/the-luxury-lounge-by-sunsutra-chetganj/info,"67,48,026",426,yes,no,no
Hotel Sapphire,"Beverages, Biryani, Kerala",₹350 for two,350,4.5,thrissur,ayyanthole,quick_bite,0,0,0,3,medium,excellent,3709,yes,https://www.zomato.com/varanasi/ganga-teere-by-guleria-kothi-hotel-dashaswmedh-road/info,"67,48,026",426,yes,no,no
Autograph Restaurant,"Biryani, North Indian",₹400 for two,400,,thrissur,guruvayur-locality,quick_bite,0,0,0,2,medium,,3709,yes,https://www.zomato.com/varanasi/the-taste-factory-2-mahmoorganj/info,"67,48,026",426,yes,no,no
Pazhayidom Ruchi,"North Indian, Chinese, South Indian, Tamil",₹350 for two,350,,thrissur,guruvayur-locality,quick_bite,0,0,0,4,medium,,3709,yes,https://www.zomato.com/RomasCafeDiner/info,"67,48,026",426,yes,no,no
Chicking,"Street Food, Burger, Fast Food, Pizza, Wraps, Rolls, Biryani, Seafood",₹350 for two,350,4,thrissur,guruvayur-locality,quick_bite,0,0,0,8,medium,excellent,3709,yes,https://www.zomato.com/varanasi/pizzeria-vatika-cafe-nadesar/info,"67,48,026",426,yes,no,no
Arabian Treat,Arabian,₹200 for two,200,4,thrissur,guruvayur-locality,quick_bite,0,0,0,1,medium,excellent,3709,yes,https://www.zomato.com/varanasi/roots-varanasi-assi-ghat/info,"67,48,026",426,yes,no,no
O-Persia Restaurant,"Arabian, South Indian, North Indian, Chinese, Biryani, Shake, Sichuan",₹400 for two,400,4.1,thrissur,guruvayur-locality,quick_bite,0,0,0,7,medium,excellent,3709,yes,https://www.zomato.com/varanasi/mysteria-bhelupur/info,"67,48,026",426,yes,no,no
Smoocho,"Ice Cream, Desserts",₹350 for two,350,,thrissur,guruvayur-locality,quick_bite,0,0,0,2,medium,,3709,yes,https://www.zomato.com/varanasi/charcoal-fine-dining-mahmoorganj/info,"67,48,026",426,yes,no,no
Taste Palace,"South Indian, Chinese, North Indian, Chettinad, Kerala, Biryani, Desserts, Beverages",₹350 for two,350,4,thrissur,guruvayur-locality,quick_bite,0,0,0,8,medium,excellent,3709,yes,https://www.zomato.com/varanasi/molecule-gastro-bar-mahmoorganj/info,"67,48,026",426,yes,no,no
Arabian Adukkala,"Shawarma, Fast Food, Juices, Beverages, Arabian, Middle Eastern, Rolls",₹350 for two,350,,thrissur,guruvayur-locality,quick_bite,0,0,0,7,medium,,3709,yes,https://www.zomato.com/varanasi/ganga-teere-by-guleria-kothi-hotel-dashaswmedh-road/info,"67,48,026",426,yes,no,no
Lassi Spot,"Beverages, Desserts",₹150 for two,150,4.1,thrissur,guruvayur-locality,quick_bite,0,0,0,2,low,excellent,3709,yes,https://www.zomato.com/varanasi/the-taste-factory-2-mahmoorganj/info,"67,48,026",426,yes,no,no
Taqashi Mandi,"Arabian, Mandi",₹450 for two,450,3.6,thrissur,chalakudy,quick_bite,0,0,0,2,medium,good,3709,yes,https://www.zomato.com/varanasi/the-hazelnut-factory-lanka/info,"67,48,026",426,yes,no,no
Kattanum Puttum,"Fast Food, Kerala, Shawarma, Shake, Beverages, North Indian, Burger, Arabian",₹700 for two,700,3.7,thrissur,chalakudy,quick_bite,0,0,0,8,high,good,3709,yes,https://www.zomato.com/varanasi/the-luxury-lounge-by-sunsutra-chetganj/info,"67,48,026",426,yes,no,no
Bait Al Mandi,"North Indian, Biryani",₹800 for two,800,4.1,thrissur,chalakudy,quick_bite,0,0,0,2,high,excellent,3709,yes,https://www.zomato.com/RomasCafeDiner/info,"67,48,026",426,yes,no,no
Chicking,"Street Food, Burger, Fast Food, Pizza, Wraps, Rolls, Biryani, Seafood",₹350 for two,350,,thrissur,chalakudy,quick_bite,0,0,0,8,medium,,3709,yes,https://www.zomato.com/varanasi/charcoal-fine-dining-mahmoorganj/info,"67,48,026",426,yes,no,no
The Taste Cell,"Wraps, Street Food, Mughlai, Biryani, Chinese",₹750 for two,750,,thrissur,chalakudy,quick_bite,0,0,0,5,high,,3709,yes,https://www.zomato.com/varanasi/mysteria-bhelupur/info,"67,48,026",426,yes,no,no
Costa Coffee,"Coffee, Sandwich",₹200 for two,200,4.1,thrissur,chalakudy,quick_bite,0,0,0,2,medium,excellent,3709,yes,https://www.zomato.com/varanasi/the-hazelnut-factory-lanka/info,"67,48,026",426,yes,no,no
Mody Bakes N Grill,Desserts,₹150 for two,150,3.6,thrissur,chalakudy,quick_bite,0,0,0,1,low,good,3709,yes,https://www.zomato.com/varanasi/molecule-gastro-bar-mahmoorganj/info,"67,48,026",426,yes,no,no
Paradise Family Restaurant & Bake Shop,"Indo-Chinese, Kerala, Beverages, North Indian, South Indian, Chinese, Continental, Biryani",₹400 for two,400,3.2,thrissur,chalakudy,quick_bite,0,0,0,8,medium,good,3709,yes,https://www.zomato.com/varanasi/the-luxury-lounge-by-sunsutra-chetganj/info,"67,48,026",426,yes,no,no
The Pie Shop,"Desserts, Beverages, Bakery",₹200 for two,200,,thrissur,chalakudy,quick_bite,0,0,0,3,medium,,3709,yes,https://www.zomato.com/varanasi/ganga-teere-by-guleria-kothi-hotel-dashaswmedh-road/info,"67,48,026",426,yes,no,no
Ikku Bhai's Kuzhimandi Kada,"Mandi, Arabian, Chinese, Charcoal Chicken, North Indian",₹350 for two,350,3.7,thrissur,irinjalakuda-locality,quick_bite,0,0,0,5,medium,good,3709,yes,https://www.zomato.com/varanasi/the-taste-factory-2-mahmoorganj/info,"67,48,026",426,yes,no,no
Soul Kitchen Co,"Continental, Chinese","₹1,000 for two",1000,3.9,thrissur,irinjalakuda-locality,quick_bite,0,0,0,2,high,good,3709,yes,https://www.zomato.com/varanasi/roots-varanasi-assi-ghat/info,"67,48,026",426,yes,no,no
Hotel Rahmath,"Biryani, Arabian",₹300 for two,300,3.5,thrissur,irinjalakuda-locality,quick_bite,0,0,0,2,medium,good,3709,yes,https://www.zomato.com/RomasCafeDiner/info,"67,48,026",426,yes,no,no
Chicking,"Street Food, Burger, Fast Food, Pizza, Wraps, Rolls, Biryani, Seafood",₹350 for two,350,3.6,thrissur,irinjalakuda-locality,quick_bite,0,0,0,8,medium,good,3709,yes,https://www.zomato.com/varanasi/charcoal-fine-dining-mahmoorganj/info,"67,48,026",426,yes,no,no
Bait Al Mandi,"North Indian, Biryani",₹800 for two,800,4.1,thrissur,irinjalakuda-locality,quick_bite,0,0,0,2,high,excellent,3709,yes,https://www.zomato.com/varanasi/the-luxury-lounge-by-sunsutra-chetganj/info,"67,48,026",426,yes,no,no
Kacherivalap Le Cafe,"Cafe, Fast Food, South Indian, Desserts, Beverages, Sichuan",₹450 for two,450,4.3,thrissur,irinjalakuda-locality,quick_bite,0,0,0,6,medium,excellent,3709,yes,https://www.zomato.com/varanasi/ganga-teere-by-guleria-kothi-hotel-dashaswmedh-road/info,"67,48,026",426,yes,no,no
Hotel Venus,"Biryani, Chinese",₹300 for two,300,3.8,thrissur,irinjalakuda-locality,quick_bite,0,0,0,2,medium,good,3709,yes,https://www.zomato.com/varanasi/mysteria-bhelupur/info,"67,48,026",426,yes,no,no
KFC,"Burger, Fast Food, Rolls",₹450 for two,450,3.2,thrissur,irinjalakuda-locality,quick_bite,0,0,0,3,medium,good,3709,yes,https://www.zomato.com/varanasi/the-taste-factory-2-mahmoorganj/info,"67,48,026",426,yes,no,no
Amma's Pastries,"Bakery, Desserts",₹250 for two,250,3.5,thrissur,irinjalakuda-locality,quick_bite,0,0,0,2,medium,good,3709,yes,https://www.zomato.com/varanasi/the-hazelnut-factory-lanka/info,"67,48,026",426,yes,no,no
Starbucks Coffee,"Cafe, Coffee, Desserts, Beverages",₹900 for two,900,4.8,thrissur,peringavu,quick_bite,0,0,0,4,high,excellent,3709,yes,https://www.zomato.com/varanasi/roots-varanasi-assi-ghat/info,"67,48,026",426,yes,no,no
Chinese Wok,Chinese,₹700 for two,700,3.9,thrissur,peringavu,quick_bite,0,0,0,1,high,good,3709,yes,https://www.zomato.com/varanasi/molecule-gastro-bar-mahmoorganj/info,"67,48,026",426,yes,no,no
Barbeque Nation,"North Indian, BBQ, Kebab, Biryani","₹1,600 for two",1600,4.5,thrissur,peringavu,quick_bite,0,0,0,4,high,excellent,3709,yes,https://www.zomato.com/RomasCafeDiner/info,"67,48,026",426,yes,no,no
Nahdi Kuzhimandhi,"Mandi, Arabian",₹400 for two,400,4,thrissur,peringavu,quick_bite,0,0,0,2,medium,excellent,3709,yes,https://www.zomato.com/varanasi/pizzeria-vatika-cafe-nadesar/info,"67,48,026",426,yes,no,no
Hotel Akshaya,"North Indian, Biryani, Kerala, Chinese, South Indian",₹600 for two,600,4.2,thrissur,peringavu,quick_bite,0,0,0,5,high,excellent,3709,yes,https://www.zomato.com/varanasi/charcoal-fine-dining-mahmoorganj/info,"67,48,026",426,yes,no,no
KFC,"Burger, Fast Food, Rolls",₹450 for two,450,4.1,thrissur,peringavu,quick_bite,0,0,0,3,medium,excellent,3709,yes,https://www.zomato.com/varanasi/mysteria-bhelupur/info,"67,48,026",426,yes,no,no
Regency Cafe - Hyatt Regency,"Continental, Modern Indian, Asian, Beverages, South Indian, North Indian","₹1,700 for two",1700,4.1,thrissur,peringavu,quick_bite,0,0,0,6,high,excellent,3709,yes,https://www.zomato.com/varanasi/the-hazelnut-factory-lanka/info,"67,48,026",426,yes,no,no
Just Loaf,"Cafe, Burger, Beverages, Fast Food","₹1,000 for two",1000,4.1,thrissur,peringavu,quick_bite,0,0,0,4,high,excellent,3709,yes,https://www.zomato.com/varanasi/molecule-gastro-bar-mahmoorganj/info,"67,48,026",426,yes,no,no
Hotel Sapphire,"Beverages, Biryani, Kerala",₹350 for two,350,4.5,thrissur,peringavu,quick_bite,0,0,0,3,medium,excellent,3709,yes,https://www.zomato.com/varanasi/the-luxury-lounge-by-sunsutra-chetganj/info,"67,48,026",426,yes,no,no
Starbucks Coffee,"Cafe, Coffee, Desserts, Beverages",₹900 for two,900,4.8,thrissur,kizhakkumpattukara,quick_bite,0,0,0,4,high,excellent,3709,yes,https://www.zomato.com/varanasi/ganga-teere-by-guleria-kothi-hotel-dashaswmedh-road/info,"67,48,026",426,yes,no,no
Chinese Wok,Chinese,₹700 for two,700,3.9,thrissur,kizhakkumpattukara,quick_bite,0,0,0,1,high,good,3709,yes,https://www.zomato.com/varanasi/the-taste-factory-2-mahmoorganj/info,"67,48,026",426,yes,no,no
Barbeque Nation,"North Indian, BBQ, Kebab, Biryani","₹1,600 for two",1600,4.5,thrissur,kizhakkumpattukara,quick_bite,0,0,0,4,high,excellent,3709,yes,https://www.zomato.com/RomasCafeDiner/info,"67,48,026",426,yes,no,no
Nahdi Kuzhimandhi,"Mandi, Arabian",₹400 for two,400,4,thrissur,kizhakkumpattukara,quick_bite,0,0,0,2,medium,excellent,3709,yes,https://www.zomato.com/varanasi/pizzeria-vatika-cafe-nadesar/info,"67,48,026",426,yes,no,no
Hotel Akshaya,"North Indian, Biryani, Kerala, Chinese, South Indian",₹600 for two,600,4.2,thrissur,kizhakkumpattukara,quick_bite,0,0,0,5,high,excellent,3709,yes,https://www.zomato.com/varanasi/molecule-gastro-bar-mahmoorganj/info,"67,48,026",426,yes,no,no
KFC,"Burger, Fast Food, Rolls",₹450 for two,450,4.1,thrissur,kizhakkumpattukara,quick_bite,0,0,0,3,medium,excellent,3709,yes,https://www.zomato.com/varanasi/the-luxury-lounge-by-sunsutra-chetganj/info,"67,48,026",426,yes,no,no
Just Loaf,"Cafe, Burger, Beverages, Fast Food","₹1,000 for two",1000,4.1,thrissur,kizhakkumpattukara,quick_bite,0,0,0,4,high,excellent,3709,yes,https://www.zomato.com/varanasi/charcoal-fine-dining-mahmoorganj/info,"67,48,026",426,yes,no,no
Hotel Sapphire,"Beverages, Biryani, Kerala",₹350 for two,350,4.5,thrissur,kizhakkumpattukara,quick_bite,0,0,0,3,medium,excellent,3709,yes,https://www.zomato.com/varanasi/ganga-teere-by-guleria-kothi-hotel-dashaswmedh-road/info,"67,48,026",426,yes,no,no
Alankar Restaurant,"Biryani, North Indian, Chinese, Sichuan",₹550 for two,550,4.6,thrissur,kizhakkumpattukara,quick_bite,0,0,0,4,high,excellent,3709,yes,https://www.zomato.com/varanasi/mysteria-bhelupur/info,"67,48,026",426,yes,no,no
Nahdi Kuzhimandhi,"Mandi, Arabian",₹400 for two,400,4,thrissur,puzhakkal,quick_bite,0,0,0,2,medium,excellent,3709,yes,https://www.zomato.com/varanasi/the-taste-factory-2-mahmoorganj/info,"67,48,026",426,yes,no,no
Hotel Akshaya,"North Indian, Biryani, Kerala, Chinese, South Indian",₹600 for two,600,4.2,thrissur,puzhakkal,quick_bite,0,0,0,5,high,excellent,3709,yes,https://www.zomato.com/varanasi/the-hazelnut-factory-lanka/info,"67,48,026",426,yes,no,no
Regency Cafe - Hyatt Regency,"Continental, Modern Indian, Asian, Beverages, South Indian, North Indian","₹1,700 for two",1700,4.1,thrissur,puzhakkal,quick_bite,0,0,0,6,high,excellent,3709,yes,https://www.zomato.com/varanasi/farzi-cafe-shivpur/info,"67,48,026",426,yes,no,no
Just Loaf,"Cafe, Burger, Beverages, Fast Food","₹1,000 for two",1000,4.1,thrissur,puzhakkal,quick_bite,0,0,0,4,high,excellent,3709,yes,https://www.zomato.com/varanasi/pizzeria-vatika-cafe-nadesar/info,"67,48,026",426,yes,no,no
Hotel Sapphire,"Beverages, Biryani, Kerala",₹350 for two,350,4.5,thrissur,puzhakkal,quick_bite,0,0,0,3,medium,excellent,3709,yes,https://www.zomato.com/varanasi/charcoal-fine-dining-mahmoorganj/info,"67,48,026",426,yes,no,no
Alankar Restaurant,"Biryani, North Indian, Chinese, Sichuan",₹550 for two,550,4.6,thrissur,puzhakkal,quick_bite,0,0,0,4,high,excellent,3709,yes,https://www.zomato.com/varanasi/mysteria-bhelupur/info,"67,48,026",426,yes,no,no
Hotel Pathans,"South Indian, North Indian, Chinese, Biryani, Desserts, Beverages",₹300 for two,300,4.6,thrissur,puzhakkal,quick_bite,0,0,0,6,medium,excellent,3709,yes,https://www.zomato.com/varanasi/molecule-gastro-bar-mahmoorganj/info,"67,48,026",426,yes,no,no
Ali Baba & 41 Dishes,"South Indian, Biryani, Chinese, Salad, Seafood, Charcoal Chicken, Mughlai, Beverages",₹900 for two,900,4.2,thrissur,puzhakkal,quick_bite,0,0,0,8,high,excellent,3709,yes,https://www.zomato.com/varanasi/the-luxury-lounge-by-sunsutra-chetganj/info,"67,48,026",426,yes,no,no
The Lillys,"Bakery, Desserts",₹500 for two,500,3.9,thrissur,puzhakkal,quick_bite,0,0,0,2,high,good,3709,yes,https://www.zomato.com/varanasi/ganga-teere-by-guleria-kothi-hotel-dashaswmedh-road/info,"67,48,026",426,yes,no,no
Felice Pasticceria,"Sandwich, Desserts, Coffee, Cake","₹1,400 for two",1400,4.3,pune,kothrud,quick_bite,0,0,0,4,high,excellent,3709,yes,https://www.zomato.com/varanasi/the-taste-factory-2-mahmoorganj/info,"67,48,026",426,yes,no,no
Mystic Flavours,"Continental, Modern Indian, Asian, Oriental","₹1,000 for two",1000,4.4,pune,kothrud,quick_bite,0,0,0,4,high,excellent,3709,yes,https://www.zomato.com/varanasi/garicoco-shastri-nagar/info,"67,48,026",426,yes,no,no
D Palace,"North Indian, Mughlai, Seafood, Chinese, Continental, Biryani, Desserts, Beverages","₹1,000 for two",1000,4.1,pune,kothrud,quick_bite,0,0,0,8,high,excellent,3709,yes,https://www.zomato.com/varanasi/farzi-cafe-shivpur/info,"67,48,026",426,yes,no,no
Hotel Shivanjali,"North Indian, Chinese, Mexican, Seafood, Continental, Fast Food, Desserts, Beverages","₹1,700 for two",1700,4.1,pune,kothrud,quick_bite,0,0,0,8,high,excellent,3709,yes,https://www.zomato.com/varanasi/pizzeria-vatika-cafe-nadesar/info,"67,48,026",426,yes,no,no
Acai,"North Indian, Continental, Bar Food","₹2,400 for two",2400,4.5,pune,kothrud,quick_bite,0,0,0,3,high,excellent,3709,yes,https://www.zomato.com/varanasi/the-luxury-lounge-by-sunsutra-chetganj/info,"67,48,026",426,yes,no,no
DaNonna's Pizzeria,"Pizza, Italian, Beverages, Desserts, Pasta","₹1,600 for two",1600,4.2,pune,kothrud,quick_bite,0,0,0,5,high,excellent,3709,yes,https://www.zomato.com/varanasi/ganga-teere-by-guleria-kothi-hotel-dashaswmedh-road/info,"67,48,026",426,yes,no,no
Tipplr,"Continental, Asian, North Indian","₹1,100 for two",1100,4.6,pune,kothrud,quick_bite,0,0,0,3,high,excellent,3709,yes,https://www.zomato.com/varanasi/charcoal-fine-dining-mahmoorganj/info,"67,48,026",426,yes,no,no
FC Road Social,"North Indian, Biryani, Pizza, Street Food, Bar Food, Korean, Desserts","₹1,500 for two",1500,4.1,pune,kothrud,quick_bite,0,0,0,7,high,excellent,3709,yes,https://www.zomato.com/varanasi/the-taste-factory-2-mahmoorganj/info,"67,48,026",426,yes,no,no
Cibbo All Day Dining & Bar,"European, Pizza, Asian, Continental, Desserts","₹1,800 for two",1800,4.3,pune,kothrud,quick_bite,0,0,0,5,high,excellent,3709,yes,https://www.zomato.com/varanasi/mysteria-bhelupur/info,"67,48,026",426,yes,no,no
The Boho House Cocktail Bar,"North Indian, Fast Food","₹1,400 for two",1400,4.2,pune,wakad,quick_bite,0,0,0,2,high,excellent,3709,yes,https://www.zomato.com/varanasi/garicoco-shastri-nagar/info,"67,48,026",426,yes,no,no
Bao Story,Asian,"₹1,000 for two",1000,4.3,pune,wakad,quick_bite,0,0,0,1,high,excellent,3709,yes,https://www.zomato.com/varanasi/molecule-gastro-bar-mahmoorganj/info,"67,48,026",426,yes,no,no
The Ruby Hilltop - Sunny's World,"Bar Food, Chinese, North Indian, Asian, Italian, Mughlai, Beverages, Desserts","₹1,700 for two",1700,4.4,pune,wakad,quick_bite,0,0,0,8,high,excellent,3709,yes,https://www.zomato.com/RomasCafeDiner/info,"67,48,026",426,yes,no,no
Prem's,"North Indian, Chinese, Continental, Pizza, Pasta, Sichuan, Desserts, Beverages","₹3,600 for two",3600,4.6,pune,wakad,quick_bite,0,0,0,8,high,excellent,3709,yes,https://www.zomato.com/varanasi/pizzeria-vatika-cafe-nadesar/info,"67,48,026",426,yes,no,no
Swig,"Bar Food, Asian, Sushi, Pizza, Italian, Continental, Fast Food, Beverages","₹1,800 for two",1800,4.3,pune,wakad,quick_bite,0,0,0,8,high,excellent,3709,yes,https://www.zomato.com/varanasi/charcoal-fine-dining-mahmoorganj/info,"67,48,026",426,yes,no,no
Masala Mehfil,"Maharashtrian, North Indian, Seafood, Biryani, Beverages, Alcoholic Beverages","₹1,400 for two",1400,4.5,pune,wakad,quick_bite,0,0,0,6,high,excellent,3709,yes,https://www.zomato.com/varanasi/mysteria-bhelupur/info,"67,48,026",426,yes,no,no
Sahara - A Magical dining destination,North Indian,"₹1,700 for two",1700,4.3,pune,wakad,quick_bite,0,0,0,1,high,excellent,3709,yes,https://www.zomato.com/varanasi/the-hazelnut-factory-lanka/info,"67,48,026",426,yes,no,no
1BHK Superbar,"North Indian, Asian, Italian, European, Continental, Mediterranean, American, Seafood","₹1,800 for two",1800,4.5,pune,wakad,quick_bite,0,0,0,8,high,excellent,3709,yes,https://www.zomato.com/varanasi/molecule-gastro-bar-mahmoorganj/info,"67,48,026",426,yes,no,no
Apna Adda,"Sandwich, Chinese, North Indian, Maharashtrian, Seafood, Street Food, Biryani","₹1,800 for two",1800,4,pune,wakad,quick_bite,0,0,0,7,high,excellent,3709,yes,https://www.zomato.com/varanasi/the-luxury-lounge-by-sunsutra-chetganj/info,"67,48,026",426,yes,no,no
Bao Story,Asian,"₹1,000 for two",1000,4.3,pune,hinjawadi,quick_bite,0,0,0,1,high,excellent,3709,yes,https://www.zomato.com/varanasi/ganga-teere-by-guleria-kothi-hotel-dashaswmedh-road/info,"67,48,026",426,yes,no,no
The Ruby Hilltop - Sunny's World,"Bar Food, Chinese, North Indian, Asian, Italian, Mughlai, Beverages, Desserts","₹1,700 for two",1700,4.4,pune,hinjawadi,quick_bite,0,0,0,8,high,excellent,3709,yes,https://www.zomato.com/varanasi/the-taste-factory-2-mahmoorganj/info,"67,48,026",426,yes,no,no
The Boho House Cocktail Bar,"North Indian, Fast Food","₹1,400 for two",1400,4.2,pune,hinjawadi,quick_bite,0,0,0,2,high,excellent,3709,yes,https://www.zomato.com/RomasCafeDiner/info,"67,48,026",426,yes,no,no
Swig,"Bar Food, Asian, Sushi, Pizza, Italian, Continental, Fast Food, Beverages","₹1,800 for two",1800,4.3,pune,hinjawadi,quick_bite,0,0,0,8,high,excellent,3709,yes,https://www.zomato.com/varanasi/pizzeria-vatika-cafe-nadesar/info,"67,48,026",426,yes,no,no
Masala Mehfil,"Maharashtrian, North Indian, Seafood, Biryani, Beverages, Alcoholic Beverages","₹1,400 for two",1400,4.5,pune,hinjawadi,quick_bite,0,0,0,6,high,excellent,3709,yes,https://www.zomato.com/varanasi/molecule-gastro-bar-mahmoorganj/info,"67,48,026",426,yes,no,no
Rustic Sands,"Chinese, North Indian, Biryani, Mughlai, Seafood, Beverages, Desserts","₹2,500 for two",2500,4.4,pune,hinjawadi,quick_bite,0,0,0,7,high,excellent,3709,yes,https://www.zomato.com/varanasi/the-luxury-lounge-by-sunsutra-chetganj/info,"67,48,026",426,yes,no,no
Sahara - A Magical dining destination,North Indian,"₹1,700 for two",1700,4.3,pune,hinjawadi,quick_bite,0,0,0,1,high,excellent,3709,yes,https://www.zomato.com/varanasi/charcoal-fine-dining-mahmoorganj/info,"67,48,026",426,yes,no,no
1BHK Superbar,"North Indian, Asian, Italian, European, Continental, Mediterranean, American, Seafood","₹1,800 for two",1800,4.5,pune,hinjawadi,quick_bite,0,0,0,8,high,excellent,3709,yes,https://www.zomato.com/varanasi/ganga-teere-by-guleria-kothi-hotel-dashaswmedh-road/info,"67,48,026",426,yes,no,no
Apna Adda,"Sandwich, Chinese, North Indian, Maharashtrian, Seafood, Street Food, Biryani","₹1,800 for two",1800,4,pune,hinjawadi,quick_bite,0,0,0,7,high,excellent,3709,yes,https://www.zomato.com/varanasi/mysteria-bhelupur/info,"67,48,026",426,yes,no,no
Boteco - Tapas Bar & Grill,"Brazilian, Bar Food, Seafood, Burger","₹2,000 for two",2000,4.9,pune,kalyani-nagar,quick_bite,0,0,0,4,high,excellent,3709,yes,https://www.zomato.com/varanasi/the-taste-factory-2-mahmoorganj/info,"67,48,026",426,yes,no,no
L7 Club & Lounge,"North Indian, Continental, Finger Food, Biryani","₹1,700 for two",1700,4.5,pune,kalyani-nagar,quick_bite,0,0,0,4,high,excellent,3709,yes,https://www.zomato.com/varanasi/the-hazelnut-factory-lanka/info,"67,48,026",426,yes,no,no
SOUL - Neighbour Food Bar,"North Indian, Mughlai, Kebab, Biryani, Chinese, Desserts","₹1,000 for two",1000,4.4,pune,kalyani-nagar,quick_bite,0,0,0,6,high,excellent,3709,yes,https://www.zomato.com/RomasCafeDiner/info,"67,48,026",426,yes,no,no
Chang's,"Chinese, Asian, Fast Food, Seafood, Desserts, Beverages, Sichuan",₹800 for two,800,4.2,pune,kalyani-nagar,quick_bite,0,0,0,7,high,excellent,3709,yes,https://www.zomato.com/varanasi/pizzeria-vatika-cafe-nadesar/info,"67,48,026",426,yes,no,no
BNTR,"Bar Food, Fast Food","₹3,000 for two",3000,4.3,pune,kalyani-nagar,quick_bite,0,0,0,2,high,excellent,3709,yes,https://www.zomato.com/varanasi/charcoal-fine-dining-mahmoorganj/info,"67,48,026",426,yes,no,no
2BHK Diner & Key Club,"North Indian, Mediterranean, European, Finger Food, Italian, American, Beverages","₹3,000 for two",3000,4.4,pune,kalyani-nagar,quick_bite,0,0,1,7,high,excellent,3709,yes,https://www.zomato.com/varanasi/mysteria-bhelupur/info,"67,48,026",426,yes,no,no
Ba Ba Reeba,,"₹3,000 for two",3000,4.4,pune,kalyani-nagar,quick_bite,0,0,0,0,high,excellent,3709,yes,https://www.zomato.com/varanasi/the-hazelnut-factory-lanka/info,"67,48,026",426,yes,no,no
Oi Brewhouse,"Continental, Oriental","₹2,000 for two",2000,4.7,pune,kalyani-nagar,quick_bite,0,0,0,2,high,excellent,3709,yes,https://www.zomato.com/varanasi/molecule-gastro-bar-mahmoorganj/info,"67,48,026",426,yes,no,no
Doolally Taproom,"Continental, Pizza, Fast Food, North Indian, Chinese, Pasta, Desserts, Beverages","₹2,100 for two",2100,4.7,pune,kalyani-nagar,quick_bite,0,0,0,8,high,excellent,3709,yes,https://www.zomato.com/varanasi/the-luxury-lounge-by-sunsutra-chetganj/info,"67,48,026",426,yes,no,no
Melange Kitchen,"North Indian, Italian, Mexican, Arabian, Continental, Desserts, Beverages","₹2,000 for two",2000,4.4,pune,kharadi,quick_bite,0,0,0,7,high,excellent,3709,yes,https://www.zomato.com/varanasi/ganga-teere-by-guleria-kothi-hotel-dashaswmedh-road/info,"67,48,026",426,yes,no,no
SOUL - Neighbour Food Bar,"North Indian, Mughlai, Kebab, Biryani, Chinese, Desserts","₹1,000 for two",1000,4.4,pune,kharadi,quick_bite,0,0,0,6,high,excellent,3709,yes,https://www.zomato.com/varanasi/the-taste-factory-2-mahmoorganj/info,"67,48,026",426,yes,no,no
Chang's,"Chinese, Asian, Fast Food, Seafood, Desserts, Beverages, Sichuan",₹800 for two,800,4.2,pune,kharadi,quick_bite,0,0,0,7,high,excellent,3709,yes,https://www.zomato.com/RomasCafeDiner/info,"67,48,026",426,yes,no,no
Oi Brewhouse,"Continental, Oriental","₹2,000 for two",2000,4.7,pune,kharadi,quick_bite,0,0,0,2,high,excellent,3709,yes,https://www.zomato.com/varanasi/pizzeria-vatika-cafe-nadesar/info,"67,48,026",426,yes,no,no
Doolally Taproom,"Continental, Pizza, Fast Food, North Indian, Chinese, Pasta, Desserts, Beverages","₹2,100 for two",2100,4.7,pune,kharadi,quick_bite,0,0,0,8,high,excellent,3709,yes,https://www.zomato.com/varanasi/molecule-gastro-bar-mahmoorganj/info,"67,48,026",426,yes,no,no
Klinq - Cocktails & Cuisine,"North Indian, European, Asian, Continental, Italian, Lebanese, Bar Food, Desserts","₹2,400 for two",2400,4.4,pune,kharadi,quick_bite,0,0,0,8,high,excellent,3709,yes,https://www.zomato.com/varanasi/the-luxury-lounge-by-sunsutra-chetganj/info,"67,48,026",426,yes,no,no
The Mafia Sky Lounge,"Continental, North Indian, Oriental, Chinese, Seafood, Kebab, Desserts","₹2,400 for two",2400,4.2,pune,kharadi,quick_bite,0,0,0,7,high,excellent,3709,yes,https://www.zomato.com/varanasi/charcoal-fine-dining-mahmoorganj/info,"67,48,026",426,yes,no,no
Atmosphere 6,"North Indian, Continental, Chinese, Salad, Oriental","₹2,000 for two",2000,4.2,pune,kharadi,quick_bite,0,0,0,5,high,excellent,3709,yes,https://www.zomato.com/varanasi/ganga-teere-by-guleria-kothi-hotel-dashaswmedh-road/info,"67,48,026",426,yes,no,no
Paashh,"Beverages, Bakery, Continental, Desserts","₹1,800 for two",1800,4.8,pune,kharadi,quick_bite,0,0,0,4,high,excellent,3709,yes,https://www.zomato.com/varanasi/mysteria-bhelupur/info,"67,48,026",426,yes,no,no
SOUL - Neighbour Food Bar,"North Indian, Mughlai, Kebab, Biryani, Chinese, Desserts","₹1,000 for two",1000,4.4,pune,viman-nagar,quick_bite,0,0,0,6,high,excellent,3709,yes,https://www.zomato.com/varanasi/the-taste-factory-2-mahmoorganj/info,"67,48,026",426,yes,no,no
Boteco - Tapas Bar & Grill,"Brazilian, Bar Food, Seafood, Burger","₹2,000 for two",2000,4.9,pune,viman-nagar,quick_bite,0,0,0,4,high,excellent,3709,yes,https://www.zomato.com/varanasi/the-hazelnut-factory-lanka/info,"67,48,026",426,yes,no,no
L7 Club & Lounge,"North Indian, Continental, Finger Food, Biryani","₹1,700 for two",1700,4.5,pune,viman-nagar,quick_bite,0,0,0,4,high,excellent,3709,yes,https://www.zomato.com/trivandrum/zam-zam-palayam-palayam/info,"67,48,026",426,yes,no,no
Chang's,"Chinese, Asian, Fast Food, Seafood, Desserts, Beverages, Sichuan",₹800 for two,800,4.2,pune,viman-nagar,quick_bite,0,0,0,7,high,excellent,3709,yes,https://www.zomato.com/trivandrum/villa-maya-kannanthura/info,"67,48,026",426,yes,no,no
BNTR,"Bar Food, Fast Food","₹3,000 for two",3000,4.3,pune,viman-nagar,quick_bite,0,0,0,2,high,excellent,3709,yes,https://www.zomato.com/trivandrum/bumi-eanchakkal/info,"67,48,026",426,yes,no,no
Oi Brewhouse,"Continental, Oriental","₹2,000 for two",2000,4.7,pune,viman-nagar,quick_bite,0,0,0,2,high,excellent,3709,yes,https://www.zomato.com/trivandrum/garden-grille-and-bar-palayam/info,"67,48,026",426,yes,no,no
Doolally Taproom,"Continental, Pizza, Fast Food, North Indian, Chinese, Pasta, Desserts, Beverages","₹2,100 for two",2100,4.7,pune,viman-nagar,quick_bite,0,0,0,8,high,excellent,3709,yes,https://www.zomato.com/trivandrum/burj-al-mandi-palayam/info,"67,48,026",426,yes,no,no
Klinq - Cocktails & Cuisine,"North Indian, European, Asian, Continental, Italian, Lebanese, Bar Food, Desserts","₹2,400 for two",2400,4.4,pune,viman-nagar,quick_bite,0,0,0,8,high,excellent,3709,yes,https://www.zomato.com/trivandrum/barbeque-nation-kumarapuram/info,"67,48,026",426,yes,no,no
Malaka Spice,"Asian, Thai, Salad, Seafood, Sushi, Desserts","₹1,200 for two",1200,4.7,pune,viman-nagar,quick_bite,0,0,0,6,high,excellent,3709,yes,https://www.zomato.com/trivandrum/le-lumiere-restaurant-kesavadasapuram/info,"67,48,026",426,yes,no,no
The Boho,"Italian, Continental, Asian, Modern Indian, Thai","₹1,000 for two",1000,4.4,puducherry,auroville,quick_bite,0,0,0,5,high,excellent,3709,yes,https://www.zomato.com/trivandrum/hanami-kannanthura/info,"67,48,026",426,yes,no,no
Anthé Restaurant,"Continental, Oriental, Italian, Asian, Bar Food, Seafood, Desserts, Modern Indian","₹1,700 for two",1700,4.9,puducherry,auroville,quick_bite,0,0,0,8,high,excellent,3709,yes,https://www.zomato.com/trivandrum/taco-bell-kumarapuram/info,"67,48,026",426,yes,no,no
Vaanam,"North Indian, Pizza, Biryani, Continental","₹1,200 for two",1200,4.1,puducherry,auroville,quick_bite,0,0,0,4,high,excellent,3709,yes,https://www.zomato.com/trivandrum/zam-zam-palayam-palayam/info,"67,48,026",426,yes,no,no
Catamaran Brewing,"Continental, North Indian, Asian, Pasta, French, Seafood, South Indian, Beverages","₹1,600 for two",1600,4.9,puducherry,auroville,quick_bite,0,0,0,8,high,excellent,3709,yes,https://www.zomato.com/trivandrum/villa-maya-kannanthura/info,"67,48,026",426,yes,no,no
Villa Shanti,"Continental, Bar Food, Italian, French, Finger Food, Beverages","₹1,500 for two",1500,4.4,puducherry,auroville,quick_bite,0,0,0,6,high,excellent,3709,yes,https://www.zomato.com/trivandrum/barbeque-nation-kumarapuram/info,"67,48,026",426,yes,no,no
La Villa,"Continental, Italian, Beverages","₹1,400 for two",1400,4.8,puducherry,auroville,quick_bite,0,0,0,3,high,excellent,3709,yes,https://www.zomato.com/trivandrum/le-lumiere-restaurant-kesavadasapuram/info,"67,48,026",426,yes,no,no
The Essence Brew,Beverages,"₹1,800 for two",1800,4.1,puducherry,auroville,quick_bite,0,0,0,1,high,excellent,3709,yes,https://www.zomato.com/trivandrum/bumi-eanchakkal/info,"67,48,026",426,yes,no,no
Oh Pondi,"Biryani, Chettinad, Chinese, South Indian","₹1,000 for two",1000,4.4,puducherry,auroville,quick_bite,0,0,0,4,high,excellent,3709,yes,https://www.zomato.com/trivandrum/hanami-kannanthura/info,"67,48,026",426,yes,no,no
Asian House,"Asian, Continental, North Indian, Thai, Salad, Desserts, Beverages","₹1,000 for two",1000,4,puducherry,auroville,quick_bite,0,0,0,7,high,excellent,3709,yes,https://www.zomato.com/trivandrum/garden-grille-and-bar-palayam/info,"67,48,026",426,yes,no,no
Anthé Restaurant,"Continental, Oriental, Italian, Asian, Bar Food, Seafood, Desserts, Modern Indian","₹1,700 for two",1700,4.9,puducherry,gandhinagar,quick_bite,0,0,0,8,high,excellent,3709,yes,https://www.zomato.com/trivandrum/taco-bell-kumarapuram/info,"67,48,026",426,yes,no,no
Vaanam,"North Indian, Pizza, Biryani, Continental","₹1,200 for two",1200,4.1,puducherry,gandhinagar,quick_bite,0,0,0,4,high,excellent,3709,yes,https://www.zomato.com/trivandrum/burj-al-mandi-palayam/info,"67,48,026",426,yes,no,no
The Essence Brew,Beverages,"₹1,800 for two",1800,4.1,puducherry,gandhinagar,quick_bite,0,0,0,1,high,excellent,3709,yes,https://www.zomato.com/trivandrum/zam-zam-restaurant-kulathoor/info,"67,48,026",426,yes,no,no
Catamaran Brewing,"Continental, North Indian, Asian, Pasta, French, Seafood, South Indian, Beverages","₹1,600 for two",1600,4.9,puducherry,gandhinagar,quick_bite,0,0,0,8,high,excellent,3709,yes,https://www.zomato.com/trivandrum/al-saj-restaurant-kazhakkoottam/info,"67,48,026",426,yes,no,no
The Boho,"Italian, Continental, Asian, Modern Indian, Thai","₹1,000 for two",1000,4.4,puducherry,gandhinagar,quick_bite,0,0,0,5,high,excellent,3709,yes,https://www.zomato.com/trivandrum/blnd-thumba/info,"67,48,026",426,yes,no,no
Villa Shanti,"Continental, Bar Food, Italian, French, Finger Food, Beverages","₹1,500 for two",1500,4.4,puducherry,gandhinagar,quick_bite,0,0,0,6,high,excellent,3709,yes,https://www.zomato.com/trivandrum/fiery-box-kazhakkoottam/info,"67,48,026",426,yes,no,no
La Villa,"Continental, Italian, Beverages","₹1,400 for two",1400,4.8,puducherry,gandhinagar,quick_bite,0,0,0,3,high,excellent,3709,yes,https://www.zomato.com/trivandrum/terrace-makkawao-kulathoor/info,"67,48,026",426,yes,no,no
Oh Pondi,"Biryani, Chettinad, Chinese, South Indian","₹1,000 for two",1000,4.4,puducherry,gandhinagar,quick_bite,0,0,0,4,high,excellent,3709,yes,https://www.zomato.com/trivandrum/baital-mandi-restaurant-kulathoor/info,"67,48,026",426,yes,no,no
Asian House,"Asian, Continental, North Indian, Thai, Salad, Desserts, Beverages","₹1,000 for two",1000,4,puducherry,gandhinagar,quick_bite,0,0,0,7,high,excellent,3709,yes,https://www.zomato.com/trivandrum/malabar-qissa-kulathoor/info,"67,48,026",426,yes,no,no
Anthé Restaurant,"Continental, Oriental, Italian, Asian, Bar Food, Seafood, Desserts, Modern Indian","₹1,700 for two",1700,4.9,puducherry,mudaliarpet,quick_bite,0,0,0,8,high,excellent,3709,yes,https://www.zomato.com/trivandrum/le-arabia-kulathoor/info,"67,48,026",426,yes,no,no
Vaanam,"North Indian, Pizza, Biryani, Continental","₹1,200 for two",1200,4.1,puducherry,mudaliarpet,quick_bite,0,0,0,4,high,excellent,3709,yes,https://www.zomato.com/trivandrum/amigoz-kulathoor/info,"67,48,026",426,yes,no,no
Villa Shanti,"Continental, Bar Food, Italian, French, Finger Food, Beverages","₹1,500 for two",1500,4.4,puducherry,mudaliarpet,quick_bite,0,0,0,6,high,excellent,3709,yes,https://www.zomato.com/trivandrum/zam-zam-restaurant-kulathoor/info,"67,48,026",426,yes,no,no
La Villa,"Continental, Italian, Beverages","₹1,400 for two",1400,4.8,puducherry,mudaliarpet,quick_bite,0,0,0,3,high,excellent,3709,yes,https://www.zomato.com/trivandrum/al-saj-restaurant-kazhakkoottam/info,"67,48,026",426,yes,no,no
Oh Pondi,"Biryani, Chettinad, Chinese, South Indian","₹1,000 for two",1000,4.4,puducherry,mudaliarpet,quick_bite,0,0,0,4,high,excellent,3709,yes,https://www.zomato.com/trivandrum/baital-mandi-restaurant-kulathoor/info,"67,48,026",426,yes,no,no
Asian House,"Asian, Continental, North Indian, Thai, Salad, Desserts, Beverages","₹1,000 for two",1000,4,puducherry,mudaliarpet,quick_bite,0,0,0,7,high,excellent,3709,yes,https://www.zomato.com/trivandrum/malabar-qissa-kulathoor/info,"67,48,026",426,yes,no,no
Catamaran Brewing,"Continental, North Indian, Asian, Pasta, French, Seafood, South Indian, Beverages","₹1,600 for two",1600,4.9,puducherry,mudaliarpet,quick_bite,0,0,0,8,high,excellent,3709,yes,https://www.zomato.com/trivandrum/blnd-thumba/info,"67,48,026",426,yes,no,no
The Essence Brew,Beverages,"₹1,800 for two",1800,4.1,puducherry,mudaliarpet,quick_bite,0,0,0,1,high,excellent,3709,yes,https://www.zomato.com/trivandrum/le-arabia-kulathoor/info,"67,48,026",426,yes,no,no
Ciclo Cafe,"Cafe, Continental, Italian, Desserts",₹750 for two,750,4.6,puducherry,mudaliarpet,quick_bite,0,0,0,4,high,excellent,3709,yes,https://www.zomato.com/trivandrum/fiery-box-kazhakkoottam/info,"67,48,026",426,yes,no,no
The Boho,"Italian, Continental, Asian, Modern Indian, Thai","₹1,000 for two",1000,4.4,puducherry,kottukuppam,quick_bite,0,0,0,5,high,excellent,3709,yes,https://www.zomato.com/trivandrum/amigoz-kulathoor/info,"67,48,026",426,yes,no,no
Anthé Restaurant,"Continental, Oriental, Italian, Asian, Bar Food, Seafood, Desserts, Modern Indian","₹1,700 for two",1700,4.9,puducherry,kottukuppam,quick_bite,0,0,0,8,high,excellent,3709,yes,https://www.zomato.com/trivandrum/terrace-makkawao-kulathoor/info,"67,48,026",426,yes,no,no
Vaanam,"North Indian, Pizza, Biryani, Continental","₹1,200 for two",1200,4.1,puducherry,kottukuppam,quick_bite,0,0,0,4,high,excellent,3709,yes,https://www.zomato.com/trivandrum/paragon-restaurant-kesavadasapuram/info,"67,48,026",426,yes,no,no
Catamaran Brewing,"Continental, North Indian, Asian, Pasta, French, Seafood, South Indian, Beverages","₹1,600 for two",1600,4.9,puducherry,kottukuppam,quick_bite,0,0,0,8,high,excellent,3709,yes,https://www.zomato.com/trivandrum/zam-zam-palayam-palayam/info,"67,48,026",426,yes,no,no
Villa Shanti,"Continental, Bar Food, Italian, French, Finger Food, Beverages","₹1,500 for two",1500,4.4,puducherry,kottukuppam,quick_bite,0,0,0,6,high,excellent,3709,yes,https://www.zomato.com/trivandrum/cafe-sarwaa-thycaud/info,"67,48,026",426,yes,no,no
La Villa,"Continental, Italian, Beverages","₹1,400 for two",1400,4.8,puducherry,kottukuppam,quick_bite,0,0,0,3,high,excellent,3709,yes,https://www.zomato.com/trivandrum/garden-grille-and-bar-palayam/info,"67,48,026",426,yes,no,no
Oh Pondi,"Biryani, Chettinad, Chinese, South Indian","₹1,000 for two",1000,4.4,puducherry,kottukuppam,quick_bite,0,0,0,4,high,excellent,3709,yes,https://www.zomato.com/trivandrum/mandi-manzil-thycaud/info,"67,48,026",426,yes,no,no
Asian House,"Asian, Continental, North Indian, Thai, Salad, Desserts, Beverages","₹1,000 for two",1000,4,puducherry,kottukuppam,quick_bite,0,0,0,7,high,excellent,3709,yes,https://www.zomato.com/trivandrum/le-lumiere-restaurant-kesavadasapuram/info,"67,48,026",426,yes,no,no
Ciclo Cafe,"Cafe, Continental, Italian, Desserts",₹750 for two,750,4.6,puducherry,kottukuppam,quick_bite,0,0,0,4,high,excellent,3709,yes,https://www.zomato.com/trivandrum/mandi-manzil-ulloor/info,"67,48,026",426,yes,no,no
Anthé Restaurant,"Continental, Oriental, Italian, Asian, Bar Food, Seafood, Desserts, Modern Indian","₹1,700 for two",1700,4.9,puducherry,heritage-town,quick_bite,0,0,0,8,high,excellent,3709,yes,https://www.zomato.com/trivandrum/the-burger-kitchen-ambalamukku/info,"67,48,026",426,yes,no,no
Vaanam,"North Indian, Pizza, Biryani, Continental","₹1,200 for two",1200,4.1,puducherry,heritage-town,quick_bite,0,0,0,4,high,excellent,3709,yes,https://www.zomato.com/trivandrum/bakers-arch-ambalamukku/info,"67,48,026",426,yes,no,no
Catamaran Brewing,"Continental, North Indian, Asian, Pasta, French, Seafood, South Indian, Beverages","₹1,600 for two",1600,4.9,puducherry,heritage-town,quick_bite,0,0,0,8,high,excellent,3709,yes,https://www.zomato.com/trivandrum/paragon-restaurant-kesavadasapuram/info,"67,48,026",426,yes,no,no
Villa Shanti,"Continental, Bar Food, Italian, French, Finger Food, Beverages","₹1,500 for two",1500,4.4,puducherry,heritage-town,quick_bite,0,0,0,6,high,excellent,3709,yes,https://www.zomato.com/trivandrum/zam-zam-palayam-palayam/info,"67,48,026",426,yes,no,no
The Boho,"Italian, Continental, Asian, Modern Indian, Thai","₹1,000 for two",1000,4.4,puducherry,heritage-town,quick_bite,0,0,0,5,high,excellent,3709,yes,https://www.zomato.com/trivandrum/le-lumiere-restaurant-kesavadasapuram/info,"67,48,026",426,yes,no,no
La Villa,"Continental, Italian, Beverages","₹1,400 for two",1400,4.8,puducherry,heritage-town,quick_bite,0,0,0,3,high,excellent,3709,yes,https://www.zomato.com/trivandrum/mandi-manzil-ulloor/info,"67,48,026",426,yes,no,no
Oh Pondi,"Biryani, Chettinad, Chinese, South Indian","₹1,000 for two",1000,4.4,puducherry,heritage-town,quick_bite,0,0,0,4,high,excellent,3709,yes,https://www.zomato.com/trivandrum/cafe-sarwaa-thycaud/info,"67,48,026",426,yes,no,no
Asian House,"Asian, Continental, North Indian, Thai, Salad, Desserts, Beverages","₹1,000 for two",1000,4,puducherry,heritage-town,quick_bite,0,0,0,7,high,excellent,3709,yes,https://www.zomato.com/trivandrum/the-burger-kitchen-ambalamukku/info,"67,48,026",426,yes,no,no
Ciclo Cafe,"Cafe, Continental, Italian, Desserts",₹750 for two,750,4.6,puducherry,heritage-town,quick_bite,0,0,0,4,high,excellent,3709,yes,https://www.zomato.com/trivandrum/garden-grille-and-bar-palayam/info,"67,48,026",426,yes,no,no
Vaanam,"North Indian, Pizza, Biryani, Continental","₹1,200 for two",1200,4.1,puducherry,lawspet,quick_bite,0,0,0,4,high,excellent,3709,yes,https://www.zomato.com/trivandrum/bakers-arch-ambalamukku/info,"67,48,026",426,yes,no,no
Anthé Restaurant,"Continental, Oriental, Italian, Asian, Bar Food, Seafood, Desserts, Modern Indian","₹1,700 for two",1700,4.9,puducherry,lawspet,quick_bite,0,0,0,8,high,excellent,3709,yes,https://www.zomato.com/trivandrum/mandi-manzil-thycaud/info,"67,48,026",426,yes,no,no
The Boho,"Italian, Continental, Asian, Modern Indian, Thai","₹1,000 for two",1000,4.4,puducherry,lawspet,quick_bite,0,0,0,5,high,excellent,3709,yes,https://www.zomato.com/trivandrum/paragon-restaurant-kesavadasapuram/info,"67,48,026",426,yes,no,no
Catamaran Brewing,"Continental, North Indian, Asian, Pasta, French, Seafood, South Indian, Beverages","₹1,600 for two",1600,4.9,puducherry,lawspet,quick_bite,0,0,0,8,high,excellent,3709,yes,https://www.zomato.com/trivandrum/zam-zam-palayam-palayam/info,"67,48,026",426,yes,no,no
The Essence Brew,Beverages,"₹1,800 for two",1800,4.1,puducherry,lawspet,quick_bite,0,0,0,1,high,excellent,3709,yes,https://www.zomato.com/trivandrum/cafe-sarwaa-thycaud/info,"67,48,026",426,yes,no,no
Villa Shanti,"Continental, Bar Food, Italian, French, Finger Food, Beverages","₹1,500 for two",1500,4.4,puducherry,lawspet,quick_bite,0,0,0,6,high,excellent,3709,yes,https://www.zomato.com/trivandrum/garden-grille-and-bar-palayam/info,"67,48,026",426,yes,no,no
La Villa,"Continental, Italian, Beverages","₹1,400 for two",1400,4.8,puducherry,lawspet,quick_bite,0,0,0,3,high,excellent,3709,yes,https://www.zomato.com/trivandrum/mandi-manzil-thycaud/info,"67,48,026",426,yes,no,no
Oh Pondi,"Biryani, Chettinad, Chinese, South Indian","₹1,000 for two",1000,4.4,puducherry,lawspet,quick_bite,0,0,0,4,high,excellent,3709,yes,https://www.zomato.com/trivandrum/barbeque-nation-kumarapuram/info,"67,48,026",426,yes,no,no
Asian House,"Asian, Continental, North Indian, Thai, Salad, Desserts, Beverages","₹1,000 for two",1000,4,puducherry,lawspet,quick_bite,0,0,0,7,high,excellent,3709,yes,https://www.zomato.com/trivandrum/le-lumiere-restaurant-kesavadasapuram/info,"67,48,026",426,yes,no,no
Anthé Restaurant,"Continental, Oriental, Italian, Asian, Bar Food, Seafood, Desserts, Modern Indian","₹1,700 for two",1700,4.9,puducherry,white-town,quick_bite,0,0,0,8,high,excellent,3709,yes,https://www.zomato.com/trivandrum/mandi-manzil-ulloor/info,"67,48,026",426,yes,no,no
Villa Shanti,"Continental, Bar Food, Italian, French, Finger Food, Beverages","₹1,500 for two",1500,4.4,puducherry,white-town,quick_bite,0,0,0,6,high,excellent,3709,yes,https://www.zomato.com/trivandrum/the-burger-kitchen-ambalamukku/info,"67,48,026",426,yes,no,no
Vaanam,"North Indian, Pizza, Biryani, Continental","₹1,200 for two",1200,4.1,puducherry,white-town,quick_bite,0,0,0,4,high,excellent,3709,yes,https://www.zomato.com/trivandrum/paragon-restaurant-kesavadasapuram/info,"67,48,026",426,yes,no,no
Oh Pondi,"Biryani, Chettinad, Chinese, South Indian","₹1,000 for two",1000,4.4,puducherry,white-town,quick_bite,0,0,0,4,high,excellent,3709,yes,https://www.zomato.com/trivandrum/zam-zam-palayam-palayam/info,"67,48,026",426,yes,no,no
Asian House,"Asian, Continental, North Indian, Thai, Salad, Desserts, Beverages","₹1,000 for two",1000,4,puducherry,white-town,quick_bite,0,0,0,7,high,excellent,3709,yes,https://www.zomato.com/trivandrum/barbeque-nation-kumarapuram/info,"67,48,026",426,yes,no,no
La Villa,"Continental, Italian, Beverages","₹1,400 for two",1400,4.8,puducherry,white-town,quick_bite,0,0,0,3,high,excellent,3709,yes,https://www.zomato.com/trivandrum/le-lumiere-restaurant-kesavadasapuram/info,"67,48,026",426,yes,no,no
Ciclo Cafe,"Cafe, Continental, Italian, Desserts",₹750 for two,750,4.6,puducherry,white-town,quick_bite,0,0,0,4,high,excellent,3709,yes,https://www.zomato.com/trivandrum/cafe-sarwaa-thycaud/info,"67,48,026",426,yes,no,no
Catamaran Brewing,"Continental, North Indian, Asian, Pasta, French, Seafood, South Indian, Beverages","₹1,600 for two",1600,4.9,puducherry,white-town,quick_bite,0,0,0,8,high,excellent,3709,yes,https://www.zomato.com/trivandrum/mandi-manzil-ulloor/info,"67,48,026",426,yes,no,no
The Boho,"Italian, Continental, Asian, Modern Indian, Thai","₹1,000 for two",1000,4.4,puducherry,white-town,quick_bite,0,0,0,5,high,excellent,3709,yes,https://www.zomato.com/trivandrum/garden-grille-and-bar-palayam/info,"67,48,026",426,yes,no,no
Anthé Restaurant,"Continental, Oriental, Italian, Asian, Bar Food, Seafood, Desserts, Modern Indian","₹1,700 for two",1700,4.9,puducherry,mg-road,quick_bite,0,0,0,8,high,excellent,3709,yes,https://www.zomato.com/trivandrum/the-burger-kitchen-ambalamukku/info,"67,48,026",426,yes,no,no
Vaanam,"North Indian, Pizza, Biryani, Continental","₹1,200 for two",1200,4.1,puducherry,mg-road,quick_bite,0,0,0,4,high,excellent,3709,yes,https://www.zomato.com/trivandrum/mandi-manzil-thycaud/info,"67,48,026",426,yes,no,no
Villa Shanti,"Continental, Bar Food, Italian, French, Finger Food, Beverages","₹1,500 for two",1500,4.4,puducherry,mg-road,quick_bite,0,0,0,6,high,excellent,3709,yes,https://www.zomato.com/trivandrum/paragon-restaurant-kesavadasapuram/info,"67,48,026",426,yes,no,no
La Villa,"Continental, Italian, Beverages","₹1,400 for two",1400,4.8,puducherry,mg-road,quick_bite,0,0,0,3,high,excellent,3709,yes,https://www.zomato.com/trivandrum/zam-zam-palayam-palayam/info,"67,48,026",426,yes,no,no
Oh Pondi,"Biryani, Chettinad, Chinese, South Indian","₹1,000 for two",1000,4.4,puducherry,mg-road,quick_bite,0,0,0,4,high,excellent,3709,yes,https://www.zomato.com/trivandrum/villa-maya-kannanthura/info,"67,48,026",426,yes,no,no
Asian House,"Asian, Continental, North Indian, Thai, Salad, Desserts, Beverages","₹1,000 for two",1000,4,puducherry,mg-road,quick_bite,0,0,0,7,high,excellent,3709,yes,https://www.zomato.com/trivandrum/bumi-eanchakkal/info,"67,48,026",426,yes,no,no
Ciclo Cafe,"Cafe, Continental, Italian, Desserts",₹750 for two,750,4.6,puducherry,mg-road,quick_bite,0,0,0,4,high,excellent,3709,yes,https://www.zomato.com/trivandrum/cafe-sarwaa-thycaud/info,"67,48,026",426,yes,no,no
Catamaran Brewing,"Continental, North Indian, Asian, Pasta, French, Seafood, South Indian, Beverages","₹1,600 for two",1600,4.9,puducherry,mg-road,quick_bite,0,0,0,8,high,excellent,3709,yes,https://www.zomato.com/trivandrum/garden-grille-and-bar-palayam/info,"67,48,026",426,yes,no,no
The Boho,"Italian, Continental, Asian, Modern Indian, Thai","₹1,000 for two",1000,4.4,puducherry,mg-road,quick_bite,0,0,0,5,high,excellent,3709,yes,https://www.zomato.com/trivandrum/mandi-manzil-thycaud/info,"67,48,026",426,yes,no,no
Earl's Secret,"Continental, North Indian","₹1,200 for two",1200,4.2,ooty,anna-nagar,quick_bite,0,0,0,2,high,excellent,3709,yes,https://www.zomato.com/trivandrum/burj-al-mandi-palayam/info,"67,48,026",426,yes,no,no
Sugar Dribble,"Cafe, Continental, Fast Food, Beverages",₹800 for two,800,4.9,ooty,anna-nagar,quick_bite,0,0,0,4,high,excellent,3709,yes,https://www.zomato.com/trivandrum/barbeque-nation-kumarapuram/info,"67,48,026",426,yes,no,no
Kailash Parbat,"North Indian, South Indian, Chinese, Street Food, Sandwich, Fast Food, Sichuan","₹1,000 for two",1000,4,ooty,anna-nagar,quick_bite,0,0,0,7,high,excellent,3709,yes,https://www.zomato.com/trivandrum/paragon-restaurant-kesavadasapuram/info,"67,48,026",426,yes,no,no
Bird Of Paradise Bistro - Willow Hill,"North Indian, Pasta, Mughlai, Kebab, Street Food, Fast Food, Desserts, Beverages","₹1,600 for two",1600,4.5,ooty,anna-nagar,quick_bite,0,0,0,8,high,excellent,3709,yes,https://www.zomato.com/trivandrum/zam-zam-palayam-palayam/info,"67,48,026",426,yes,no,no
Hotel Junior Kuppanna,"North Indian, Biryani, South Indian, Chettinad",₹400 for two,400,3.8,ooty,anna-nagar,quick_bite,0,0,0,4,medium,good,3709,yes,https://www.zomato.com/trivandrum/garden-grille-and-bar-palayam/info,"67,48,026",426,yes,no,no
Le Cafe,"Cafe, Bakery",₹500 for two,500,3.9,ooty,anna-nagar,quick_bite,0,0,0,2,high,good,3709,yes,https://www.zomato.com/trivandrum/mandi-manzil-thycaud/info,"67,48,026",426,yes,no,no
A2B - Adyar Ananda Bhavan,"South Indian, North Indian, Chinese, Fast Food, Street Food, Desserts, Beverages",₹600 for two,600,3.9,ooty,anna-nagar,quick_bite,0,0,0,7,high,good,3709,yes,https://www.zomato.com/trivandrum/villa-maya-kannanthura/info,"67,48,026",426,yes,no,no
Shinkows Chinese Restaurant,Chinese,₹800 for two,800,3.5,ooty,anna-nagar,quick_bite,0,0,0,1,high,good,3709,yes,https://www.zomato.com/trivandrum/burj-al-mandi-palayam/info,"67,48,026",426,yes,no,no
Angaara,"Arabian, Chinese, Continental, South Indian, Pasta","₹1,000 for two",1000,4.3,ooty,anna-nagar,quick_bite,0,0,0,5,high,excellent,3709,yes,https://www.zomato.com/trivandrum/bumi-eanchakkal/info,"67,48,026",426,yes,no,no
Earl's Secret,"Continental, North Indian","₹1,200 for two",1200,4.2,ooty,kandal,quick_bite,0,0,0,2,high,excellent,3709,yes,https://www.zomato.com/trivandrum/barbeque-nation-kumarapuram/info,"12,12,610",82,yes,no,no
Sugar Dribble,"Cafe, Continental, Fast Food, Beverages",₹800 for two,800,4.9,ooty,kandal,quick_bite,0,0,0,4,high,excellent,3709,yes,https://www.zomato.com/trivandrum/cafe-sarwaa-thycaud/info,"12,12,610",82,yes,no,no
Kailash Parbat,"North Indian, South Indian, Chinese, Street Food, Sandwich, Fast Food, Sichuan","₹1,000 for two",1000,4,ooty,kandal,quick_bite,0,0,0,7,high,excellent,3709,yes,https://www.zomato.com/trivandrum/paragon-restaurant-kesavadasapuram/info,"12,12,610",82,yes,no,no
Bird Of Paradise Bistro - Willow Hill,"North Indian, Pasta, Mughlai, Kebab, Street Food, Fast Food, Desserts, Beverages","₹1,600 for two",1600,4.5,ooty,kandal,quick_bite,0,0,0,8,high,excellent,3709,yes,https://www.zomato.com/trivandrum/zam-zam-palayam-palayam/info,"12,12,610",82,yes,no,no
Hotel Junior Kuppanna,"North Indian, Biryani, South Indian, Chettinad",₹400 for two,400,3.8,ooty,kandal,quick_bite,0,0,0,4,medium,good,3709,yes,https://www.zomato.com/trivandrum/villa-maya-kannanthura/info,"12,12,610",82,yes,no,no
Le Cafe,"Cafe, Bakery",₹500 for two,500,3.9,ooty,kandal,quick_bite,0,0,0,2,high,good,3709,yes,https://www.zomato.com/trivandrum/bumi-eanchakkal/info,"12,12,610",82,yes,no,no
A2B - Adyar Ananda Bhavan,"South Indian, North Indian, Chinese, Fast Food, Street Food, Desserts, Beverages",₹600 for two,600,3.9,ooty,kandal,quick_bite,0,0,0,7,high,good,3709,yes,https://www.zomato.com/trivandrum/ban-racism-karamana/info,"12,12,610",82,yes,no,no
Shinkows Chinese Restaurant,Chinese,₹800 for two,800,3.5,ooty,kandal,quick_bite,0,0,0,1,high,good,3709,yes,https://www.zomato.com/trivandrum/cafe-sarwaa-thycaud/info,"12,12,610",82,yes,no,no
Angaara,"Arabian, Chinese, Continental, South Indian, Pasta","₹1,000 for two",1000,4.3,ooty,kandal,quick_bite,0,0,0,5,high,excellent,3709,yes,https://www.zomato.com/trivandrum/garden-grille-and-bar-palayam/info,"12,12,610",82,yes,no,no
Earl's Secret,"Continental, North Indian","₹1,200 for two",1200,4.2,ooty,marlimund,quick_bite,0,0,0,2,high,excellent,3709,yes,https://www.zomato.com/trivandrum/mandi-manzil-thycaud/info,"12,12,610",82,yes,no,no
Sugar Dribble,"Cafe, Continental, Fast Food, Beverages",₹800 for two,800,4.9,ooty,marlimund,quick_bite,0,0,0,4,high,excellent,3709,yes,https://www.zomato.com/trivandrum/burj-al-mandi-palayam/info,"12,12,610",82,yes,no,no
Kailash Parbat,"North Indian, South Indian, Chinese, Street Food, Sandwich, Fast Food, Sichuan","₹1,000 for two",1000,4,ooty,marlimund,quick_bite,0,0,0,7,high,excellent,3709,yes,https://www.zomato.com/trivandrum/paragon-restaurant-kesavadasapuram/info,"12,12,610",82,yes,no,no
Bird Of Paradise Bistro - Willow Hill,"North Indian, Pasta, Mughlai, Kebab, Street Food, Fast Food, Desserts, Beverages","₹1,600 for two",1600,4.5,ooty,marlimund,quick_bite,0,0,0,8,high,excellent,3709,yes,https://www.zomato.com/trivandrum/zam-zam-palayam-palayam/info,"12,12,610",82,yes,no,no
Hotel Junior Kuppanna,"North Indian, Biryani, South Indian, Chettinad",₹400 for two,400,3.8,ooty,marlimund,quick_bite,0,0,0,4,medium,good,3709,yes,https://www.zomato.com/trivandrum/cafe-sarwaa-thycaud/info,"12,12,610",82,yes,no,no
Le Cafe,"Cafe, Bakery",₹500 for two,500,3.9,ooty,marlimund,quick_bite,0,0,0,2,high,good,3709,yes,https://www.zomato.com/trivandrum/garden-grille-and-bar-palayam/info,"12,12,610",82,yes,no,no
A2B - Adyar Ananda Bhavan,"South Indian, North Indian, Chinese, Fast Food, Street Food, Desserts, Beverages",₹600 for two,600,3.9,ooty,marlimund,quick_bite,0,0,0,7,high,good,3709,yes,https://www.zomato.com/trivandrum/villa-maya-kannanthura/info,"12,12,610",82,yes,no,no
Shinkows Chinese Restaurant,Chinese,₹800 for two,800,3.5,ooty,marlimund,quick_bite,0,0,0,1,high,good,3709,yes,https://www.zomato.com/trivandrum/mandi-manzil-thycaud/info,"12,12,610",82,yes,no,no
Angaara,"Arabian, Chinese, Continental, South Indian, Pasta","₹1,000 for two",1000,4.3,ooty,marlimund,quick_bite,0,0,0,5,high,excellent,3709,yes,https://www.zomato.com/trivandrum/bumi-eanchakkal/info,"12,12,610",82,yes,no,no
Earl's Secret,"Continental, North Indian","₹1,200 for two",1200,4.2,ooty,elk-hill,quick_bite,0,0,0,2,high,excellent,3709,yes,https://www.zomato.com/trivandrum/burj-al-mandi-palayam/info,"12,12,610",82,yes,no,no
Sugar Dribble,"Cafe, Continental, Fast Food, Beverages",₹800 for two,800,4.9,ooty,elk-hill,quick_bite,0,0,0,4,high,excellent,3709,yes,https://www.zomato.com/trivandrum/ban-racism-karamana/info,"12,12,610",82,yes,no,no
Kailash Parbat,"North Indian, South Indian, Chinese, Street Food, Sandwich, Fast Food, Sichuan","₹1,000 for two",1000,4,ooty,elk-hill,quick_bite,0,0,0,7,high,excellent,3709,yes,https://www.zomato.com/trivandrum/zam-zam-palayam-palayam/info,"12,12,610",82,yes,no,no
Bird Of Paradise Bistro - Willow Hill,"North Indian, Pasta, Mughlai, Kebab, Street Food, Fast Food, Desserts, Beverages","₹1,600 for two",1600,4.5,ooty,elk-hill,quick_bite,0,0,0,8,high,excellent,3709,yes,https://www.zomato.com/trivandrum/villa-maya-kannanthura/info,"12,12,610",82,yes,no,no
Hotel Junior Kuppanna,"North Indian, Biryani, South Indian, Chettinad",₹400 for two,400,3.8,ooty,elk-hill,quick_bite,0,0,0,4,medium,good,3709,yes,https://www.zomato.com/trivandrum/bumi-eanchakkal/info,"12,12,610",82,yes,no,no
Le Cafe,"Cafe, Bakery",₹500 for two,500,3.9,ooty,elk-hill,quick_bite,0,0,0,2,high,good,3709,yes,https://www.zomato.com/trivandrum/ban-racism-karamana/info,"12,12,610",82,yes,no,no
The Culinarium,"Continental, Fast Food, Chinese, Desserts, Beverages","₹1,200 for two",1200,4.2,ooty,elk-hill,quick_bite,0,0,0,5,high,excellent,3709,yes,https://www.zomato.com/trivandrum/cafe-sarwaa-thycaud/info,"12,12,610",82,yes,no,no
A2B - Adyar Ananda Bhavan,"South Indian, North Indian, Chinese, Fast Food, Street Food, Desserts, Beverages",₹600 for two,600,3.9,ooty,elk-hill,quick_bite,0,0,0,7,high,good,3709,yes,https://www.zomato.com/trivandrum/garden-grille-and-bar-palayam/info,"12,12,610",82,yes,no,no
Shinkows Chinese Restaurant,Chinese,₹800 for two,800,3.5,ooty,elk-hill,quick_bite,0,0,0,1,high,good,3709,yes,https://www.zomato.com/trivandrum/mandi-manzil-thycaud/info,"12,12,610",82,yes,no,no
Earl's Secret,"Continental, North Indian","₹1,200 for two",1200,4.2,ooty,fern-hill,quick_bite,0,0,0,2,high,excellent,3709,yes,https://www.zomato.com/trivandrum/burj-al-mandi-palayam/info,"12,12,610",82,yes,no,no
Sugar Dribble,"Cafe, Continental, Fast Food, Beverages",₹800 for two,800,4.9,ooty,fern-hill,quick_bite,0,0,0,4,high,excellent,3709,yes,https://www.zomato.com/trivandrum/le-lumiere-restaurant-kesavadasapuram/info,"12,12,610",82,yes,no,no
Kailash Parbat,"North Indian, South Indian, Chinese, Street Food, Sandwich, Fast Food, Sichuan","₹1,000 for two",1000,4,ooty,fern-hill,quick_bite,0,0,0,7,high,excellent,3709,yes,https://www.zomato.com/trivandrum/zam-zam-palayam-palayam/info,"12,12,610",82,yes,no,no
Bird Of Paradise Bistro - Willow Hill,"North Indian, Pasta, Mughlai, Kebab, Street Food, Fast Food, Desserts, Beverages","₹1,600 for two",1600,4.5,ooty,fern-hill,quick_bite,0,0,0,8,high,excellent,3709,yes,https://www.zomato.com/trivandrum/villa-maya-kannanthura/info,"12,12,610",82,yes,no,no
Hotel Junior Kuppanna,"North Indian, Biryani, South Indian, Chettinad",₹400 for two,400,3.8,ooty,fern-hill,quick_bite,0,0,0,4,medium,good,3709,yes,https://www.zomato.com/trivandrum/garden-grille-and-bar-palayam/info,"12,12,610",82,yes,no,no
Le Cafe,"Cafe, Bakery",₹500 for two,500,3.9,ooty,fern-hill,quick_bite,0,0,0,2,high,good,3709,yes,https://www.zomato.com/trivandrum/mandi-manzil-thycaud/info,"12,12,610",82,yes,no,no
The Culinarium,"Continental, Fast Food, Chinese, Desserts, Beverages","₹1,200 for two",1200,4.2,ooty,fern-hill,quick_bite,0,0,0,5,high,excellent,3709,yes,https://www.zomato.com/trivandrum/bumi-eanchakkal/info,"12,12,610",82,yes,no,no
A2B - Adyar Ananda Bhavan,"South Indian, North Indian, Chinese, Fast Food, Street Food, Desserts, Beverages",₹600 for two,600,3.9,ooty,fern-hill,quick_bite,0,0,0,7,high,good,3709,yes,https://www.zomato.com/trivandrum/burj-al-mandi-palayam/info,"12,12,610",82,yes,no,no
Shinkows Chinese Restaurant,Chinese,₹800 for two,800,3.5,ooty,fern-hill,quick_bite,0,0,0,1,high,good,3709,yes,https://www.zomato.com/trivandrum/ban-racism-karamana/info,"12,12,610",82,yes,no,no
Earl's Secret,"Continental, North Indian","₹1,200 for two",1200,4.2,ooty,thalayathimund,quick_bite,0,0,0,2,high,excellent,3709,yes,https://www.zomato.com/trivandrum/le-lumiere-restaurant-kesavadasapuram/info,"12,12,610",82,yes,no,no
Sugar Dribble,"Cafe, Continental, Fast Food, Beverages",₹800 for two,800,4.9,ooty,thalayathimund,quick_bite,0,0,0,4,high,excellent,3709,yes,https://www.zomato.com/trivandrum/cafe-sarwaa-thycaud/info,"12,12,610",82,yes,no,no
Kailash Parbat,"North Indian, South Indian, Chinese, Street Food, Sandwich, Fast Food, Sichuan","₹1,000 for two",1000,4,ooty,thalayathimund,quick_bite,0,0,0,7,high,excellent,3709,yes,https://www.zomato.com/trivandrum/barbeque-nation-kumarapuram/info,"12,12,610",82,yes,no,no
Bird Of Paradise Bistro - Willow Hill,"North Indian, Pasta, Mughlai, Kebab, Street Food, Fast Food, Desserts, Beverages","₹1,600 for two",1600,4.5,ooty,thalayathimund,quick_bite,0,0,0,8,high,excellent,3709,yes,https://www.zomato.com/trivandrum/zam-zam-restaurant-kulathoor/info,"12,12,610",82,yes,no,no
Hotel Junior Kuppanna,"North Indian, Biryani, South Indian, Chettinad",₹400 for two,400,3.8,ooty,thalayathimund,quick_bite,0,0,0,4,medium,good,3709,yes,https://www.zomato.com/trivandrum/taco-bell-kumarapuram/info,"12,12,610",82,yes,no,no
Le Cafe,"Cafe, Bakery",₹500 for two,500,3.9,ooty,thalayathimund,quick_bite,0,0,0,2,high,good,3709,yes,https://www.zomato.com/trivandrum/al-saj-restaurant-kazhakkoottam/info,"12,12,610",82,yes,no,no
The Culinarium,"Continental, Fast Food, Chinese, Desserts, Beverages","₹1,200 for two",1200,4.2,ooty,thalayathimund,quick_bite,0,0,0,5,high,excellent,3709,yes,https://www.zomato.com/trivandrum/o-café-thumba/info,"12,12,610",82,yes,no,no
A2B - Adyar Ananda Bhavan,"South Indian, North Indian, Chinese, Fast Food, Street Food, Desserts, Beverages",₹600 for two,600,3.9,ooty,thalayathimund,quick_bite,0,0,0,7,high,good,3709,yes,https://www.zomato.com/trivandrum/blnd-thumba/info,"12,12,610",82,yes,no,no
Shinkows Chinese Restaurant,Chinese,₹800 for two,800,3.5,ooty,thalayathimund,quick_bite,0,0,0,1,high,good,3709,yes,https://www.zomato.com/trivandrum/fiery-box-kazhakkoottam/info,"12,12,610",82,yes,no,no
The Old House,"Italian, Pizza, Salad, Fast Food, Shake, Beverages, Bakery, Desserts",₹800 for two,800,4.6,mysore,vijay-nagar,quick_bite,0,0,0,8,high,excellent,3709,yes,https://www.zomato.com/trivandrum/terrace-makkawao-kulathoor/info,"12,12,610",82,yes,no,no
Sapa,"Cafe, Bakery, Coffee, Continental, Sandwich, Fast Food, Desserts",₹850 for two,850,3.1,mysore,vijay-nagar,quick_bite,0,0,0,7,high,good,3709,yes,https://www.zomato.com/trivandrum/baital-mandi-restaurant-kulathoor/info,"12,12,610",82,yes,no,no
The Firangi Sutra,"North Indian, Chinese, Desserts, Continental",₹800 for two,800,4.9,mysore,vijay-nagar,quick_bite,0,0,0,4,high,excellent,3709,yes,https://www.zomato.com/trivandrum/barbeque-nation-kumarapuram/info,"12,12,610",82,yes,no,no
Pegs & Kegs,"North Indian, South Indian, Chinese, Fast Food, Bar Food","₹1,300 for two",1300,4.9,mysore,vijay-nagar,quick_bite,0,0,0,5,high,excellent,3709,yes,https://www.zomato.com/trivandrum/zam-zam-restaurant-kulathoor/info,"12,12,610",82,yes,no,no
Hithie  The Gourmet Dining,"North Indian, Chinese, South Indian, Biryani, Salad, Pizza, Desserts","₹1,000 for two",1000,4.5,mysore,vijay-nagar,quick_bite,0,0,0,7,high,excellent,3709,yes,https://www.zomato.com/trivandrum/blnd-thumba/info,"12,12,610",82,yes,no,no
Aaina,"South Indian, North Indian, Asian, Continental, Kebab, Chinese, Bakery, Desserts","₹1,000 for two",1000,4.9,mysore,vijay-nagar,quick_bite,0,0,0,8,high,excellent,3709,yes,https://www.zomato.com/trivandrum/fiery-box-kazhakkoottam/info,"12,12,610",82,yes,no,no
White Teak Coffee Roasters,"Cafe, Coffee, Tea, Shake, Beverages","₹1,000 for two",1000,4.5,mysore,vijay-nagar,quick_bite,0,0,0,5,high,excellent,3709,yes,https://www.zomato.com/trivandrum/taco-bell-kumarapuram/info,"12,12,610",82,yes,no,no
Empire Restaurant - Since 1966,"North Indian, Biryani, Kebab, Chinese, Beverages",₹500 for two,500,4.3,mysore,vijay-nagar,quick_bite,0,0,0,5,high,excellent,3709,yes,https://www.zomato.com/trivandrum/terrace-makkawao-kulathoor/info,"12,12,610",82,yes,no,no
Atmosphere,"North Indian, Continental, Pasta, Chinese, Desserts","₹1,100 for two",1100,4.3,mysore,vijay-nagar,quick_bite,0,0,0,5,high,excellent,3709,yes,https://www.zomato.com/trivandrum/al-saj-restaurant-kazhakkoottam/info,"12,12,610",82,yes,no,no
The Old House,"Italian, Pizza, Salad, Fast Food, Shake, Beverages, Bakery, Desserts",₹800 for two,800,4.6,mysore,chamrajpura,quick_bite,0,0,0,8,high,excellent,3709,yes,https://www.zomato.com/trivandrum/baital-mandi-restaurant-kulathoor/info,"12,12,610",82,yes,no,no
Sapa,"Cafe, Bakery, Coffee, Continental, Sandwich, Fast Food, Desserts",₹850 for two,850,3.1,mysore,chamrajpura,quick_bite,0,0,0,7,high,good,3709,yes,https://www.zomato.com/trivandrum/o-café-thumba/info,"12,12,610",82,yes,no,no
Soko by House of Commons,"Bar Food, Continental, Italian, Pizza, South Indian, Desserts, Beverages","₹1,500 for two",1500,4.8,mysore,chamrajpura,quick_bite,0,0,0,7,high,excellent,3709,yes,https://www.zomato.com/thrissur/starbucks-coffee-kizhakkumpattukara/info,"12,12,610",82,yes,no,no
The Firangi Sutra,"North Indian, Chinese, Desserts, Continental",₹800 for two,800,4.9,mysore,chamrajpura,quick_bite,0,0,0,4,high,excellent,3709,yes,https://www.zomato.com/thrissur/barbeque-nation-kizhakkumpattukara/info,"12,12,610",82,yes,no,no
Pegs & Kegs,"North Indian, South Indian, Chinese, Fast Food, Bar Food","₹1,300 for two",1300,4.9,mysore,chamrajpura,quick_bite,0,0,0,5,high,excellent,3709,yes,https://www.zomato.com/thrissur/nahdi-kuzhimandhi-poothole/info,"12,12,610",82,yes,no,no
Hithie  The Gourmet Dining,"North Indian, Chinese, South Indian, Biryani, Salad, Pizza, Desserts","₹1,000 for two",1000,4.5,mysore,chamrajpura,quick_bite,0,0,0,7,high,excellent,3709,yes,https://www.zomato.com/thrissur/chinese-wok-kizhakkumpattukara/info,"12,12,610",82,yes,no,no
Gufha Restaurant,"North Indian, Continental, Chinese, Beverages, Desserts","₹1,000 for two",1000,4.1,mysore,chamrajpura,quick_bite,0,0,0,5,high,excellent,3709,yes,https://www.zomato.com/thrissur/hotel-akshaya-2-poothole/info,"12,12,610",82,yes,no,no
Aaina,"South Indian, North Indian, Asian, Continental, Kebab, Chinese, Bakery, Desserts","₹1,000 for two",1000,4.9,mysore,chamrajpura,quick_bite,0,0,0,8,high,excellent,3709,yes,https://www.zomato.com/thrissur/kfc-kizhakkumpattukara/info,"12,12,610",82,yes,no,no
White Teak Coffee Roasters,"Cafe, Coffee, Tea, Shake, Beverages","₹1,000 for two",1000,4.5,mysore,chamrajpura,quick_bite,0,0,0,5,high,excellent,3709,yes,https://www.zomato.com/thrissur/just-loaf-peringavu/info,"12,12,610",82,yes,no,no
The Old House,"Italian, Pizza, Salad, Fast Food, Shake, Beverages, Bakery, Desserts",₹800 for two,800,4.6,mysore,doora,quick_bite,0,0,0,8,high,excellent,3709,yes,https://www.zomato.com/thrissur/hotel-sapphire-poothole/info,"12,12,610",82,yes,no,no
Sapa,"Cafe, Bakery, Coffee, Continental, Sandwich, Fast Food, Desserts",₹850 for two,850,3.1,mysore,doora,quick_bite,0,0,0,7,high,good,3709,yes,https://www.zomato.com/thrissur/madurai-vegetarian-peringavu/info,"12,12,610",82,yes,no,no
Soko by House of Commons,"Bar Food, Continental, Italian, Pizza, South Indian, Desserts, Beverages","₹1,500 for two",1500,4.8,mysore,doora,quick_bite,0,0,0,7,high,excellent,3709,yes,https://www.zomato.com/thrissur/starbucks-coffee-kizhakkumpattukara/info,"12,12,610",82,yes,no,no
The Firangi Sutra,"North Indian, Chinese, Desserts, Continental",₹800 for two,800,4.9,mysore,doora,quick_bite,0,0,0,4,high,excellent,3709,yes,https://www.zomato.com/thrissur/barbeque-nation-kizhakkumpattukara/info,"12,12,610",82,yes,no,no
Gufha Restaurant,"North Indian, Continental, Chinese, Beverages, Desserts","₹1,000 for two",1000,4.1,mysore,doora,quick_bite,0,0,0,5,high,excellent,3709,yes,https://www.zomato.com/thrissur/kfc-kizhakkumpattukara/info,"12,12,610",82,yes,no,no
White Teak Coffee Roasters,"Cafe, Coffee, Tea, Shake, Beverages","₹1,000 for two",1000,4.5,mysore,doora,quick_bite,0,0,0,5,high,excellent,3709,yes,https://www.zomato.com/thrissur/just-loaf-peringavu/info,"12,12,610",82,yes,no,no
Empire Restaurant - Since 1966,"North Indian, Biryani, Kebab, Chinese, Beverages",₹500 for two,500,4.3,mysore,doora,quick_bite,0,0,0,5,high,excellent,3709,yes,https://www.zomato.com/thrissur/nahdi-kuzhimandhi-poothole/info,"12,12,610",82,yes,no,no
The Fisherman's Wharf,"Continental, Pasta, Desserts, Seafood","₹2,100 for two",2100,4.5,mysore,doora,quick_bite,0,0,0,4,high,excellent,3709,yes,https://www.zomato.com/thrissur/hotel-sapphire-poothole/info,"12,12,610",82,yes,no,no
Havana,"North Indian, Continental, Chinese, Finger Food, Salad, Shake",₹600 for two,600,4.5,mysore,doora,quick_bite,0,0,0,6,high,excellent,3709,yes,https://www.zomato.com/thrissur/chinese-wok-kizhakkumpattukara/info,"12,12,610",82,yes,no,no
The Old House,"Italian, Pizza, Salad, Fast Food, Shake, Beverages, Bakery, Desserts",₹800 for two,800,4.6,mysore,mandi-mohalla,quick_bite,0,0,0,8,high,excellent,3709,yes,https://www.zomato.com/thrissur/madurai-vegetarian-peringavu/info,"12,12,610",82,yes,no,no
Sapa,"Cafe, Bakery, Coffee, Continental, Sandwich, Fast Food, Desserts",₹850 for two,850,3.1,mysore,mandi-mohalla,quick_bite,0,0,0,7,high,good,3709,yes,https://www.zomato.com/thrissur/hotel-akshaya-2-poothole/info,"12,12,610",82,yes,no,no
Soko by House of Commons,"Bar Food, Continental, Italian, Pizza, South Indian, Desserts, Beverages","₹1,500 for two",1500,4.8,mysore,mandi-mohalla,quick_bite,0,0,0,7,high,excellent,3709,yes,https://www.zomato.com/thrissur/starbucks-coffee-kizhakkumpattukara/info,"12,12,610",82,yes,no,no
The Firangi Sutra,"North Indian, Chinese, Desserts, Continental",₹800 for two,800,4.9,mysore,mandi-mohalla,quick_bite,0,0,0,4,high,excellent,3709,yes,https://www.zomato.com/thrissur/barbeque-nation-kizhakkumpattukara/info,"12,12,610",82,yes,no,no
Pegs & Kegs,"North Indian, South Indian, Chinese, Fast Food, Bar Food","₹1,300 for two",1300,4.9,mysore,mandi-mohalla,quick_bite,0,0,0,5,high,excellent,3709,yes,https://www.zomato.com/thrissur/nahdi-kuzhimandhi-poothole/info,"12,12,610",82,yes,no,no
Hithie  The Gourmet Dining,"North Indian, Chinese, South Indian, Biryani, Salad, Pizza, Desserts","₹1,000 for two",1000,4.5,mysore,mandi-mohalla,quick_bite,0,0,0,7,high,excellent,3709,yes,https://www.zomato.com/thrissur/chinese-wok-kizhakkumpattukara/info,"12,12,610",82,yes,no,no
Gufha Restaurant,"North Indian, Continental, Chinese, Beverages, Desserts","₹1,000 for two",1000,4.1,mysore,mandi-mohalla,quick_bite,0,0,0,5,high,excellent,3709,yes,https://www.zomato.com/thrissur/hotel-akshaya-2-poothole/info,"12,12,610",82,yes,no,no
Aaina,"South Indian, North Indian, Asian, Continental, Kebab, Chinese, Bakery, Desserts","₹1,000 for two",1000,4.9,mysore,mandi-mohalla,quick_bite,0,0,0,8,high,excellent,3709,yes,https://www.zomato.com/thrissur/kfc-kizhakkumpattukara/info,"12,12,610",82,yes,no,no
White Teak Coffee Roasters,"Cafe, Coffee, Tea, Shake, Beverages","₹1,000 for two",1000,4.5,mysore,mandi-mohalla,quick_bite,0,0,0,5,high,excellent,3709,yes,https://www.zomato.com/thrissur/just-loaf-peringavu/info,"12,12,610",82,yes,no,no
The Old House,"Italian, Pizza, Salad, Fast Food, Shake, Beverages, Bakery, Desserts",₹800 for two,800,4.6,mysore,jayalakhsmipuram,quick_bite,0,0,0,8,high,excellent,3709,yes,https://www.zomato.com/thrissur/hotel-sapphire-poothole/info,"12,12,610",82,yes,no,no
Sapa,"Cafe, Bakery, Coffee, Continental, Sandwich, Fast Food, Desserts",₹850 for two,850,3.1,mysore,jayalakhsmipuram,quick_bite,0,0,0,7,high,good,3709,yes,https://www.zomato.com/thrissur/madurai-vegetarian-peringavu/info,"12,12,610",82,yes,no,no
The Firangi Sutra,"North Indian, Chinese, Desserts, Continental",₹800 for two,800,4.9,mysore,jayalakhsmipuram,quick_bite,0,0,0,4,high,excellent,3709,yes,https://www.zomato.com/thrissur/starbucks-coffee-kizhakkumpattukara/info,"12,12,610",82,yes,no,no
Pegs & Kegs,"North Indian, South Indian, Chinese, Fast Food, Bar Food","₹1,300 for two",1300,4.9,mysore,jayalakhsmipuram,quick_bite,0,0,0,5,high,excellent,3709,yes,https://www.zomato.com/thrissur/barbeque-nation-kizhakkumpattukara/info,"12,12,610",82,yes,no,no
Hithie  The Gourmet Dining,"North Indian, Chinese, South Indian, Biryani, Salad, Pizza, Desserts","₹1,000 for two",1000,4.5,mysore,jayalakhsmipuram,quick_bite,0,0,0,7,high,excellent,3709,yes,https://www.zomato.com/thrissur/kfc-kizhakkumpattukara/info,"12,12,610",82,yes,no,no
Gufha Restaurant,"North Indian, Continental, Chinese, Beverages, Desserts","₹1,000 for two",1000,4.1,mysore,jayalakhsmipuram,quick_bite,0,0,0,5,high,excellent,3709,yes,https://www.zomato.com/thrissur/just-loaf-peringavu/info,"12,12,610",82,yes,no,no
Aaina,"South Indian, North Indian, Asian, Continental, Kebab, Chinese, Bakery, Desserts","₹1,000 for two",1000,4.9,mysore,jayalakhsmipuram,quick_bite,0,0,0,8,high,excellent,3709,yes,https://www.zomato.com/thrissur/nahdi-kuzhimandhi-poothole/info,"12,12,610",82,yes,no,no
White Teak Coffee Roasters,"Cafe, Coffee, Tea, Shake, Beverages","₹1,000 for two",1000,4.5,mysore,jayalakhsmipuram,quick_bite,0,0,0,5,high,excellent,3709,yes,https://www.zomato.com/thrissur/hotel-sapphire-poothole/info,"12,12,610",82,yes,no,no
Empire Restaurant - Since 1966,"North Indian, Biryani, Kebab, Chinese, Beverages",₹500 for two,500,4.3,mysore,jayalakhsmipuram,quick_bite,0,0,0,5,high,excellent,3709,yes,https://www.zomato.com/thrissur/chinese-wok-kizhakkumpattukara/info,"12,12,610",82,yes,no,no
The Old House,"Italian, Pizza, Salad, Fast Food, Shake, Beverages, Bakery, Desserts",₹800 for two,800,4.6,mysore,bannimantap,quick_bite,0,0,0,8,high,excellent,3709,yes,https://www.zomato.com/thrissur/madurai-vegetarian-peringavu/info,"12,12,610",82,yes,no,no
Sapa,"Cafe, Bakery, Coffee, Continental, Sandwich, Fast Food, Desserts",₹850 for two,850,3.1,mysore,bannimantap,quick_bite,0,0,0,7,high,good,3709,yes,https://www.zomato.com/thrissur/hotel-akshaya-2-poothole/info,"12,12,610",82,yes,no,no
The Firangi Sutra,"North Indian, Chinese, Desserts, Continental",₹800 for two,800,4.9,mysore,bannimantap,quick_bite,0,0,0,4,high,excellent,3709,yes,https://www.zomato.com/thrissur/autograph-restaurant-guruvayur-locality/info,"12,12,610",82,yes,no,no
Pegs & Kegs,"North Indian, South Indian, Chinese, Fast Food, Bar Food","₹1,300 for two",1300,4.9,mysore,bannimantap,quick_bite,0,0,0,5,high,excellent,3709,yes,https://www.zomato.com/thrissur/pazhayidom-ruchi-guruvayur-locality/info,"12,12,610",82,yes,no,no
Hithie  The Gourmet Dining,"North Indian, Chinese, South Indian, Biryani, Salad, Pizza, Desserts","₹1,000 for two",1000,4.5,mysore,bannimantap,quick_bite,0,0,0,7,high,excellent,3709,yes,https://www.zomato.com/thrissur/chicking-guruvayur-locality/info,"12,12,610",82,yes,no,no
Gufha Restaurant,"North Indian, Continental, Chinese, Beverages, Desserts","₹1,000 for two",1000,4.1,mysore,bannimantap,quick_bite,0,0,0,5,high,excellent,3709,yes,https://www.zomato.com/thrissur/o-persia-restaurant-guruvayur-locality/info,"12,12,610",82,yes,no,no
Aaina,"South Indian, North Indian, Asian, Continental, Kebab, Chinese, Bakery, Desserts","₹1,000 for two",1000,4.9,mysore,bannimantap,quick_bite,0,0,0,8,high,excellent,3709,yes,https://www.zomato.com/thrissur/arabian-adukkala-pavaratty-thrissur-/info,"12,12,610",82,yes,no,no
White Teak Coffee Roasters,"Cafe, Coffee, Tea, Shake, Beverages","₹1,000 for two",1000,4.5,mysore,bannimantap,quick_bite,0,0,0,5,high,excellent,3709,yes,https://www.zomato.com/thrissur/smoocho-guruvayur-locality/info,"12,12,610",82,yes,no,no
Empire Restaurant - Since 1966,"North Indian, Biryani, Kebab, Chinese, Beverages",₹500 for two,500,4.3,mysore,bannimantap,quick_bite,0,0,0,5,high,excellent,3709,yes,https://www.zomato.com/thrissur/mp-rice-grills-pavaratty-thrissur-/info,"12,12,610",82,yes,no,no
The Old House,"Italian, Pizza, Salad, Fast Food, Shake, Beverages, Bakery, Desserts",₹800 for two,800,4.6,mysore,kuvempunagar,quick_bite,0,0,0,8,high,excellent,3709,yes,https://www.zomato.com/thrissur/taste-palace-guruvayur-locality/info,"12,12,610",82,yes,no,no
The Firangi Sutra,"North Indian, Chinese, Desserts, Continental",₹800 for two,800,4.9,mysore,kuvempunagar,quick_bite,0,0,0,4,high,excellent,3709,yes,https://www.zomato.com/thrissur/guruvayur-hotel-guruvayur-locality/info,"12,12,610",82,yes,no,no
Gufha Restaurant,"North Indian, Continental, Chinese, Beverages, Desserts","₹1,000 for two",1000,4.1,mysore,kuvempunagar,quick_bite,0,0,0,5,high,excellent,3709,yes,https://www.zomato.com/thrissur/autograph-restaurant-guruvayur-locality/info,"12,12,610",82,yes,no,no
Empire Restaurant - Since 1966,"North Indian, Biryani, Kebab, Chinese, Beverages",₹500 for two,500,4.3,mysore,kuvempunagar,quick_bite,0,0,0,5,high,excellent,3709,yes,https://www.zomato.com/thrissur/pazhayidom-ruchi-guruvayur-locality/info,"12,12,610",82,yes,no,no
Atmosphere,"North Indian, Continental, Pasta, Chinese, Desserts","₹1,100 for two",1100,4.3,mysore,kuvempunagar,quick_bite,0,0,0,5,high,excellent,3709,yes,https://www.zomato.com/thrissur/smoocho-guruvayur-locality/info,"12,12,610",82,yes,no,no
The Fisherman's Wharf,"Continental, Pasta, Desserts, Seafood","₹2,100 for two",2100,4.5,mysore,kuvempunagar,quick_bite,0,0,0,4,high,excellent,3709,yes,https://www.zomato.com/thrissur/mp-rice-grills-pavaratty-thrissur-/info,"12,12,610",82,yes,no,no
Bopy's,"North Indian, Chinese, Desserts, Beverages, South Indian",₹700 for two,700,4.5,mysore,kuvempunagar,quick_bite,0,0,0,5,high,excellent,3709,yes,https://www.zomato.com/thrissur/chicking-guruvayur-locality/info,"12,12,610",82,yes,no,no
Havana,"North Indian, Continental, Chinese, Finger Food, Salad, Shake",₹600 for two,600,4.5,mysore,kuvempunagar,quick_bite,0,0,0,6,high,excellent,3709,yes,https://www.zomato.com/thrissur/taste-palace-guruvayur-locality/info,"12,12,610",82,yes,no,no
Theobroma,"Bakery, Desserts",₹500 for two,500,4.4,mysore,kuvempunagar,quick_bite,0,0,0,2,high,excellent,3709,yes,https://www.zomato.com/thrissur/o-persia-restaurant-guruvayur-locality/info,"12,12,610",82,yes,no,no
The Old House,"Italian, Pizza, Salad, Fast Food, Shake, Beverages, Bakery, Desserts",₹800 for two,800,4.6,mysore,gokulam,quick_bite,0,0,0,8,high,excellent,3709,yes,https://www.zomato.com/thrissur/guruvayur-hotel-guruvayur-locality/info,"12,12,610",82,yes,no,no
Sapa,"Cafe, Bakery, Coffee, Continental, Sandwich, Fast Food, Desserts",₹850 for two,850,3.1,mysore,gokulam,quick_bite,0,0,0,7,high,good,3709,yes,https://www.zomato.com/thrissur/arabian-adukkala-pavaratty-thrissur-/info,"12,12,610",82,yes,no,no
The Firangi Sutra,"North Indian, Chinese, Desserts, Continental",₹800 for two,800,4.9,mysore,gokulam,quick_bite,0,0,0,4,high,excellent,3709,yes,https://www.zomato.com/thrissur/taqashi-mandi-chalakudy/info,"12,12,610",82,yes,no,no
Pegs & Kegs,"North Indian, South Indian, Chinese, Fast Food, Bar Food","₹1,300 for two",1300,4.9,mysore,gokulam,quick_bite,0,0,0,5,high,excellent,3709,yes,https://www.zomato.com/thrissur/kattanum-puttum-chalakudy/info,"12,12,610",82,yes,no,no
Hithie  The Gourmet Dining,"North Indian, Chinese, South Indian, Biryani, Salad, Pizza, Desserts","₹1,000 for two",1000,4.5,mysore,gokulam,quick_bite,0,0,0,7,high,excellent,3709,yes,https://www.zomato.com/thrissur/bait-al-mandi-1-irinjalakuda-locality/info,"12,12,610",82,yes,no,no
Gufha Restaurant,"North Indian, Continental, Chinese, Beverages, Desserts","₹1,000 for two",1000,4.1,mysore,gokulam,quick_bite,0,0,0,5,high,excellent,3709,yes,https://www.zomato.com/thrissur/chicking-1-chalakudy/info,"12,12,610",82,yes,no,no
Aaina,"South Indian, North Indian, Asian, Continental, Kebab, Chinese, Bakery, Desserts","₹1,000 for two",1000,4.9,mysore,gokulam,quick_bite,0,0,0,8,high,excellent,3709,yes,https://www.zomato.com/thrissur/costa-coffee-chalakudy/info,"12,12,610",82,yes,no,no
White Teak Coffee Roasters,"Cafe, Coffee, Tea, Shake, Beverages","₹1,000 for two",1000,4.5,mysore,gokulam,quick_bite,0,0,0,5,high,excellent,3709,yes,https://www.zomato.com/thrissur/the-taste-cell-1-chalakudy/info,"12,12,610",82,yes,no,no
Empire Restaurant - Since 1966,"North Indian, Biryani, Kebab, Chinese, Beverages",₹500 for two,500,4.3,mysore,gokulam,quick_bite,0,0,0,5,high,excellent,3709,yes,https://www.zomato.com/thrissur/mody-bakes-n-grill-chalakudy/info,"12,12,610",82,yes,no,no
The Lazy Dog,Cafe,₹800 for two,800,4.5,manali,old-manali,quick_bite,0,0,0,1,high,excellent,3709,yes,https://www.zomato.com/thrissur/paradise-family-restaurant-bake-shop-chalakudy/info,"12,12,610",82,yes,no,no
Cafe 1986,"Fast Food, Chinese, Italian, North Indian, Desserts, Bakery, Beverages, Coffee",₹700 for two,700,3.6,manali,old-manali,quick_bite,0,0,0,8,high,good,3709,yes,https://www.zomato.com/thrissur/the-pie-shop-chalakudy/info,"12,12,610",82,yes,no,no
The Johnson's Cafe,"Cafe, Continental","₹1,500 for two",1500,4.4,manali,old-manali,quick_bite,0,0,0,2,high,excellent,3709,yes,https://www.zomato.com/thrissur/taqashi-mandi-chalakudy/info,"12,12,610",82,yes,no,no
Glampview Resort & Cafe,"Continental, North Indian, Irish, Chinese, Coffee, Pancake","₹1,300 for two",1300,4.2,manali,old-manali,quick_bite,0,0,0,6,high,excellent,3709,yes,https://www.zomato.com/thrissur/kattanum-puttum-chalakudy/info,"12,12,610",82,yes,no,no
Cafe 1947,Cafe,"₹1,500 for two",1500,4.2,manali,old-manali,quick_bite,0,0,0,1,high,excellent,3709,yes,https://www.zomato.com/thrissur/the-taste-cell-1-chalakudy/info,"12,12,610",82,yes,no,no
The Corner House Restaurant & Bar,"Chinese, Asian, Continental, Burger","₹1,000 for two",1000,4.2,manali,old-manali,quick_bite,0,0,0,4,high,excellent,3709,yes,https://www.zomato.com/thrissur/mody-bakes-n-grill-chalakudy/info,"12,12,610",82,yes,no,no
Rocky's Cafe,"Cafe, Coffee, Beverages, Chinese, Fast Food",₹500 for two,500,3.3,manali,old-manali,quick_bite,0,0,0,5,high,good,3709,yes,https://www.zomato.com/thrissur/bait-al-mandi-1-irinjalakuda-locality/info,"12,12,610",82,yes,no,no
Southern Souls Cafe And Eatery,South Indian,₹400 for two,400,4.4,manali,old-manali,quick_bite,0,0,0,1,medium,excellent,3709,yes,https://www.zomato.com/thrissur/paradise-family-restaurant-bake-shop-chalakudy/info,"12,12,610",82,yes,no,no
Domino's Pizza,"Pizza, Fast Food, Desserts",₹500 for two,500,3.3,manali,old-manali,quick_bite,0,0,0,3,high,good,3709,yes,https://www.zomato.com/thrissur/chicking-1-chalakudy/info,"12,12,610",82,yes,no,no
The Lazy Dog,Cafe,₹800 for two,800,4.5,manali,aleo,quick_bite,0,0,0,1,high,excellent,3709,yes,https://www.zomato.com/thrissur/the-pie-shop-chalakudy/info,"12,12,610",82,yes,no,no
Cafe 1986,"Fast Food, Chinese, Italian, North Indian, Desserts, Bakery, Beverages, Coffee",₹700 for two,700,3.6,manali,aleo,quick_bite,0,0,0,8,high,good,3709,yes,https://www.zomato.com/thrissur/costa-coffee-chalakudy/info,"12,12,610",82,yes,no,no
The Johnson's Cafe,"Cafe, Continental","₹1,500 for two",1500,4.4,manali,aleo,quick_bite,0,0,0,2,high,excellent,3709,yes,https://www.zomato.com/thrissur/soul-kitchen-co-irinjalakuda-locality/info,"12,12,610",82,yes,no,no
The Corner House Restaurant & Bar,"Chinese, Asian, Continental, Burger","₹1,000 for two",1000,4.2,manali,aleo,quick_bite,0,0,0,4,high,excellent,3709,yes,https://www.zomato.com/thrissur/ikku-bhais-kuzhimandi-kada-irinjalakuda-locality/info,"12,12,610",82,yes,no,no
Southern Souls Cafe And Eatery,South Indian,₹400 for two,400,4.4,manali,aleo,quick_bite,0,0,0,1,medium,excellent,3709,yes,https://www.zomato.com/thrissur/chicking-irinjalakuda-locality/info,"12,12,610",82,yes,no,no
Domino's Pizza,"Pizza, Fast Food, Desserts",₹500 for two,500,3.3,manali,aleo,quick_bite,0,0,0,3,high,good,3709,yes,https://www.zomato.com/thrissur/hotel-rahmath-irinjalakuda-locality/info,"12,12,610",82,yes,no,no
The Pahadi Cafe,"North Indian, Mughlai, Chinese, Desserts","₹1,000 for two",1000,4.1,manali,aleo,quick_bite,0,0,0,4,high,excellent,3709,yes,https://www.zomato.com/thrissur/bait-al-mandi-1-irinjalakuda-locality/info,"12,12,610",82,yes,no,no
Dana Coffee House & German Bakery,"Italian, Fast Food, Street Food",₹400 for two,400,4.6,manali,aleo,quick_bite,0,0,0,3,medium,excellent,3709,yes,https://www.zomato.com/thrissur/kacherivalap-le-cafe-irinjalakuda-locality/info,"12,12,610",82,yes,no,no
Chopsticks,"Chinese, Japanese, Tibetan","₹1,000 for two",1000,4.1,manali,aleo,quick_bite,0,0,0,3,high,excellent,3709,yes,https://www.zomato.com/thrissur/hotel-venus-irinjalakuda-locality/info,"12,12,610",82,yes,no,no
The Lazy Dog,Cafe,₹800 for two,800,4.5,manali,tibetan-colony,quick_bite,0,0,0,1,high,excellent,3709,yes,https://www.zomato.com/thrissur/ammas-pastries-irinjalakuda-locality/info,"12,12,610",82,yes,no,no
Cafe 1986,"Fast Food, Chinese, Italian, North Indian, Desserts, Bakery, Beverages, Coffee",₹700 for two,700,3.6,manali,tibetan-colony,quick_bite,0,0,0,8,high,good,3709,yes,https://www.zomato.com/thrissur/kfc-1-irinjalakuda-locality/info,"12,12,610",82,yes,no,no
The Johnson's Cafe,"Cafe, Continental","₹1,500 for two",1500,4.4,manali,tibetan-colony,quick_bite,0,0,0,2,high,excellent,3709,yes,https://www.zomato.com/thrissur/soul-kitchen-co-irinjalakuda-locality/info,"12,12,610",82,yes,no,no
Glampview Resort & Cafe,"Continental, North Indian, Irish, Chinese, Coffee, Pancake","₹1,300 for two",1300,4.2,manali,tibetan-colony,quick_bite,0,0,0,6,high,excellent,3709,yes,https://www.zomato.com/thrissur/ikku-bhais-kuzhimandi-kada-irinjalakuda-locality/info,"12,12,610",82,yes,no,no
Cafe 1947,Cafe,"₹1,500 for two",1500,4.2,manali,tibetan-colony,quick_bite,0,0,0,1,high,excellent,3709,yes,https://www.zomato.com/thrissur/kacherivalap-le-cafe-irinjalakuda-locality/info,"12,12,610",82,yes,no,no
The Corner House Restaurant & Bar,"Chinese, Asian, Continental, Burger","₹1,000 for two",1000,4.2,manali,tibetan-colony,quick_bite,0,0,0,4,high,excellent,3709,yes,https://www.zomato.com/thrissur/hotel-venus-irinjalakuda-locality/info,"12,12,610",82,yes,no,no
Southern Souls Cafe And Eatery,South Indian,₹400 for two,400,4.4,manali,tibetan-colony,quick_bite,0,0,0,1,medium,excellent,3709,yes,https://www.zomato.com/thrissur/chicking-irinjalakuda-locality/info,"12,12,610",82,yes,no,no
Domino's Pizza,"Pizza, Fast Food, Desserts",₹500 for two,500,3.3,manali,tibetan-colony,quick_bite,0,0,0,3,high,good,3709,yes,https://www.zomato.com/thrissur/ammas-pastries-irinjalakuda-locality/info,"12,12,610",82,yes,no,no
The Pahadi Cafe,"North Indian, Mughlai, Chinese, Desserts","₹1,000 for two",1000,4.1,manali,tibetan-colony,quick_bite,0,0,0,4,high,excellent,3709,yes,https://www.zomato.com/thrissur/hotel-rahmath-irinjalakuda-locality/info,"12,12,610",82,yes,no,no
Sanadige - Goldfinch Hotel,"Seafood, Mangalorean, Goan, South Indian, North Indian, Chinese, Desserts, Beverages","₹1,000 for two",1000,4.6,mangalore,lalbagh,quick_bite,0,0,0,8,high,excellent,3709,yes,https://www.zomato.com/thrissur/kfc-1-irinjalakuda-locality/info,"12,12,610",82,yes,no,no
Pickle & Grain,"Mangalorean, South Indian, Fast Food, Shake","₹1,000 for two",1000,,mangalore,lalbagh,quick_bite,0,0,0,4,high,,3709,yes,https://www.zomato.com/thrissur/bait-al-mandi-1-irinjalakuda-locality/info,"12,12,610",82,yes,no,no
Kni Hau,"Chinese, Cantonese","₹1,000 for two",1000,4.9,mangalore,lalbagh,quick_bite,0,0,0,2,high,excellent,3709,yes,https://www.zomato.com/thrissur/starbucks-coffee-kizhakkumpattukara/info,"12,12,610",82,yes,no,no
The Loft,"Italian, Pizza, Desserts, Continental, Beverages","₹2,100 for two",2100,4.5,mangalore,lalbagh,quick_bite,0,0,0,5,high,excellent,3709,yes,https://www.zomato.com/thrissur/barbeque-nation-kizhakkumpattukara/info,"12,12,610",82,yes,no,no
kanara Kanteen,,"₹1,000 for two",1000,,mangalore,lalbagh,quick_bite,0,0,0,0,high,,3709,yes,https://www.zomato.com/thrissur/nahdi-kuzhimandhi-poothole/info,"12,12,610",82,yes,no,no
Naadu,"South Indian, Chinese, Beverages","₹1,000 for two",1000,4.5,mangalore,lalbagh,quick_bite,0,0,0,3,high,excellent,3709,yes,https://www.zomato.com/thrissur/chinese-wok-kizhakkumpattukara/info,"12,12,610",82,yes,no,no
Capella Patisserie,"Bakery, Desserts",₹400 for two,400,3.6,mangalore,lalbagh,quick_bite,0,0,0,2,medium,good,3709,yes,https://www.zomato.com/thrissur/hotel-akshaya-2-poothole/info,"12,12,610",82,yes,no,no
Asian House - The Ocean Pearl,"Asian, Japanese, Thai, Chinese","₹1,000 for two",1000,4.4,mangalore,lalbagh,quick_bite,0,0,0,4,high,excellent,3709,yes,https://www.zomato.com/thrissur/kfc-kizhakkumpattukara/info,"12,12,610",82,yes,no,no
Pallkhi Restaurant,"Mangalorean, Seafood, North Indian, Chinese, Mughlai, Beverages, Desserts, Shake","₹1,000 for two",1000,4.6,mangalore,lalbagh,quick_bite,0,0,0,8,high,excellent,3709,yes,https://www.zomato.com/thrissur/just-loaf-peringavu/info,"12,12,610",82,yes,no,no
Sanadige - Goldfinch Hotel,"Seafood, Mangalorean, Goan, South Indian, North Indian, Chinese, Desserts, Beverages","₹1,000 for two",1000,4.6,mangalore,balmatta,quick_bite,0,0,0,8,high,excellent,3709,yes,https://www.zomato.com/thrissur/hotel-sapphire-poothole/info,"12,12,610",82,yes,no,no
Pickle & Grain,"Mangalorean, South Indian, Fast Food, Shake","₹1,000 for two",1000,,mangalore,balmatta,quick_bite,0,0,0,4,high,,3709,yes,https://www.zomato.com/thrissur/madurai-vegetarian-peringavu/info,"12,12,610",82,yes,no,no
Kni Hau,"Chinese, Cantonese","₹1,000 for two",1000,4.9,mangalore,balmatta,quick_bite,0,0,0,2,high,excellent,3709,yes,https://www.zomato.com/thrissur/starbucks-coffee-kizhakkumpattukara/info,"12,12,610",82,yes,no,no
The Loft,"Italian, Pizza, Desserts, Continental, Beverages","₹2,100 for two",2100,4.5,mangalore,balmatta,quick_bite,0,0,0,5,high,excellent,3709,yes,https://www.zomato.com/thrissur/barbeque-nation-kizhakkumpattukara/info,"12,12,610",82,yes,no,no
kanara Kanteen,,"₹1,000 for two",1000,,mangalore,balmatta,quick_bite,0,0,0,0,high,,3709,yes,https://www.zomato.com/thrissur/kfc-kizhakkumpattukara/info,"12,12,610",82,yes,no,no
Naadu,"South Indian, Chinese, Beverages","₹1,000 for two",1000,4.5,mangalore,balmatta,quick_bite,0,0,0,3,high,excellent,3709,yes,https://www.zomato.com/thrissur/just-loaf-peringavu/info,"12,12,610",82,yes,no,no
Capella Patisserie,"Bakery, Desserts",₹400 for two,400,3.6,mangalore,balmatta,quick_bite,0,0,0,2,medium,good,3709,yes,https://www.zomato.com/thrissur/nahdi-kuzhimandhi-poothole/info,"12,12,610",82,yes,no,no
Asian House - The Ocean Pearl,"Asian, Japanese, Thai, Chinese","₹1,000 for two",1000,4.4,mangalore,balmatta,quick_bite,0,0,0,4,high,excellent,3709,yes,https://www.zomato.com/thrissur/hotel-sapphire-poothole/info,"12,12,610",82,yes,no,no
Pallkhi Restaurant,"Mangalorean, Seafood, North Indian, Chinese, Mughlai, Beverages, Desserts, Shake","₹1,000 for two",1000,4.6,mangalore,balmatta,quick_bite,0,0,0,8,high,excellent,3709,yes,https://www.zomato.com/thrissur/chinese-wok-kizhakkumpattukara/info,"12,12,610",82,yes,no,no
Sanadige - Goldfinch Hotel,"Seafood, Mangalorean, Goan, South Indian, North Indian, Chinese, Desserts, Beverages","₹1,000 for two",1000,4.6,mangalore,kodailbail,quick_bite,0,0,0,8,high,excellent,3709,yes,https://www.zomato.com/thrissur/madurai-vegetarian-peringavu/info,"12,12,610",82,yes,no,no
Pickle & Grain,"Mangalorean, South Indian, Fast Food, Shake","₹1,000 for two",1000,,mangalore,kodailbail,quick_bite,0,0,0,4,high,,3709,yes,https://www.zomato.com/thrissur/hotel-akshaya-2-poothole/info,"12,12,610",82,yes,no,no
Kni Hau,"Chinese, Cantonese","₹1,000 for two",1000,4.9,mangalore,kodailbail,quick_bite,0,0,0,2,high,excellent,3709,yes,https://www.zomato.com/thrissur/starbucks-coffee-kizhakkumpattukara/info,"12,12,610",82,yes,no,no
The Loft,"Italian, Pizza, Desserts, Continental, Beverages","₹2,100 for two",2100,4.5,mangalore,kodailbail,quick_bite,0,0,0,5,high,excellent,3709,yes,https://www.zomato.com/thrissur/barbeque-nation-kizhakkumpattukara/info,"12,12,610",82,yes,no,no
kanara Kanteen,,"₹1,000 for two",1000,,mangalore,kodailbail,quick_bite,0,0,0,0,high,,3709,yes,https://www.zomato.com/thrissur/nahdi-kuzhimandhi-poothole/info,"12,12,610",82,yes,no,no
Naadu,"South Indian, Chinese, Beverages","₹1,000 for two",1000,4.5,mangalore,kodailbail,quick_bite,0,0,0,3,high,excellent,3709,yes,https://www.zomato.com/thrissur/chinese-wok-kizhakkumpattukara/info,"12,12,610",82,yes,no,no
Capella Patisserie,"Bakery, Desserts",₹400 for two,400,3.6,mangalore,kodailbail,quick_bite,0,0,0,2,medium,good,3709,yes,https://www.zomato.com/thrissur/hotel-akshaya-2-poothole/info,"12,12,610",82,yes,no,no
Asian House - The Ocean Pearl,"Asian, Japanese, Thai, Chinese","₹1,000 for two",1000,4.4,mangalore,kodailbail,quick_bite,0,0,0,4,high,excellent,3709,yes,https://www.zomato.com/thrissur/kfc-kizhakkumpattukara/info,"12,12,610",82,yes,no,no
Pallkhi Restaurant,"Mangalorean, Seafood, North Indian, Chinese, Mughlai, Beverages, Desserts, Shake","₹1,000 for two",1000,4.6,mangalore,kodailbail,quick_bite,0,0,0,8,high,excellent,3709,yes,https://www.zomato.com/thrissur/just-loaf-peringavu/info,"12,12,610",82,yes,no,no
Sanadige - Goldfinch Hotel,"Seafood, Mangalorean, Goan, South Indian, North Indian, Chinese, Desserts, Beverages","₹1,000 for two",1000,4.6,mangalore,hampankatta,quick_bite,0,0,0,8,high,excellent,3709,yes,https://www.zomato.com/thrissur/hotel-sapphire-poothole/info,"12,12,610",82,yes,no,no
Pickle & Grain,"Mangalorean, South Indian, Fast Food, Shake","₹1,000 for two",1000,,mangalore,hampankatta,quick_bite,0,0,0,4,high,,3709,yes,https://www.zomato.com/thrissur/madurai-vegetarian-peringavu/info,"12,12,610",82,yes,no,no
Kni Hau,"Chinese, Cantonese","₹1,000 for two",1000,4.9,mangalore,hampankatta,quick_bite,0,0,0,2,high,excellent,3709,yes,https://www.zomato.com/thrissur/starbucks-coffee-kizhakkumpattukara/info,"12,12,610",82,yes,no,no
The Loft,"Italian, Pizza, Desserts, Continental, Beverages","₹2,100 for two",2100,4.5,mangalore,hampankatta,quick_bite,0,0,0,5,high,excellent,3709,yes,https://www.zomato.com/thrissur/barbeque-nation-kizhakkumpattukara/info,"12,12,610",82,yes,no,no
kanara Kanteen,,"₹1,000 for two",1000,,mangalore,hampankatta,quick_bite,0,0,0,0,high,,3709,yes,https://www.zomato.com/thrissur/kfc-kizhakkumpattukara/info,"12,12,610",82,yes,no,no
Naadu,"South Indian, Chinese, Beverages","₹1,000 for two",1000,4.5,mangalore,hampankatta,quick_bite,0,0,0,3,high,excellent,3709,yes,https://www.zomato.com/thrissur/just-loaf-peringavu/info,"12,12,610",82,yes,no,no
Capella Patisserie,"Bakery, Desserts",₹400 for two,400,3.6,mangalore,hampankatta,quick_bite,0,0,0,2,medium,good,3709,yes,https://www.zomato.com/thrissur/nahdi-kuzhimandhi-poothole/info,"12,12,610",82,yes,no,no
Asian House - The Ocean Pearl,"Asian, Japanese, Thai, Chinese","₹1,000 for two",1000,4.4,mangalore,hampankatta,quick_bite,0,0,0,4,high,excellent,3709,yes,https://www.zomato.com/thrissur/hotel-sapphire-poothole/info,"12,12,610",82,yes,no,no
Pallkhi Restaurant,"Mangalorean, Seafood, North Indian, Chinese, Mughlai, Beverages, Desserts, Shake","₹1,000 for two",1000,4.6,mangalore,hampankatta,quick_bite,0,0,0,8,high,excellent,3709,yes,https://www.zomato.com/thrissur/chinese-wok-kizhakkumpattukara/info,"12,12,610",82,yes,no,no
Sanadige - Goldfinch Hotel,"Seafood, Mangalorean, Goan, South Indian, North Indian, Chinese, Desserts, Beverages","₹1,000 for two",1000,4.6,mangalore,kadri,quick_bite,0,0,0,8,high,excellent,3709,yes,https://www.zomato.com/thrissur/madurai-vegetarian-peringavu/info,"12,12,610",82,yes,no,no
Pickle & Grain,"Mangalorean, South Indian, Fast Food, Shake","₹1,000 for two",1000,,mangalore,kadri,quick_bite,0,0,0,4,high,,3709,yes,https://www.zomato.com/thrissur/hotel-akshaya-2-poothole/info,"12,12,610",82,yes,no,no
Kni Hau,"Chinese, Cantonese","₹1,000 for two",1000,4.9,mangalore,kadri,quick_bite,0,0,0,2,high,excellent,3709,yes,https://www.zomato.com/thrissur/nahdi-kuzhimandhi-poothole/info,"12,12,610",82,yes,no,no
The Loft,"Italian, Pizza, Desserts, Continental, Beverages","₹2,100 for two",2100,4.5,mangalore,kadri,quick_bite,0,0,0,5,high,excellent,3709,yes,https://www.zomato.com/thrissur/hotel-akshaya-2-poothole/info,"12,12,610",82,yes,no,no
kanara Kanteen,,"₹1,000 for two",1000,,mangalore,kadri,quick_bite,0,0,0,0,high,,3709,yes,https://www.zomato.com/thrissur/just-loaf-peringavu/info,"12,12,610",82,yes,no,no
Naadu,"South Indian, Chinese, Beverages","₹1,000 for two",1000,4.5,mangalore,kadri,quick_bite,0,0,0,3,high,excellent,3709,yes,https://www.zomato.com/thrissur/hotel-sapphire-poothole/info,"12,12,610",82,yes,no,no
Capella Patisserie,"Bakery, Desserts",₹400 for two,400,3.6,mangalore,kadri,quick_bite,0,0,0,2,medium,good,3709,yes,https://www.zomato.com/thrissur/madurai-vegetarian-peringavu/info,"12,12,610",82,yes,no,no
Asian House - The Ocean Pearl,"Asian, Japanese, Thai, Chinese","₹1,000 for two",1000,4.4,mangalore,kadri,quick_bite,0,0,0,4,high,excellent,3709,yes,https://www.zomato.com/thrissur/hotel-pathans-poothole/info,"12,12,610",82,yes,no,no
Pallkhi Restaurant,"Mangalorean, Seafood, North Indian, Chinese, Mughlai, Beverages, Desserts, Shake","₹1,000 for two",1000,4.6,mangalore,kadri,quick_bite,0,0,0,8,high,excellent,3709,yes,https://www.zomato.com/thrissur/alankar-restaurant-poothole/info,"12,12,610",82,yes,no,no
Pickle & Grain,"Mangalorean, South Indian, Fast Food, Shake","₹1,000 for two",1000,,mangalore,ks-rao-nagar,quick_bite,0,0,0,4,high,,3709,yes,https://www.zomato.com/thrissur/ali-baba-41-dishes-poothole/info,"12,12,610",82,yes,no,no
Sanadige - Goldfinch Hotel,"Seafood, Mangalorean, Goan, South Indian, North Indian, Chinese, Desserts, Beverages","₹1,000 for two",1000,4.6,mangalore,ks-rao-nagar,quick_bite,0,0,0,8,high,excellent,3709,yes,https://www.zomato.com/thrissur/round-the-global-diner-peringavu/info,"12,12,610",82,yes,no,no
Kni Hau,"Chinese, Cantonese","₹1,000 for two",1000,4.9,mangalore,ks-rao-nagar,quick_bite,0,0,0,2,high,excellent,3709,yes,https://www.zomato.com/thrissur/nahdi-kuzhimandhi-poothole/info,"12,12,610",82,yes,no,no
The Loft,"Italian, Pizza, Desserts, Continental, Beverages","₹2,100 for two",2100,4.5,mangalore,ks-rao-nagar,quick_bite,0,0,0,5,high,excellent,3709,yes,https://www.zomato.com/thrissur/hotel-akshaya-2-poothole/info,"12,12,610",82,yes,no,no
kanara Kanteen,,"₹1,000 for two",1000,,mangalore,ks-rao-nagar,quick_bite,0,0,0,0,high,,3709,yes,https://www.zomato.com/thrissur/hotel-pathans-poothole/info,"12,12,610",82,yes,no,no
Capella Patisserie,"Bakery, Desserts",₹400 for two,400,3.6,mangalore,ks-rao-nagar,quick_bite,0,0,0,2,medium,good,3709,yes,https://www.zomato.com/thrissur/alankar-restaurant-poothole/info,"12,12,610",82,yes,no,no
Pallkhi Restaurant,"Mangalorean, Seafood, North Indian, Chinese, Mughlai, Beverages, Desserts, Shake","₹1,000 for two",1000,4.6,mangalore,ks-rao-nagar,quick_bite,0,0,0,8,high,excellent,3709,yes,https://www.zomato.com/thrissur/just-loaf-peringavu/info,"12,12,610",82,yes,no,no
Coral - The Ocean Pearl,"Seafood, South Indian, Mangalorean, Oriental, Desserts, Chinese, North Indian","₹1,500 for two",1500,4.3,mangalore,ks-rao-nagar,quick_bite,0,0,0,7,high,excellent,3709,yes,https://www.zomato.com/thrissur/ali-baba-41-dishes-poothole/info,"12,12,610",82,yes,no,no
Buco,Bakery,₹500 for two,500,4.8,mangalore,ks-rao-nagar,quick_bite,0,0,0,1,high,excellent,3709,yes,https://www.zomato.com/thrissur/hotel-sapphire-poothole/info,"12,12,610",82,yes,no,no
Pickle & Grain,"Mangalorean, South Indian, Fast Food, Shake","₹1,000 for two",1000,,mangalore,kankanady,quick_bite,0,0,0,4,high,,3709,yes,https://www.zomato.com/thrissur/round-the-global-diner-peringavu/info,"12,12,610",82,yes,no,no
Sanadige - Goldfinch Hotel,"Seafood, Mangalorean, Goan, South Indian, North Indian, Chinese, Desserts, Beverages","₹1,000 for two",1000,4.6,mangalore,kankanady,quick_bite,0,0,0,8,high,excellent,3709,yes,https://www.zomato.com/thrissur/madurai-vegetarian-peringavu/info,"12,12,610",82,yes,no,no
Kni Hau,"Chinese, Cantonese","₹1,000 for two",1000,4.9,mangalore,kankanady,quick_bite,0,0,0,2,high,excellent,3709,yes,https://www.zomato.com/pune/felice-all-day-dining-karve-nagar/info,"12,12,610",82,yes,no,no
The Loft,"Italian, Pizza, Desserts, Continental, Beverages","₹2,100 for two",2100,4.5,mangalore,kankanady,quick_bite,0,0,0,5,high,excellent,3709,yes,https://www.zomato.com/pune/mystic-flavours-warje/info,"12,12,610",82,yes,no,no
kanara Kanteen,,"₹1,000 for two",1000,,mangalore,kankanady,quick_bite,0,0,0,0,high,,3709,yes,https://www.zomato.com/pune/hotel-shivanjali-pashan/info,"12,12,610",82,yes,no,no
Naadu,"South Indian, Chinese, Beverages","₹1,000 for two",1000,4.5,mangalore,kankanady,quick_bite,0,0,0,3,high,excellent,3709,yes,https://www.zomato.com/pune/acai-1-kothrud/info,"12,12,610",82,yes,no,no
Capella Patisserie,"Bakery, Desserts",₹400 for two,400,3.6,mangalore,kankanady,quick_bite,0,0,0,2,medium,good,3709,yes,https://www.zomato.com/pune/danonnas-pizzeria-deccan-gymkhana/info,"12,12,610",82,yes,no,no
Asian House - The Ocean Pearl,"Asian, Japanese, Thai, Chinese","₹1,000 for two",1000,4.4,mangalore,kankanady,quick_bite,0,0,0,4,high,excellent,3709,yes,https://www.zomato.com/pune/tipplr-shivaji-nagar/info,"12,12,610",82,yes,no,no
Pallkhi Restaurant,"Mangalorean, Seafood, North Indian, Chinese, Mughlai, Beverages, Desserts, Shake","₹1,000 for two",1000,4.6,mangalore,kankanady,quick_bite,0,0,0,8,high,excellent,3709,yes,https://www.zomato.com/pune/fc-road-social-shivaji-nagar/info,"12,12,610",82,yes,no,no
Pickle & Grain,"Mangalorean, South Indian, Fast Food, Shake","₹1,000 for two",1000,,mangalore,attavar,quick_bite,0,0,0,4,high,,3709,yes,https://www.zomato.com/pune/gulp-beer-garden-fc-road/info,"12,12,610",82,yes,no,no
Sanadige - Goldfinch Hotel,"Seafood, Mangalorean, Goan, South Indian, North Indian, Chinese, Desserts, Beverages","₹1,000 for two",1000,4.6,mangalore,attavar,quick_bite,0,0,0,8,high,excellent,3709,yes,https://www.zomato.com/pune/cibbo-all-day-dining-bar-shivaji-nagar/info,"12,12,610",82,yes,no,no
Kni Hau,"Chinese, Cantonese","₹1,000 for two",1000,4.9,mangalore,attavar,quick_bite,0,0,0,2,high,excellent,3709,yes,https://www.zomato.com/pune/felice-all-day-dining-karve-nagar/info,"12,12,610",82,yes,no,no
The Loft,"Italian, Pizza, Desserts, Continental, Beverages","₹2,100 for two",2100,4.5,mangalore,attavar,quick_bite,0,0,0,5,high,excellent,3709,yes,https://www.zomato.com/pune/mystic-flavours-warje/info,"12,12,610",82,yes,no,no
kanara Kanteen,,"₹1,000 for two",1000,,mangalore,attavar,quick_bite,0,0,0,0,high,,3709,yes,https://www.zomato.com/pune/tipplr-shivaji-nagar/info,"12,12,610",82,yes,no,no
Naadu,"South Indian, Chinese, Beverages","₹1,000 for two",1000,4.5,mangalore,attavar,quick_bite,0,0,0,3,high,excellent,3709,yes,https://www.zomato.com/pune/fc-road-social-shivaji-nagar/info,"12,12,610",82,yes,no,no
Capella Patisserie,"Bakery, Desserts",₹400 for two,400,3.6,mangalore,attavar,quick_bite,0,0,0,2,medium,good,3709,yes,https://www.zomato.com/pune/hotel-shivanjali-pashan/info,"12,12,610",82,yes,no,no
Asian House - The Ocean Pearl,"Asian, Japanese, Thai, Chinese","₹1,000 for two",1000,4.4,mangalore,attavar,quick_bite,0,0,0,4,high,excellent,3709,yes,https://www.zomato.com/pune/gulp-beer-garden-fc-road/info,"12,12,610",82,yes,no,no
Pallkhi Restaurant,"Mangalorean, Seafood, North Indian, Chinese, Mughlai, Beverages, Desserts, Shake","₹1,000 for two",1000,4.6,mangalore,attavar,quick_bite,0,0,0,8,high,excellent,3709,yes,https://www.zomato.com/pune/acai-1-kothrud/info,"12,12,610",82,yes,no,no
Madurai Kitchen - Courtyard By Marriott,"North Indian, South Indian, Chinese, Continental, Italian, Fast Food, Beverages","₹1,800 for two",1800,4.6,madurai,kk-nagar,quick_bite,0,0,0,7,high,excellent,3709,yes,https://www.zomato.com/pune/cibbo-all-day-dining-bar-shivaji-nagar/info,"12,12,610",82,yes,no,no
Chinese Wok,Chinese,₹300 for two,300,4,madurai,kk-nagar,quick_bite,0,0,0,1,medium,excellent,3709,yes,https://www.zomato.com/pune/danonnas-pizzeria-deccan-gymkhana/info,"12,12,610",82,yes,no,no
Barbeque Nation,"North Indian, BBQ, Kebab, Biryani","₹1,800 for two",1800,4.7,madurai,kk-nagar,quick_bite,0,0,0,4,high,excellent,3709,yes,https://www.zomato.com/pune/bao-story-1-hinjawadi/info,"12,12,610",82,yes,no,no
Kumar Mess,"North Indian, South Indian, Mughlai, Biryani",₹500 for two,500,4.5,madurai,kk-nagar,quick_bite,0,0,0,4,high,excellent,3709,yes,https://www.zomato.com/pune/the-ruby-hilltop-sunnys-world-sus/info,"12,12,610",82,yes,no,no
Zaitoon,"Arabian, South Indian, North Indian, Lebanese, Kebab, Chinese, Desserts, Beverages",₹500 for two,500,4.5,madurai,kk-nagar,quick_bite,0,0,0,8,high,excellent,3709,yes,https://www.zomato.com/pune/swig-1-baner/info,"12,12,610",82,yes,no,no
Amman Veg Restaurant,"Chinese, South Indian, Sichuan",₹200 for two,200,3.9,madurai,kk-nagar,quick_bite,0,0,0,3,medium,good,3709,yes,https://www.zomato.com/pune/1bhk-superbar-baner/info,"12,12,610",82,yes,no,no
Noshta Cafe,"Rolls, Fast Food, Street Food, Desserts",₹300 for two,300,3.7,madurai,kk-nagar,quick_bite,0,0,0,4,medium,good,3709,yes,https://www.zomato.com/pune/thakorji-thaal-wakad/info,"12,12,610",82,yes,no,no
Amsavalli Bhavan,Biryani,₹400 for two,400,3.9,madurai,kk-nagar,quick_bite,0,0,0,1,medium,good,3709,yes,https://www.zomato.com/pune/aloraa-garden-kitchen-bar-baner/info,"12,12,610",82,yes,no,no
Cibo,"South Indian, Continental, Asian, Mexican, Chinese, Seafood, Desserts, Beverages","₹1,000 for two",1000,3.7,madurai,kk-nagar,quick_bite,0,0,0,8,high,good,3709,yes,https://www.zomato.com/pune/cherie-hinjawadi/info,"12,12,610",82,yes,no,no
Madurai Kitchen - Courtyard By Marriott,"North Indian, South Indian, Chinese, Continental, Italian, Fast Food, Beverages","₹1,800 for two",1800,4.6,madurai,arrapalayam,quick_bite,0,0,0,7,high,excellent,3709,yes,https://www.zomato.com/pune/teera-wakad/info,"12,12,610",82,yes,no,no
Chinese Wok,Chinese,₹300 for two,300,4,madurai,arrapalayam,quick_bite,0,0,0,1,medium,excellent,3709,yes,https://www.zomato.com/pune/spice-factory-hinjawadi/info,"12,12,610",82,yes,no,no
Barbeque Nation,"North Indian, BBQ, Kebab, Biryani","₹1,800 for two",1800,4.7,madurai,arrapalayam,quick_bite,0,0,0,4,high,excellent,3709,yes,https://www.zomato.com/pune/bao-story-1-hinjawadi/info,"12,12,610",82,yes,no,no
Kumar Mess,"North Indian, South Indian, Mughlai, Biryani",₹500 for two,500,4.5,madurai,arrapalayam,quick_bite,0,0,0,4,high,excellent,3709,yes,https://www.zomato.com/pune/the-ruby-hilltop-sunnys-world-sus/info,"12,12,610",82,yes,no,no
Zaitoon,"Arabian, South Indian, North Indian, Lebanese, Kebab, Chinese, Desserts, Beverages",₹500 for two,500,4.5,madurai,arrapalayam,quick_bite,0,0,0,8,high,excellent,3709,yes,https://www.zomato.com/pune/aloraa-garden-kitchen-bar-baner/info,"12,12,610",82,yes,no,no
Amman Veg Restaurant,"Chinese, South Indian, Sichuan",₹200 for two,200,3.9,madurai,arrapalayam,quick_bite,0,0,0,3,medium,good,3709,yes,https://www.zomato.com/pune/cherie-hinjawadi/info,"12,12,610",82,yes,no,no
Noshta Cafe,"Rolls, Fast Food, Street Food, Desserts",₹300 for two,300,3.7,madurai,arrapalayam,quick_bite,0,0,0,4,medium,good,3709,yes,https://www.zomato.com/pune/swig-1-baner/info,"12,12,610",82,yes,no,no
Amsavalli Bhavan,Biryani,₹400 for two,400,3.9,madurai,arrapalayam,quick_bite,0,0,0,1,medium,good,3709,yes,https://www.zomato.com/pune/teera-wakad/info,"12,12,610",82,yes,no,no
Cibo,"South Indian, Continental, Asian, Mexican, Chinese, Seafood, Desserts, Beverages","₹1,000 for two",1000,3.7,madurai,arrapalayam,quick_bite,0,0,0,8,high,good,3709,yes,https://www.zomato.com/pune/1bhk-superbar-baner/info,"12,12,610",82,yes,no,no
Madurai Kitchen - Courtyard By Marriott,"North Indian, South Indian, Chinese, Continental, Italian, Fast Food, Beverages","₹1,800 for two",1800,4.6,madurai,iyer-bungalow,quick_bite,0,0,0,7,high,excellent,3709,yes,https://www.zomato.com/pune/spice-factory-hinjawadi/info,"12,12,610",82,yes,no,no
Chinese Wok,Chinese,₹300 for two,300,4,madurai,iyer-bungalow,quick_bite,0,0,0,1,medium,excellent,3709,yes,https://www.zomato.com/pune/thakorji-thaal-wakad/info,"12,12,610",82,yes,no,no
Barbeque Nation,"North Indian, BBQ, Kebab, Biryani","₹1,800 for two",1800,4.7,madurai,iyer-bungalow,quick_bite,0,0,0,4,high,excellent,3709,yes,https://www.zomato.com/pune/bao-story-1-hinjawadi/info,"12,12,610",82,yes,no,no
Kumar Mess,"North Indian, South Indian, Mughlai, Biryani",₹500 for two,500,4.5,madurai,iyer-bungalow,quick_bite,0,0,0,4,high,excellent,3709,yes,https://www.zomato.com/pune/the-ruby-hilltop-sunnys-world-sus/info,"12,12,610",82,yes,no,no
Noshta Cafe,"Rolls, Fast Food, Street Food, Desserts",₹300 for two,300,3.7,madurai,iyer-bungalow,quick_bite,0,0,0,4,medium,good,3709,yes,https://www.zomato.com/pune/swig-1-baner/info,"12,12,610",82,yes,no,no
Cibo,"South Indian, Continental, Asian, Mexican, Chinese, Seafood, Desserts, Beverages","₹1,000 for two",1000,3.7,madurai,iyer-bungalow,quick_bite,0,0,0,8,high,good,3709,yes,https://www.zomato.com/pune/1bhk-superbar-baner/info,"12,12,610",82,yes,no,no
KFC,"Burger, Fast Food, Rolls",₹450 for two,450,3.6,madurai,iyer-bungalow,quick_bite,0,0,0,3,medium,good,3709,yes,https://www.zomato.com/pune/thakorji-thaal-wakad/info,"12,12,610",82,yes,no,no
B To H - Biryani To Heaven,"Biryani, Hyderabadi, South Indian, North Indian, Arabian, Chinese, Kebab, Beverages",₹550 for two,550,4.4,madurai,iyer-bungalow,quick_bite,0,0,0,8,high,excellent,3709,yes,https://www.zomato.com/pune/aloraa-garden-kitchen-bar-baner/info,"12,12,610",82,yes,no,no
Kailash Parbat,"North Indian, Chinese, Fast Food","₹1,000 for two",1000,,madurai,iyer-bungalow,quick_bite,0,0,0,3,high,,3709,yes,https://www.zomato.com/pune/cherie-hinjawadi/info,"12,12,610",82,yes,no,no
Madurai Kitchen - Courtyard By Marriott,"North Indian, South Indian, Chinese, Continental, Italian, Fast Food, Beverages","₹1,800 for two",1800,4.6,madurai,viswanathapuram,quick_bite,0,0,0,7,high,excellent,3709,yes,https://www.zomato.com/pune/teera-wakad/info,"12,12,610",82,yes,no,no
Chinese Wok,Chinese,₹300 for two,300,4,madurai,viswanathapuram,quick_bite,0,0,0,1,medium,excellent,3709,yes,https://www.zomato.com/pune/spice-factory-hinjawadi/info,"12,12,610",82,yes,no,no
Barbeque Nation,"North Indian, BBQ, Kebab, Biryani","₹1,800 for two",1800,4.7,madurai,viswanathapuram,quick_bite,0,0,0,4,high,excellent,3709,yes,https://www.zomato.com/pune/bao-story-1-hinjawadi/info,"12,12,610",82,yes,no,no
Kumar Mess,"North Indian, South Indian, Mughlai, Biryani",₹500 for two,500,4.5,madurai,viswanathapuram,quick_bite,0,0,0,4,high,excellent,3709,yes,https://www.zomato.com/pune/the-ruby-hilltop-sunnys-world-sus/info,"12,12,610",82,yes,no,no
Zaitoon,"Arabian, South Indian, North Indian, Lebanese, Kebab, Chinese, Desserts, Beverages",₹500 for two,500,4.5,madurai,viswanathapuram,quick_bite,0,0,0,8,high,excellent,3709,yes,https://www.zomato.com/pune/aloraa-garden-kitchen-bar-baner/info,"12,12,610",82,yes,no,no
Noshta Cafe,"Rolls, Fast Food, Street Food, Desserts",₹300 for two,300,3.7,madurai,viswanathapuram,quick_bite,0,0,0,4,medium,good,3709,yes,https://www.zomato.com/pune/cherie-hinjawadi/info,"12,12,610",82,yes,no,no
Amsavalli Bhavan,Biryani,₹400 for two,400,3.9,madurai,viswanathapuram,quick_bite,0,0,0,1,medium,good,3709,yes,https://www.zomato.com/pune/swig-1-baner/info,"12,12,610",82,yes,no,no
Cibo,"South Indian, Continental, Asian, Mexican, Chinese, Seafood, Desserts, Beverages","₹1,000 for two",1000,3.7,madurai,viswanathapuram,quick_bite,0,0,0,8,high,good,3709,yes,https://www.zomato.com/pune/teera-wakad/info,"12,12,610",82,yes,no,no
KFC,"Burger, Fast Food, Rolls",₹450 for two,450,3.6,madurai,viswanathapuram,quick_bite,0,0,0,3,medium,good,3709,yes,https://www.zomato.com/pune/1bhk-superbar-baner/info,"12,12,610",82,yes,no,no
Madurai Kitchen - Courtyard By Marriott,"North Indian, South Indian, Chinese, Continental, Italian, Fast Food, Beverages","₹1,800 for two",1800,4.6,madurai,periyar,quick_bite,0,0,0,7,high,excellent,3709,yes,https://www.zomato.com/pune/spice-factory-hinjawadi/info,"12,12,610",82,yes,no,no
Chinese Wok,Chinese,₹300 for two,300,4,madurai,periyar,quick_bite,0,0,0,1,medium,excellent,3709,yes,https://www.zomato.com/pune/thakorji-thaal-wakad/info,"12,12,610",82,yes,no,no
Barbeque Nation,"North Indian, BBQ, Kebab, Biryani","₹1,800 for two",1800,4.7,madurai,periyar,quick_bite,0,0,0,4,high,excellent,3709,yes,https://www.zomato.com/pune/l7-club-lounge-koregaon-park/info,"12,12,610",82,yes,no,no
Kumar Mess,"North Indian, South Indian, Mughlai, Biryani",₹500 for two,500,4.5,madurai,periyar,quick_bite,0,0,0,4,high,excellent,3709,yes,https://www.zomato.com/pune/boteco-tapas-bar-grill-koregaon-park/info,"12,12,610",82,yes,no,no
Zaitoon,"Arabian, South Indian, North Indian, Lebanese, Kebab, Chinese, Desserts, Beverages",₹500 for two,500,4.5,madurai,periyar,quick_bite,0,0,0,8,high,excellent,3709,yes,https://www.zomato.com/pune/ba-ba-reeba-sangamvadi/info,"12,12,610",82,yes,no,no
Amman Veg Restaurant,"Chinese, South Indian, Sichuan",₹200 for two,200,3.9,madurai,periyar,quick_bite,0,0,0,3,medium,good,3709,yes,https://www.zomato.com/pune/oi-brewhouse-kalyani-nagar/info,"12,12,610",82,yes,no,no
Amsavalli Bhavan,Biryani,₹400 for two,400,3.9,madurai,periyar,quick_bite,0,0,0,1,medium,good,3709,yes,https://www.zomato.com/pune/doolally-taproom-ghorpadi/info,"12,12,610",82,yes,no,no
Cibo,"South Indian, Continental, Asian, Mexican, Chinese, Seafood, Desserts, Beverages","₹1,000 for two",1000,3.7,madurai,periyar,quick_bite,0,0,0,8,high,good,3709,yes,https://www.zomato.com/pune/klinq-cocktails-cuisine-viman-nagar/info,"12,12,610",82,yes,no,no
KFC,"Burger, Fast Food, Rolls",₹450 for two,450,3.6,madurai,periyar,quick_bite,0,0,0,3,medium,good,3709,yes,https://www.zomato.com/pune/the-sassy-spoon-koregaon-park/info,"12,12,610",82,yes,no,no
Phil's Bistro,"Continental, Italian, Desserts","₹1,600 for two",1600,4.1,madurai,othakadai,quick_bite,0,0,0,3,high,excellent,3709,yes,https://www.zomato.com/pune/acai-dhole-patil-road/info,"12,12,610",82,yes,no,no
The Chocolate Room,"Cafe, Waffle, Desserts, Beverages, Fast Food, Pizza, Sandwich",₹500 for two,500,3.6,madurai,othakadai,quick_bite,0,0,0,7,high,good,3709,yes,https://www.zomato.com/pune/malaka-spice-koregaon-park/info,"12,12,610",82,yes,no,no
Casa Della Pizza,"Pizza, Fast Food, Beverages",₹700 for two,700,3.9,madurai,othakadai,quick_bite,0,0,0,3,high,good,3709,yes,https://www.zomato.com/pune/l7-club-lounge-koregaon-park/info,"12,12,610",82,yes,no,no
Barbeque Nation,"North Indian, Chinese","₹1,600 for two",1600,,madurai,othakadai,quick_bite,0,0,0,2,high,,3709,yes,https://www.zomato.com/pune/boteco-tapas-bar-grill-koregaon-park/info,"12,12,610",82,yes,no,no
Temple City - Family Veg Restaurant,"South Indian, North Indian, Chinese, Beverages",₹300 for two,300,4.2,madurai,othakadai,quick_bite,0,0,0,4,medium,excellent,3709,yes,https://www.zomato.com/pune/klinq-cocktails-cuisine-viman-nagar/info,"12,12,610",82,yes,no,no
Amma Mess,"Chettinad, Biryani",₹400 for two,400,4,madurai,othakadai,quick_bite,0,0,0,2,medium,excellent,3709,yes,https://www.zomato.com/pune/the-sassy-spoon-koregaon-park/info,"12,12,610",82,yes,no,no
12’o Clock Biryani,"Biryani, North Indian, Chinese, Sichuan",₹300 for two,300,3.8,madurai,othakadai,quick_bite,0,0,0,4,medium,good,3709,yes,https://www.zomato.com/pune/ba-ba-reeba-sangamvadi/info,"12,12,610",82,yes,no,no
Manapatty Biryani,"Biryani, South Indian, Street Food",₹400 for two,400,,madurai,othakadai,quick_bite,0,0,0,3,medium,,3709,yes,https://www.zomato.com/pune/acai-dhole-patil-road/info,"12,12,610",82,yes,no,no
Poppys Hotel,"South Indian, North Indian, Chinese","₹1,500 for two",1500,3,madurai,othakadai,quick_bite,0,0,0,3,high,good,3709,yes,https://www.zomato.com/pune/oi-brewhouse-kalyani-nagar/info,"12,12,610",82,yes,no,no
Kumar Mess,"North Indian, South Indian, Mughlai, Biryani",₹500 for two,500,4.5,madurai,ss-colony,quick_bite,0,0,0,4,high,excellent,3709,yes,https://www.zomato.com/pune/malaka-spice-koregaon-park/info,"12,12,610",82,yes,no,no
Amsavalli Bhavan,Biryani,₹400 for two,400,3.9,madurai,ss-colony,quick_bite,0,0,0,1,medium,good,3709,yes,https://www.zomato.com/pune/doolally-taproom-ghorpadi/info,"12,12,610",82,yes,no,no
B To H - Biryani To Heaven,"Biryani, Hyderabadi, South Indian, North Indian, Arabian, Chinese, Kebab, Beverages",₹550 for two,550,4.4,madurai,ss-colony,quick_bite,0,0,0,8,high,excellent,3709,yes,https://www.zomato.com/pune/melange-kitchen-kharadi/info,"12,12,610",82,yes,no,no
Mug & Beans,"Chinese, Fast Food, North Eastern, Sichuan, Shake, Beverages","₹1,000 for two",1000,4.5,madurai,ss-colony,quick_bite,0,0,0,6,high,excellent,3709,yes,https://www.zomato.com/pune/oi-brewhouse-kalyani-nagar/info,"12,12,610",82,yes,no,no
Siragugal Casual Dining Restaurant,"South Indian, Hyderabadi, Kebab, Biryani, Chinese",₹300 for two,300,,madurai,ss-colony,casual,0,0,0,5,medium,,3709,yes,https://www.zomato.com/pune/doolally-taproom-ghorpadi/info,"12,12,610",82,yes,no,no
Ambur Star Briyani Since 1890,"Biryani, Chinese, Kebab, North Indian, Sichuan",₹500 for two,500,3.7,madurai,ss-colony,quick_bite,0,0,0,5,high,good,3709,yes,https://www.zomato.com/pune/klinq-cocktails-cuisine-viman-nagar/info,"12,12,610",82,yes,no,no
Salem RR Biriyani - Kalavasal,"Biryani, North Indian",₹550 for two,550,3.6,madurai,ss-colony,quick_bite,0,0,0,2,high,good,3709,yes,https://www.zomato.com/pune/the-mafia-sky-lounge-chandan-nagar/info,"12,12,610",82,yes,no,no
A2B - Adyar Ananda Bhavan,South Indian,₹200 for two,200,3.8,madurai,ss-colony,quick_bite,0,0,0,1,medium,good,3709,yes,https://www.zomato.com/pune/atmosphere-6-viman-nagar/info,"12,12,610",82,yes,no,no
Murugan Idli Shop,South Indian,₹200 for two,200,3.8,madurai,ss-colony,quick_bite,0,0,0,1,medium,good,3709,yes,https://www.zomato.com/pune/paashh-1-kalyani-nagar/info,"12,12,610",82,yes,no,no
Madurai Kitchen - Courtyard By Marriott,"North Indian, South Indian, Chinese, Continental, Italian, Fast Food, Beverages","₹1,800 for two",1800,4.6,madurai,sathamangalam,quick_bite,0,0,0,7,high,excellent,3709,yes,https://www.zomato.com/pune/tyk-tyk-2-kharadi/info,"12,12,610",82,yes,no,no
Chinese Wok,Chinese,₹300 for two,300,4,madurai,sathamangalam,quick_bite,0,0,0,1,medium,excellent,3709,yes,https://www.zomato.com/pune/spice-factory-kharadi/info,"12,12,610",82,yes,no,no
Barbeque Nation,"North Indian, BBQ, Kebab, Biryani","₹1,800 for two",1800,4.7,madurai,sathamangalam,quick_bite,0,0,0,4,high,excellent,3709,yes,https://www.zomato.com/pune/melange-kitchen-kharadi/info,"12,12,610",82,yes,no,no
Kumar Mess,"North Indian, South Indian, Mughlai, Biryani",₹500 for two,500,4.5,madurai,sathamangalam,quick_bite,0,0,0,4,high,excellent,3709,yes,https://www.zomato.com/pune/oi-brewhouse-kalyani-nagar/info,"12,12,610",82,yes,no,no
Zaitoon,"Arabian, South Indian, North Indian, Lebanese, Kebab, Chinese, Desserts, Beverages",₹500 for two,500,4.5,madurai,sathamangalam,quick_bite,0,0,0,8,high,excellent,3709,yes,https://www.zomato.com/pune/atmosphere-6-viman-nagar/info,"12,12,610",82,yes,no,no
Amman Veg Restaurant,"Chinese, South Indian, Sichuan",₹200 for two,200,3.9,madurai,sathamangalam,quick_bite,0,0,0,3,medium,good,3709,yes,https://www.zomato.com/pune/paashh-1-kalyani-nagar/info,"12,12,610",82,yes,no,no
Noshta Cafe,"Rolls, Fast Food, Street Food, Desserts",₹300 for two,300,3.7,madurai,sathamangalam,quick_bite,0,0,0,4,medium,good,3709,yes,https://www.zomato.com/pune/doolally-taproom-ghorpadi/info,"12,12,610",82,yes,no,no
Amsavalli Bhavan,Biryani,₹400 for two,400,3.9,madurai,sathamangalam,quick_bite,0,0,0,1,medium,good,3709,yes,https://www.zomato.com/pune/tyk-tyk-2-kharadi/info,"12,12,610",82,yes,no,no
Cibo,"South Indian, Continental, Asian, Mexican, Chinese, Seafood, Desserts, Beverages","₹1,000 for two",1000,3.7,madurai,sathamangalam,quick_bite,0,0,0,8,high,good,3709,yes,https://www.zomato.com/pune/klinq-cocktails-cuisine-viman-nagar/info,"12,12,610",82,yes,no,no
Kava Restaurant - Fairfield by Marriott,"North Indian, Asian, Italian, Fast Food, Desserts, Beverages","₹2,000 for two",2000,4,lucknow,gomti-nagar,quick_bite,0,0,0,6,high,excellent,3709,yes,https://www.zomato.com/pune/spice-factory-kharadi/info,"9,57,730",214,yes,no,no
Senses By Mercure,"North Indian, South Indian, Mughlai","₹1,500 for two",1500,4.1,lucknow,gomti-nagar,quick_bite,0,0,0,3,high,excellent,3709,yes,https://www.zomato.com/pune/the-mafia-sky-lounge-chandan-nagar/info,"9,57,730",214,yes,no,no
Molecule Air Bar,"North Indian, Continental, Asian, Finger Food, Desserts, Beverages","₹1,800 for two",1800,4.3,lucknow,gomti-nagar,quick_bite,0,0,0,6,high,excellent,3709,yes,https://www.zomato.com/pune/l7-club-lounge-koregaon-park/info,"9,57,730",214,yes,no,no
Mocha,"Italian, Continental, North Indian, Fast Food, Desserts, Beverages","₹1,500 for two",1500,4.5,lucknow,gomti-nagar,quick_bite,0,0,0,6,high,excellent,3709,yes,https://www.zomato.com/pune/boteco-tapas-bar-grill-koregaon-park/info,"9,57,730",214,yes,no,no
Purple Basil,"North Indian, Sandwich, Pizza, Sushi, Italian, Fast Food, Mexican, Salad","₹3,600 for two",3600,4.9,lucknow,gomti-nagar,quick_bite,0,0,0,8,high,excellent,3709,yes,https://www.zomato.com/pune/oi-brewhouse-kalyani-nagar/info,"9,57,730",214,yes,no,no
Chacoco,"Pizza, Beverages, Cafe, Coffee, Shake, Italian, Pasta, Healthy Food","₹1,600 for two",1600,,lucknow,gomti-nagar,quick_bite,0,0,0,8,high,,3709,yes,https://www.zomato.com/pune/doolally-taproom-ghorpadi/info,"9,57,730",214,yes,no,no
The Big Grill,"Biryani, Salad, North Indian, Oriental, Desserts, Beverages, Street Food, Italian","₹1,800 for two",1800,4.6,lucknow,gomti-nagar,quick_bite,0,0,0,8,high,excellent,3709,yes,https://www.zomato.com/pune/klinq-cocktails-cuisine-viman-nagar/info,"9,57,730",214,yes,no,no
Thamarai,"South Indian, North Indian, Chinese, Coffee","₹1,100 for two",1100,4.5,lucknow,gomti-nagar,quick_bite,0,0,0,4,high,excellent,3709,yes,https://www.zomato.com/pune/the-sassy-spoon-koregaon-park/info,"9,57,730",214,yes,no,no
L 14 - Renaissance Lucknow Hotel,"North Indian, Mughlai, Continental, Asian, Healthy Food, BBQ, Desserts, Beverages","₹2,100 for two",2100,4.2,lucknow,gomti-nagar,quick_bite,0,0,0,8,high,excellent,3709,yes,https://www.zomato.com/pune/malaka-spice-koregaon-park/info,"9,57,730",214,yes,no,no
Hazratganj SOCIAL,"Chinese, Biryani, Pasta, Burger, Kebab, Momos, Beverages","₹1,800 for two",1800,4.4,lucknow,hazratganj,quick_bite,0,0,0,7,high,excellent,3709,yes,https://www.zomato.com/pune/the-mafia-sky-lounge-chandan-nagar/info,"9,57,730",214,yes,no,no
Tanatan,"Lucknowi, Desserts, Beverages","₹1,500 for two",1500,4.6,lucknow,hazratganj,quick_bite,0,0,0,3,high,excellent,3709,yes,https://www.zomato.com/pune/atmosphere-6-viman-nagar/info,"9,57,730",214,yes,no,no
Molecule Air Bar,"North Indian, Continental, Asian, Finger Food, Desserts, Beverages","₹1,800 for two",1800,4.3,lucknow,hazratganj,quick_bite,0,0,0,6,high,excellent,3709,yes,https://www.zomato.com/pune/l7-club-lounge-koregaon-park/info,"9,57,730",214,yes,no,no
Hons  All Day Dining,"Cafe, Coffee, Tea, Shake, Beverages, Continental, Italian, Salad","₹1,500 for two",1500,4.5,lucknow,hazratganj,quick_bite,0,0,0,8,high,excellent,3709,yes,https://www.zomato.com/pune/boteco-tapas-bar-grill-koregaon-park/info,"9,57,730",214,yes,no,no
Chacoco,"Pizza, Beverages, Cafe, Coffee, Shake, Italian, Pasta, Healthy Food","₹1,600 for two",1600,,lucknow,hazratganj,quick_bite,0,0,0,8,high,,3709,yes,https://www.zomato.com/pune/the-sassy-spoon-koregaon-park/info,"9,57,730",214,yes,no,no
L 14 - Renaissance Lucknow Hotel,"North Indian, Mughlai, Continental, Asian, Healthy Food, BBQ, Desserts, Beverages","₹2,100 for two",2100,4.2,lucknow,hazratganj,quick_bite,0,0,0,8,high,excellent,3709,yes,https://www.zomato.com/pune/malaka-spice-koregaon-park/info,"9,57,730",214,yes,no,no
Cafe Repertwahr,"Burger, Pizza, North Indian, Coffee, Desserts, Continental, Sandwich","₹1,100 for two",1100,4.4,lucknow,hazratganj,quick_bite,0,0,0,7,high,excellent,3709,yes,https://www.zomato.com/pune/oi-brewhouse-kalyani-nagar/info,"9,57,730",214,yes,no,no
Azrak- Saraca Lucknow,"Awadhi, Beverages, North Indian, Middle Eastern, Mughlai, Biryani","₹3,500 for two",3500,4.5,lucknow,hazratganj,quick_bite,0,0,0,6,high,excellent,3709,yes,https://www.zomato.com/pune/the-mafia-sky-lounge-chandan-nagar/info,"9,57,730",214,yes,no,no
FO'SHO - Pan Asian & Italian Bistro,"Asian, Italian, Japanese, Korean","₹1,500 for two",1500,4.5,lucknow,hazratganj,quick_bite,0,0,0,4,high,excellent,3709,yes,https://www.zomato.com/pune/doolally-taproom-ghorpadi/info,"9,57,730",214,yes,no,no
Hazratganj SOCIAL,"Chinese, Biryani, Pasta, Burger, Kebab, Momos, Beverages","₹1,800 for two",1800,4.4,lucknow,aliganj,quick_bite,0,0,0,7,high,excellent,3709,yes,https://www.zomato.com/pune/atmosphere-6-viman-nagar/info,"9,57,730",214,yes,no,no
Molecule Air Bar,"North Indian, Continental, Asian, Finger Food, Desserts, Beverages","₹1,800 for two",1800,4.3,lucknow,aliganj,quick_bite,0,0,0,6,high,excellent,3709,yes,https://www.zomato.com/pune/klinq-cocktails-cuisine-viman-nagar/info,"9,57,730",214,yes,no,no
Hons  All Day Dining,"Cafe, Coffee, Tea, Shake, Beverages, Continental, Italian, Salad","₹1,500 for two",1500,4.5,lucknow,aliganj,quick_bite,0,0,0,8,high,excellent,3709,yes,https://www.zomato.com/puducherry/the-boho-muthial-pet/info,"9,57,730",214,yes,no,no
L 14 - Renaissance Lucknow Hotel,"North Indian, Mughlai, Continental, Asian, Healthy Food, BBQ, Desserts, Beverages","₹2,100 for two",2100,4.2,lucknow,aliganj,quick_bite,0,0,0,8,high,excellent,3709,yes,https://www.zomato.com/puducherry/catamaran-brewing-heritage-town/info,"9,57,730",214,yes,no,no
Cafe Repertwahr,"Burger, Pizza, North Indian, Coffee, Desserts, Continental, Sandwich","₹1,100 for two",1100,4.4,lucknow,aliganj,quick_bite,0,0,0,7,high,excellent,3709,yes,https://www.zomato.com/puducherry/vaanam-heritage-town/info,"9,57,730",214,yes,no,no
FO'SHO - Pan Asian & Italian Bistro,"Asian, Italian, Japanese, Korean","₹1,500 for two",1500,4.5,lucknow,aliganj,quick_bite,0,0,0,4,high,excellent,3709,yes,https://www.zomato.com/puducherry/season-accord-puducherry-gandhinagar/info,"9,57,730",214,yes,no,no
Barkaas Indo-Arabic Restaurant,"Biryani, Arabian, Mughlai, Kebab, Mandi, Fast Food, Salad, Desserts","₹1,300 for two",1300,4.2,lucknow,aliganj,quick_bite,0,0,0,8,high,excellent,3709,yes,https://www.zomato.com/puducherry/villa-shanti-white-town/info,"9,57,730",214,yes,no,no
Trucco's,"Pizza, Pasta, Asian",₹500 for two,500,4.5,lucknow,aliganj,quick_bite,0,0,0,3,high,excellent,3709,yes,https://www.zomato.com/puducherry/anthé-restaurant-white-town/info,"9,57,730",214,yes,no,no
Criollo Cafe,"Cafe, Italian, Continental, Coffee","₹1,000 for two",1000,4.3,lucknow,aliganj,quick_bite,0,0,0,4,high,excellent,3709,yes,https://www.zomato.com/puducherry/oh-pondi-white-town/info,"9,57,730",214,yes,no,no
Skyhilton,"North Indian, Chinese, Continental, Oriental, Kebab, Fast Food, Desserts, Beverages","₹1,800 for two",1800,4.4,lucknow,aashiana,quick_bite,0,0,0,8,high,excellent,3709,yes,https://www.zomato.com/puducherry/la-villa-mg-road/info,"9,57,730",214,yes,no,no
Urban Sweets and Bakers,"North Indian, Chinese, Oriental, Continental, Fast Food","₹1,100 for two",1100,4.2,lucknow,aashiana,quick_bite,0,0,0,5,high,excellent,3709,yes,https://www.zomato.com/puducherry/asian-house-white-town/info,"9,57,730",214,yes,no,no
Korean Express,"Asian, Chinese, Japanese, Korean, Momos, Sushi",₹500 for two,500,3.6,lucknow,aashiana,quick_bite,0,0,0,6,high,good,3709,yes,https://www.zomato.com/puducherry/the-boho-muthial-pet/info,"9,57,730",214,yes,no,no
Best Choice Of Awadh,"North Indian, Awadhi, Chinese","₹1,000 for two",1000,4.5,lucknow,aashiana,quick_bite,0,0,0,3,high,excellent,3709,yes,https://www.zomato.com/puducherry/catamaran-brewing-heritage-town/info,"9,57,730",214,yes,no,no
Amrkh,"North Indian, Biryani, Mughlai, Continental, Italian, Chinese, Desserts, Beverages","₹1,500 for two",1500,4.4,lucknow,aashiana,quick_bite,0,0,0,8,high,excellent,3709,yes,https://www.zomato.com/puducherry/anthé-restaurant-white-town/info,"9,57,730",214,yes,no,no
The Hazelnut Factory,"Bakery, Mithai, Pizza, Desserts, Fast Food, Cafe, Beverages, Street Food","₹1,500 for two",1500,4.3,lucknow,aashiana,quick_bite,0,0,0,8,high,excellent,3709,yes,https://www.zomato.com/puducherry/oh-pondi-white-town/info,"9,57,730",214,yes,no,no
The Posh Pouf,"North Indian, Chinese, South Indian, Fast Food, Mughlai, Biryani, Desserts, Beverages","₹1,200 for two",1200,4.2,lucknow,aashiana,quick_bite,0,0,0,8,high,excellent,3709,yes,https://www.zomato.com/puducherry/vaanam-heritage-town/info,"9,57,730",214,yes,no,no
Flavours - All Day Dining,"North Indian, Asian, Salad, Biryani, Chinese, Desserts","₹1,000 for two",1000,4.4,lucknow,aashiana,quick_bite,0,0,0,6,high,excellent,3709,yes,https://www.zomato.com/puducherry/la-villa-mg-road/info,"9,57,730",214,yes,no,no
Marksmen,"Chinese, South Indian, Fast Food, Burger, Continental","₹1,400 for two",1400,4.4,lucknow,aashiana,quick_bite,0,0,0,5,high,excellent,3709,yes,https://www.zomato.com/puducherry/season-accord-puducherry-gandhinagar/info,"9,57,730",214,yes,no,no
Hazratganj SOCIAL,"Chinese, Biryani, Pasta, Burger, Kebab, Momos, Beverages","₹1,800 for two",1800,4.4,lucknow,aminabad,quick_bite,0,0,0,7,high,excellent,3709,yes,https://www.zomato.com/puducherry/asian-house-white-town/info,"9,57,730",214,yes,no,no
Tanatan,"Lucknowi, Desserts, Beverages","₹1,500 for two",1500,4.6,lucknow,aminabad,quick_bite,0,0,0,3,high,excellent,3709,yes,https://www.zomato.com/puducherry/villa-shanti-white-town/info,"9,57,730",214,yes,no,no
Molecule Air Bar,"North Indian, Continental, Asian, Finger Food, Desserts, Beverages","₹1,800 for two",1800,4.3,lucknow,aminabad,quick_bite,0,0,0,6,high,excellent,3709,yes,https://www.zomato.com/puducherry/catamaran-brewing-heritage-town/info,"9,57,730",214,yes,no,no
Hons  All Day Dining,"Cafe, Coffee, Tea, Shake, Beverages, Continental, Italian, Salad","₹1,500 for two",1500,4.5,lucknow,aminabad,quick_bite,0,0,0,8,high,excellent,3709,yes,https://www.zomato.com/puducherry/season-accord-puducherry-gandhinagar/info,"9,57,730",214,yes,no,no
L 14 - Renaissance Lucknow Hotel,"North Indian, Mughlai, Continental, Asian, Healthy Food, BBQ, Desserts, Beverages","₹2,100 for two",2100,4.2,lucknow,aminabad,quick_bite,0,0,0,8,high,excellent,3709,yes,https://www.zomato.com/puducherry/the-boho-muthial-pet/info,"9,57,730",214,yes,no,no
Azrak- Saraca Lucknow,"Awadhi, Beverages, North Indian, Middle Eastern, Mughlai, Biryani","₹3,500 for two",3500,4.5,lucknow,aminabad,quick_bite,0,0,0,6,high,excellent,3709,yes,https://www.zomato.com/puducherry/the-essence-brew-gandhinagar/info,"9,57,730",214,yes,no,no
FO'SHO - Pan Asian & Italian Bistro,"Asian, Italian, Japanese, Korean","₹1,500 for two",1500,4.5,lucknow,aminabad,quick_bite,0,0,0,4,high,excellent,3709,yes,https://www.zomato.com/puducherry/vaanam-heritage-town/info,"9,57,730",214,yes,no,no
Barkaas Indo-Arabic Restaurant,"Biryani, Arabian, Mughlai, Kebab, Mandi, Fast Food, Salad, Desserts","₹1,300 for two",1300,4.2,lucknow,aminabad,quick_bite,0,0,0,8,high,excellent,3709,yes,https://www.zomato.com/puducherry/anthé-restaurant-white-town/info,"9,57,730",214,yes,no,no
Trucco's,"Pizza, Pasta, Asian",₹500 for two,500,4.5,lucknow,aminabad,quick_bite,0,0,0,3,high,excellent,3709,yes,https://www.zomato.com/puducherry/oh-pondi-white-town/info,"9,57,730",214,yes,no,no
Kava Restaurant - Fairfield by Marriott,"North Indian, Asian, Italian, Fast Food, Desserts, Beverages","₹2,000 for two",2000,4,lucknow,indira-nagar,quick_bite,0,0,0,6,high,excellent,3709,yes,https://www.zomato.com/puducherry/villa-shanti-white-town/info,"9,57,730",214,yes,no,no
Molecule Air Bar,"North Indian, Continental, Asian, Finger Food, Desserts, Beverages","₹1,800 for two",1800,4.3,lucknow,indira-nagar,quick_bite,0,0,0,6,high,excellent,3709,yes,https://www.zomato.com/puducherry/la-villa-mg-road/info,"9,57,730",214,yes,no,no
Mocha,"Italian, Continental, North Indian, Fast Food, Desserts, Beverages","₹1,500 for two",1500,4.5,lucknow,indira-nagar,quick_bite,0,0,0,6,high,excellent,3709,yes,https://www.zomato.com/puducherry/catamaran-brewing-heritage-town/info,"9,57,730",214,yes,no,no
Hons  All Day Dining,"Cafe, Coffee, Tea, Shake, Beverages, Continental, Italian, Salad","₹1,500 for two",1500,4.5,lucknow,indira-nagar,quick_bite,0,0,0,8,high,excellent,3709,yes,https://www.zomato.com/puducherry/season-accord-puducherry-gandhinagar/info,"9,57,730",214,yes,no,no
Chacoco,"Pizza, Beverages, Cafe, Coffee, Shake, Italian, Pasta, Healthy Food","₹1,600 for two",1600,,lucknow,indira-nagar,quick_bite,0,0,0,8,high,,3709,yes,https://www.zomato.com/puducherry/anthé-restaurant-white-town/info,"9,57,730",214,yes,no,no
Thamarai,"South Indian, North Indian, Chinese, Coffee","₹1,100 for two",1100,4.5,lucknow,indira-nagar,quick_bite,0,0,0,4,high,excellent,3709,yes,https://www.zomato.com/puducherry/oh-pondi-white-town/info,"9,57,730",214,yes,no,no
L 14 - Renaissance Lucknow Hotel,"North Indian, Mughlai, Continental, Asian, Healthy Food, BBQ, Desserts, Beverages","₹2,100 for two",2100,4.2,lucknow,indira-nagar,quick_bite,0,0,0,8,high,excellent,3709,yes,https://www.zomato.com/puducherry/the-boho-muthial-pet/info,"9,57,730",214,yes,no,no
Cafe Repertwahr,"Burger, Pizza, North Indian, Coffee, Desserts, Continental, Sandwich","₹1,100 for two",1100,4.4,lucknow,indira-nagar,quick_bite,0,0,0,7,high,excellent,3709,yes,https://www.zomato.com/puducherry/villa-shanti-white-town/info,"9,57,730",214,yes,no,no
VARA,"Bar Food, North Indian, Sushi, Continental, Italian, Chinese, Desserts, Beverages","₹2,000 for two",2000,4.8,lucknow,indira-nagar,quick_bite,0,0,0,8,high,excellent,3709,yes,https://www.zomato.com/puducherry/the-essence-brew-gandhinagar/info,"9,57,730",214,yes,no,no
Skyhilton,"North Indian, Chinese, Continental, Oriental, Kebab, Fast Food, Desserts, Beverages","₹1,800 for two",1800,4.4,lucknow,alambagh,quick_bite,0,0,0,8,high,excellent,3709,yes,https://www.zomato.com/puducherry/la-villa-mg-road/info,"9,57,730",214,yes,no,no
Korean Express,"Asian, Chinese, Japanese, Korean, Momos, Sushi",₹500 for two,500,3.6,lucknow,alambagh,quick_bite,0,0,0,6,high,good,3709,yes,https://www.zomato.com/puducherry/vaanam-heritage-town/info,"9,57,730",214,yes,no,no
Best Choice Of Awadh,"North Indian, Awadhi, Chinese","₹1,000 for two",1000,4.5,lucknow,alambagh,quick_bite,0,0,0,3,high,excellent,3709,yes,https://www.zomato.com/puducherry/catamaran-brewing-heritage-town/info,"9,57,730",214,yes,no,no
The Hazelnut Factory,"Bakery, Mithai, Pizza, Desserts, Fast Food, Cafe, Beverages, Street Food","₹1,500 for two",1500,4.3,lucknow,alambagh,quick_bite,0,0,0,8,high,excellent,3709,yes,https://www.zomato.com/puducherry/anthé-restaurant-white-town/info,"9,57,730",214,yes,no,no
The Posh Pouf,"North Indian, Chinese, South Indian, Fast Food, Mughlai, Biryani, Desserts, Beverages","₹1,200 for two",1200,4.2,lucknow,alambagh,quick_bite,0,0,0,8,high,excellent,3709,yes,https://www.zomato.com/puducherry/season-accord-puducherry-gandhinagar/info,"9,57,730",214,yes,no,no
Flavours - All Day Dining,"North Indian, Asian, Salad, Biryani, Chinese, Desserts","₹1,000 for two",1000,4.4,lucknow,alambagh,quick_bite,0,0,0,6,high,excellent,3709,yes,https://www.zomato.com/puducherry/oh-pondi-white-town/info,"9,57,730",214,yes,no,no
Marksmen,"Chinese, South Indian, Fast Food, Burger, Continental","₹1,400 for two",1400,4.4,lucknow,alambagh,quick_bite,0,0,0,5,high,excellent,3709,yes,https://www.zomato.com/puducherry/villa-shanti-white-town/info,"9,57,730",214,yes,no,no
The Old Lucknow,"North Indian, Mughlai, Biryani, Kebab, Rolls",₹300 for two,300,,lucknow,alambagh,quick_bite,0,0,0,5,medium,,3709,yes,https://www.zomato.com/puducherry/asian-house-white-town/info,"9,57,730",214,yes,no,no
WOW! China,"Chinese, Asian, Fast Food, Beverages",₹700 for two,700,4,lucknow,alambagh,quick_bite,0,0,0,4,high,excellent,3709,yes,https://www.zomato.com/puducherry/vaanam-heritage-town/info,"9,57,730",214,yes,no,no
Hazratganj SOCIAL,"Chinese, Biryani, Pasta, Burger, Kebab, Momos, Beverages","₹1,800 for two",1800,4.4,lucknow,chowk,quick_bite,0,0,0,7,high,excellent,3709,yes,https://www.zomato.com/puducherry/la-villa-mg-road/info,"9,57,730",214,yes,no,no
Tanatan,"Lucknowi, Desserts, Beverages","₹1,500 for two",1500,4.6,lucknow,chowk,quick_bite,0,0,0,3,high,excellent,3709,yes,https://www.zomato.com/puducherry/the-essence-brew-gandhinagar/info,"9,57,730",214,yes,no,no
Hons  All Day Dining,"Cafe, Coffee, Tea, Shake, Beverages, Continental, Italian, Salad","₹1,500 for two",1500,4.5,lucknow,chowk,quick_bite,0,0,0,8,high,excellent,3709,yes,https://www.zomato.com/puducherry/catamaran-brewing-heritage-town/info,"9,57,730",214,yes,no,no
FO'SHO - Pan Asian & Italian Bistro,"Asian, Italian, Japanese, Korean","₹1,500 for two",1500,4.5,lucknow,chowk,quick_bite,0,0,0,4,high,excellent,3709,yes,https://www.zomato.com/puducherry/anthé-restaurant-white-town/info,"9,57,730",214,yes,no,no
Barkaas Indo-Arabic Restaurant,"Biryani, Arabian, Mughlai, Kebab, Mandi, Fast Food, Salad, Desserts","₹1,300 for two",1300,4.2,lucknow,chowk,quick_bite,0,0,0,8,high,excellent,3709,yes,https://www.zomato.com/puducherry/asian-house-white-town/info,"9,57,730",214,yes,no,no
Trucco's,"Pizza, Pasta, Asian",₹500 for two,500,4.5,lucknow,chowk,quick_bite,0,0,0,3,high,excellent,3709,yes,https://www.zomato.com/puducherry/vaanam-heritage-town/info,"9,57,730",214,yes,no,no
Criollo Cafe,"Cafe, Italian, Continental, Coffee","₹1,000 for two",1000,4.3,lucknow,chowk,quick_bite,0,0,0,4,high,excellent,3709,yes,https://www.zomato.com/puducherry/season-accord-puducherry-gandhinagar/info,"9,57,730",214,yes,no,no
Haloz - Flame Crafted Crust,"Italian, Pizza, Mexican, Beverages, Coffee, Juices, Healthy Food, Cafe","₹1,200 for two",1200,4.5,lucknow,chowk,quick_bite,0,0,0,8,high,excellent,3709,yes,https://www.zomato.com/puducherry/la-villa-mg-road/info,"9,57,730",214,yes,no,no
Avaya Eatery & Coffee House,"North Indian, Biryani","₹1,500 for two",1500,4.2,lucknow,chowk,quick_bite,0,0,0,2,high,excellent,3709,yes,https://www.zomato.com/puducherry/oh-pondi-white-town/info,"9,57,730",214,yes,no,no
Cocoa Bakery,"Bakery, Desserts, Fast Food",₹600 for two,600,3.8,kolkata,park-street-area,quick_bite,0,0,0,3,high,good,3709,yes,https://www.zomato.com/puducherry/the-essence-brew-gandhinagar/info,"9,57,730",214,yes,no,no
SPLASH LUXORANT The Aquarium Restaurant,"Continental, North Indian, Mughlai, Seafood","₹1,500 for two",1500,4.4,kolkata,park-street-area,quick_bite,0,0,0,4,high,excellent,3709,yes,https://www.zomato.com/puducherry/villa-shanti-white-town/info,"9,57,730",214,yes,no,no
Tall Tales,"Modern Indian, Continental, North Indian, Chinese","₹3,000 for two",3000,4.3,kolkata,park-street-area,quick_bite,0,0,0,4,high,excellent,3709,yes,https://www.zomato.com/puducherry/the-boho-muthial-pet/info,"9,57,730",214,yes,no,no
SRK Fusion,"Chinese, Italian, Biryani, Pizza, Pasta, Desserts, Beverages","₹1,200 for two",1200,4.4,kolkata,park-street-area,quick_bite,0,0,0,7,high,excellent,3709,yes,https://www.zomato.com/puducherry/catamaran-brewing-heritage-town/info,"9,57,730",214,yes,no,no
Darlings,"Chinese, North Indian","₹2,500 for two",2500,4.3,kolkata,park-street-area,quick_bite,0,0,0,2,high,excellent,3709,yes,https://www.zomato.com/puducherry/vaanam-heritage-town/info,"9,57,730",214,yes,no,no
Epare Bangla,"Bengali, Mishti, Desserts, Kebab, Seafood","₹1,000 for two",1000,4.2,kolkata,park-street-area,quick_bite,0,0,0,5,high,excellent,3709,yes,https://www.zomato.com/puducherry/villa-shanti-white-town/info,"9,57,730",214,yes,no,no
Zucca The Lounge,"North Indian, Chinese, Italian, Cafe, Finger Food, Continental, Desserts, Beverages","₹1,200 for two",1200,4.1,kolkata,park-street-area,quick_bite,0,0,0,8,high,excellent,3709,yes,https://www.zomato.com/puducherry/anthé-restaurant-white-town/info,"9,57,730",214,yes,no,no
Garden Of Dreams,"Chinese, North Indian, Fast Food, Desserts, Beverages, Asian, Continental, Kebab","₹1,200 for two",1200,4.4,kolkata,park-street-area,quick_bite,0,0,0,8,high,excellent,3709,yes,https://www.zomato.com/puducherry/oh-pondi-white-town/info,"9,57,730",214,yes,no,no
Soba Sassy,"Asian, Chinese, Sushi, Momos, Seafood, Salad, Desserts, Beverages","₹2,300 for two",2300,4.5,kolkata,park-street-area,quick_bite,0,0,0,8,high,excellent,3709,yes,https://www.zomato.com/puducherry/season-accord-puducherry-gandhinagar/info,"9,57,730",214,yes,no,no
Fabbrica,"Italian, Pizza, Pasta, Desserts, Coffee, Beverages","₹2,100 for two",2100,4.6,kolkata,sector-1-salt-lake,quick_bite,0,0,0,6,high,excellent,3709,yes,https://www.zomato.com/puducherry/la-villa-mg-road/info,"9,57,730",214,yes,no,no
Kake Di Hatti - Since 1942,"North Indian, Chinese, Rolls, Desserts, Shake, Beverages","₹2,200 for two",2200,4.5,kolkata,sector-1-salt-lake,quick_bite,0,0,0,6,high,excellent,3709,yes,https://www.zomato.com/puducherry/asian-house-white-town/info,"9,57,730",214,yes,no,no
SHORSHE,"North Indian, Chinese, Continental, Oriental, Kebab, Seafood, Desserts, Beverages","₹1,800 for two",1800,4.1,kolkata,sector-1-salt-lake,quick_bite,0,0,0,8,high,excellent,3709,yes,https://www.zomato.com/puducherry/the-boho-muthial-pet/info,"9,57,730",214,yes,no,no
TBL,"Bar Food, North Indian, Beverages","₹1,500 for two",1500,4.4,kolkata,sector-1-salt-lake,quick_bite,0,0,0,3,high,excellent,3709,yes,https://www.zomato.com/puducherry/catamaran-brewing-heritage-town/info,"9,57,730",214,yes,no,no
Sapodilla,"Asian, Italian","₹1,400 for two",1400,4.6,kolkata,sector-1-salt-lake,quick_bite,0,0,0,2,high,excellent,3709,yes,https://www.zomato.com/puducherry/oh-pondi-white-town/info,"9,57,730",214,yes,no,no
Canteen Pub & Grub,"Chinese, Pizza, Pasta, Seafood, Fast Food, Street Food, Beverages","₹1,800 for two",1800,4.1,kolkata,sector-1-salt-lake,quick_bite,0,0,0,7,high,excellent,3709,yes,https://www.zomato.com/puducherry/season-accord-puducherry-gandhinagar/info,"9,57,730",214,yes,no,no
The Library- De Sovrani,Finger Food,"₹1,500 for two",1500,4.5,kolkata,sector-1-salt-lake,quick_bite,0,0,0,1,high,excellent,3709,yes,https://www.zomato.com/puducherry/vaanam-heritage-town/info,"9,57,730",214,yes,no,no
Check And Mate Cafe Dine,"Pizza, Pasta, Chinese, Continental, Desserts, Beverages",₹700 for two,700,4.3,kolkata,sector-1-salt-lake,quick_bite,0,0,1,6,high,excellent,3709,yes,https://www.zomato.com/puducherry/la-villa-mg-road/info,"9,57,730",214,yes,no,no
First Innings Multicuisine Restaurant - The Stadel,"North Indian, Chinese, Mughlai, Bengali, Italian, Desserts, Beverages","₹1,500 for two",1500,4.3,kolkata,sector-1-salt-lake,quick_bite,0,0,0,7,high,excellent,3709,yes,https://www.zomato.com/puducherry/villa-shanti-white-town/info,"9,57,730",214,yes,no,no
Cocoa Bakery,"Bakery, Desserts, Fast Food",₹600 for two,600,3.8,kolkata,ballygunge,quick_bite,0,0,0,3,high,good,3709,yes,https://www.zomato.com/puducherry/asian-house-white-town/info,"9,57,730",214,yes,no,no
SPLASH LUXORANT The Aquarium Restaurant,"Continental, North Indian, Mughlai, Seafood","₹1,500 for two",1500,4.4,kolkata,ballygunge,quick_bite,0,0,0,4,high,excellent,3709,yes,https://www.zomato.com/puducherry/anthé-restaurant-white-town/info,"9,57,730",214,yes,no,no
Epare Bangla,"Bengali, Mishti, Desserts, Kebab, Seafood","₹1,000 for two",1000,4.2,kolkata,ballygunge,quick_bite,0,0,0,5,high,excellent,3709,yes,https://www.zomato.com/puducherry/catamaran-brewing-heritage-town/info,"9,57,730",214,yes,no,no
Garden Of Dreams,"Chinese, North Indian, Fast Food, Desserts, Beverages, Asian, Continental, Kebab","₹1,200 for two",1200,4.4,kolkata,ballygunge,quick_bite,0,0,0,8,high,excellent,3709,yes,https://www.zomato.com/puducherry/vaanam-heritage-town/info,"9,57,730",214,yes,no,no
YAYAvar- Hyatt Centric,"Modern Indian, European, Desserts, Beverages","₹3,500 for two",3500,4.8,kolkata,ballygunge,quick_bite,0,0,0,4,high,excellent,3709,yes,https://www.zomato.com/puducherry/the-boho-muthial-pet/info,"9,57,730",214,yes,no,no
Riyasat-E-Hind,"Biryani, North Indian, Chinese, Kebab, Mughlai, Asian, Seafood, Beverages","₹1,200 for two",1200,4.5,kolkata,ballygunge,quick_bite,0,0,0,8,high,excellent,3709,yes,https://www.zomato.com/puducherry/villa-shanti-white-town/info,"9,57,730",214,yes,no,no
Tall Tales,"Modern Indian, Continental, North Indian, Chinese","₹3,000 for two",3000,4.3,kolkata,ballygunge,quick_bite,0,0,0,4,high,excellent,3709,yes,https://www.zomato.com/puducherry/anthé-restaurant-white-town/info,"9,57,730",214,yes,no,no
Bonne Femme,"Continental, Fusion, Bengali, Modern Indian, Bakery, Beverages, Desserts, Oriental","₹1,500 for two",1500,4.5,kolkata,ballygunge,quick_bite,0,0,0,8,high,excellent,3709,yes,https://www.zomato.com/puducherry/oh-pondi-white-town/info,"9,57,730",214,yes,no,no
Double Down,"Thai, Chinese, Continental, Asian, Italian, Beverages","₹1,500 for two",1500,4.9,kolkata,ballygunge,quick_bite,0,0,0,6,high,excellent,3709,yes,https://www.zomato.com/puducherry/la-villa-mg-road/info,"9,57,730",214,yes,no,no
Cocoa Bakery,"Bakery, Desserts, Fast Food",₹600 for two,600,3.8,kolkata,camac-street-area,quick_bite,0,0,0,3,high,good,3709,yes,https://www.zomato.com/puducherry/asian-house-white-town/info,"9,57,730",214,yes,no,no
SPLASH LUXORANT The Aquarium Restaurant,"Continental, North Indian, Mughlai, Seafood","₹1,500 for two",1500,4.4,kolkata,camac-street-area,quick_bite,0,0,0,4,high,excellent,3709,yes,https://www.zomato.com/puducherry/season-accord-puducherry-gandhinagar/info,"9,57,730",214,yes,no,no
Tall Tales,"Modern Indian, Continental, North Indian, Chinese","₹3,000 for two",3000,4.3,kolkata,camac-street-area,quick_bite,0,0,0,4,high,excellent,3709,yes,https://www.zomato.com/puducherry/catamaran-brewing-heritage-town/info,"9,57,730",214,yes,no,no
Darlings,"Chinese, North Indian","₹2,500 for two",2500,4.3,kolkata,camac-street-area,quick_bite,0,0,0,2,high,excellent,3709,yes,https://www.zomato.com/puducherry/vaanam-heritage-town/info,"9,57,730",214,yes,no,no
Epare Bangla,"Bengali, Mishti, Desserts, Kebab, Seafood","₹1,000 for two",1000,4.2,kolkata,camac-street-area,quick_bite,0,0,0,5,high,excellent,3709,yes,https://www.zomato.com/puducherry/oh-pondi-white-town/info,"9,57,730",214,yes,no,no
SRK Fusion,"Chinese, Italian, Biryani, Pizza, Pasta, Desserts, Beverages","₹1,200 for two",1200,4.4,kolkata,camac-street-area,quick_bite,0,0,0,7,high,excellent,3709,yes,https://www.zomato.com/puducherry/la-villa-mg-road/info,"9,57,730",214,yes,no,no
Zucca The Lounge,"North Indian, Chinese, Italian, Cafe, Finger Food, Continental, Desserts, Beverages","₹1,200 for two",1200,4.1,kolkata,camac-street-area,quick_bite,0,0,0,8,high,excellent,3709,yes,https://www.zomato.com/puducherry/the-boho-muthial-pet/info,"9,57,730",214,yes,no,no
Garden Of Dreams,"Chinese, North Indian, Fast Food, Desserts, Beverages, Asian, Continental, Kebab","₹1,200 for two",1200,4.4,kolkata,camac-street-area,quick_bite,0,0,0,8,high,excellent,3709,yes,https://www.zomato.com/puducherry/asian-house-white-town/info,"9,57,730",214,yes,no,no
Soba Sassy,"Asian, Chinese, Sushi, Momos, Seafood, Salad, Desserts, Beverages","₹2,300 for two",2300,4.5,kolkata,camac-street-area,quick_bite,0,0,0,8,high,excellent,3709,yes,https://www.zomato.com/puducherry/villa-shanti-white-town/info,"9,57,730",214,yes,no,no
SPLASH LUXORANT The Aquarium Restaurant,"Continental, North Indian, Mughlai, Seafood","₹1,500 for two",1500,4.4,kolkata,southern-avenue,quick_bite,0,0,0,4,high,excellent,3709,yes,https://www.zomato.com/puducherry/season-accord-puducherry-gandhinagar/info,"9,57,730",214,yes,no,no
Cocoa Bakery,"Bakery, Desserts, Fast Food",₹600 for two,600,3.8,kolkata,southern-avenue,quick_bite,0,0,0,3,high,good,3709,yes,https://www.zomato.com/puducherry/anthé-restaurant-white-town/info,"9,57,730",214,yes,no,no
Epare Bangla,"Bengali, Mishti, Desserts, Kebab, Seafood","₹1,000 for two",1000,4.2,kolkata,southern-avenue,quick_bite,0,0,0,5,high,excellent,3709,yes,https://www.zomato.com/puducherry/catamaran-brewing-heritage-town/info,"9,57,730",214,yes,no,no
Steakyard,"Continental, Asian, Burger, Steak","₹1,500 for two",1500,4.6,kolkata,southern-avenue,quick_bite,0,0,0,4,high,excellent,3709,yes,https://www.zomato.com/puducherry/the-boho-muthial-pet/info,"9,57,730",214,yes,no,no
Bonne Femme,"Continental, Fusion, Bengali, Modern Indian, Bakery, Beverages, Desserts, Oriental","₹1,500 for two",1500,4.5,kolkata,southern-avenue,quick_bite,0,0,0,8,high,excellent,3709,yes,https://www.zomato.com/puducherry/season-accord-puducherry-gandhinagar/info,"9,57,730",214,yes,no,no
Cheese Cherry Pineapple,"Cafe, Coffee, Continental, Pasta, North Indian, Sushi, Pizza, Desserts","₹1,000 for two",1000,3.9,kolkata,southern-avenue,quick_bite,0,0,0,8,high,good,3709,yes,https://www.zomato.com/puducherry/vaanam-heritage-town/info,"9,57,730",214,yes,no,no
Uns Cafe,"Kebab, North Indian, Bengali, Beverages, Cafe, Fast Food, Rolls, Desserts","₹1,000 for two",1000,4.6,kolkata,southern-avenue,quick_bite,0,0,0,8,high,excellent,3709,yes,https://www.zomato.com/puducherry/the-essence-brew-gandhinagar/info,"9,57,730",214,yes,no,no
Hideaway Cafe,"Oriental, Continental, Sushi, Italian, Mexican, Chinese, Fast Food","₹1,000 for two",1000,3.4,kolkata,southern-avenue,quick_bite,0,0,0,7,high,good,3709,yes,https://www.zomato.com/puducherry/villa-shanti-white-town/info,"9,57,730",214,yes,no,no
The Cube,"Asian, Chinese","₹1,900 for two",1900,4.4,kolkata,southern-avenue,quick_bite,0,0,0,2,high,excellent,3709,yes,https://www.zomato.com/puducherry/anthé-restaurant-white-town/info,"9,57,730",214,yes,no,no
Calcutta Bistro,"North Indian, Chinese, Continental, Kebab, Seafood, Desserts, Beverages, Mughlai","₹1,200 for two",1200,4.6,kolkata,new-town,quick_bite,0,0,0,8,high,excellent,3709,yes,https://www.zomato.com/puducherry/oh-pondi-white-town/info,"9,57,730",214,yes,no,no
Mood Box,"Continental, Asian, North Indian, Italian","₹1,500 for two",1500,4.2,kolkata,new-town,quick_bite,0,0,0,4,high,excellent,3709,yes,https://www.zomato.com/puducherry/la-villa-mg-road/info,"9,57,730",214,yes,no,no
SIZZLE Club N Dine,"Continental, Chinese, North Indian","₹1,800 for two",1800,4.2,kolkata,new-town,quick_bite,0,0,1,3,high,excellent,3709,yes,https://www.zomato.com/puducherry/catamaran-brewing-heritage-town/info,"9,57,730",214,yes,no,no
The Empty Head,"North Indian, Seafood, Kebab, Biryani, Chinese, Continental, Desserts","₹3,200 for two",3200,4.3,kolkata,new-town,quick_bite,0,0,0,7,high,excellent,3709,yes,https://www.zomato.com/puducherry/the-boho-muthial-pet/info,"9,57,730",214,yes,no,no
Traffic Gastropub,"North Indian, Chinese, Fast Food, Desserts, Beverages","₹1,600 for two",1600,4.2,kolkata,new-town,quick_bite,0,0,0,5,high,excellent,3709,yes,https://www.zomato.com/puducherry/villa-shanti-white-town/info,"9,57,730",214,yes,no,no
Kake Di Hatti - Since 1942,"North Indian, Chinese, Rolls, Desserts, Shake, Beverages","₹2,200 for two",2200,4.5,kolkata,new-town,quick_bite,0,0,0,6,high,excellent,3709,yes,https://www.zomato.com/puducherry/anthé-restaurant-white-town/info,"9,57,730",214,yes,no,no
Sly Fox Gastro Club,"North Indian, Oriental, Chinese","₹1,800 for two",1800,4.6,kolkata,new-town,quick_bite,0,0,0,3,high,excellent,3709,yes,https://www.zomato.com/puducherry/season-accord-puducherry-gandhinagar/info,"9,57,730",214,yes,no,no
Five Mad Men,"Chinese, Salad, Healthy Food, Asian, North Indian, Burger, Mexican, Italian","₹2,000 for two",2000,4.3,kolkata,new-town,quick_bite,0,0,0,8,high,excellent,3709,yes,https://www.zomato.com/puducherry/oh-pondi-white-town/info,"9,57,730",214,yes,no,no
Pub 97,"North Indian, Continental, Biryani, Italian, Fast Food, Chinese, Desserts","₹1,500 for two",1500,3.9,kolkata,new-town,quick_bite,0,0,0,7,high,good,3709,yes,https://www.zomato.com/puducherry/vaanam-heritage-town/info,"9,57,730",214,yes,no,no
SIZZLE Club N Dine,"Continental, Chinese, North Indian","₹1,800 for two",1800,4.2,kolkata,sector-5-salt-lake,quick_bite,0,0,1,3,high,excellent,3709,yes,https://www.zomato.com/puducherry/la-villa-mg-road/info,"9,57,730",214,yes,no,no
The Empty Head,"North Indian, Seafood, Kebab, Biryani, Chinese, Continental, Desserts","₹3,200 for two",3200,4.3,kolkata,sector-5-salt-lake,quick_bite,0,0,0,7,high,excellent,3709,yes,https://www.zomato.com/puducherry/the-essence-brew-gandhinagar/info,"9,57,730",214,yes,no,no
Fabbrica,"Italian, Pizza, Pasta, Desserts, Coffee, Beverages","₹2,100 for two",2100,4.6,kolkata,sector-5-salt-lake,quick_bite,0,0,0,6,high,excellent,3709,yes,https://www.zomato.com/puducherry/catamaran-brewing-heritage-town/info,"9,57,730",214,yes,no,no
Calcutta Bistro,"North Indian, Chinese, Continental, Kebab, Seafood, Desserts, Beverages, Mughlai","₹1,200 for two",1200,4.6,kolkata,sector-5-salt-lake,quick_bite,0,0,0,8,high,excellent,3709,yes,https://www.zomato.com/puducherry/villa-shanti-white-town/info,"9,57,730",214,yes,no,no
Sly Fox Gastro Club,"North Indian, Oriental, Chinese","₹1,800 for two",1800,4.6,kolkata,sector-5-salt-lake,quick_bite,0,0,0,3,high,excellent,3709,yes,https://www.zomato.com/puducherry/anthé-restaurant-white-town/info,"9,57,730",214,yes,no,no
Five Mad Men,"Chinese, Salad, Healthy Food, Asian, North Indian, Burger, Mexican, Italian","₹2,000 for two",2000,4.3,kolkata,sector-5-salt-lake,quick_bite,0,0,0,8,high,excellent,3709,yes,https://www.zomato.com/puducherry/oh-pondi-white-town/info,"9,57,730",214,yes,no,no
Kake Di Hatti - Since 1942,"North Indian, Chinese, Rolls, Desserts, Shake, Beverages","₹2,200 for two",2200,4.5,kolkata,sector-5-salt-lake,quick_bite,0,0,0,6,high,excellent,3709,yes,https://www.zomato.com/puducherry/asian-house-white-town/info,"9,57,730",214,yes,no,no
Pub 97,"North Indian, Continental, Biryani, Italian, Fast Food, Chinese, Desserts","₹1,500 for two",1500,3.9,kolkata,sector-5-salt-lake,quick_bite,0,0,0,7,high,good,3709,yes,https://www.zomato.com/puducherry/la-villa-mg-road/info,"9,57,730",214,yes,no,no
Mirage-Poolside Bar & Cafe By The Stadel,"Oriental, Asian, Salad, Fast Food, Beverages, Continental","₹2,000 for two",2000,4.5,kolkata,sector-5-salt-lake,quick_bite,0,0,0,6,high,excellent,3709,yes,https://www.zomato.com/puducherry/vaanam-heritage-town/info,"9,57,730",214,yes,no,no
Calcutta Bistro,"Pizza, Chinese, Kebab, Salad, Mughlai, Desserts","₹1,000 for two",1000,4.7,kolkata,chinar-park,quick_bite,0,0,0,6,high,excellent,3709,yes,https://www.zomato.com/puducherry/the-boho-muthial-pet/info,"9,57,730",214,yes,no,no
Mood Box,"Continental, Asian, North Indian, Italian","₹1,500 for two",1500,4.2,kolkata,chinar-park,quick_bite,0,0,0,4,high,excellent,3709,yes,https://www.zomato.com/puducherry/ciclo-cafe-white-town/info,"9,57,730",214,yes,no,no
Traffic Gastropub,"North Indian, Chinese, Fast Food, Desserts, Beverages","₹1,600 for two",1600,4.2,kolkata,chinar-park,quick_bite,0,0,0,5,high,excellent,3709,yes,https://www.zomato.com/puducherry/catamaran-brewing-heritage-town/info,"9,57,730",214,yes,no,no
Kareem's,"North Indian, Mughlai, Kebab, Biryani, Seafood, Beverages","₹1,000 for two",1000,4.4,kolkata,chinar-park,quick_bite,0,0,0,6,high,excellent,3709,yes,https://www.zomato.com/puducherry/villa-shanti-white-town/info,"9,57,730",214,yes,no,no
Shanghai - Flavours Of China Town,"Chinese, Sichuan, Asian, Seafood, Beverages, Desserts, Momos","₹1,200 for two",1200,4.2,kolkata,chinar-park,quick_bite,0,0,0,7,high,excellent,3709,yes,https://www.zomato.com/puducherry/la-villa-mg-road/info,"9,57,730",214,yes,no,no
NOX by NORTHIN,"Bar Food, Chinese, North Indian","₹1,000 for two",1000,4.2,kolkata,chinar-park,quick_bite,0,0,0,3,high,excellent,3709,yes,https://www.zomato.com/puducherry/vaanam-heritage-town/info,"9,57,730",214,yes,no,no
Aerosky Bar & Kitchen,"Bar Food, Italian, Kebab, Continental, Oriental, North Indian, Desserts, Pizza","₹1,800 for two",1800,4.2,kolkata,chinar-park,quick_bite,0,0,0,8,high,excellent,3709,yes,https://www.zomato.com/puducherry/anthé-restaurant-white-town/info,"9,57,730",214,yes,no,no
Seasonal Taste- The Westin Kolkata,"Continental, North Indian, Asian, Finger Food, Desserts, Beverages","₹3,500 for two",3500,4.3,kolkata,chinar-park,quick_bite,0,0,0,6,high,excellent,3709,yes,https://www.zomato.com/puducherry/the-boho-muthial-pet/info,"9,57,730",214,yes,no,no
Aminia,"North Indian, Biryani, Kebab, Rolls","₹1,200 for two",1200,4,kolkata,chinar-park,quick_bite,0,0,0,4,high,excellent,3709,yes,https://www.zomato.com/puducherry/oh-pondi-white-town/info,"9,57,730",214,yes,no,no
Terra By Ocean Palms Goa,"North Indian, Chinese, Goan, Continental, Pizza, Salad, Desserts","₹1,500 for two",1500,4.4,goa,calangute,quick_bite,0,0,0,7,high,excellent,3709,yes,https://www.zomato.com/puducherry/ciclo-cafe-white-town/info,"9,57,730",214,yes,no,no
Jambalaya Bar & Restaurant,"North Indian, Salad, Continental, Seafood, Goan, Chinese, Desserts, Bar Food","₹1,200 for two",1200,4.6,goa,calangute,quick_bite,0,0,0,8,high,excellent,3709,yes,https://www.zomato.com/puducherry/asian-house-white-town/info,"9,57,730",214,yes,no,no
Makani On The Beach,"Continental, Mexican, Goan, Seafood, Desserts, Beverages","₹2,000 for two",2000,4,goa,calangute,quick_bite,0,0,0,6,high,excellent,3709,yes,https://www.zomato.com/puducherry/catamaran-brewing-heritage-town/info,"9,57,730",214,yes,no,no
Palms N Sands,"Continental, Seafood, Goan, North Indian, Chinese, Desserts","₹1,300 for two",1300,4.2,goa,calangute,quick_bite,0,0,0,6,high,excellent,3709,yes,https://www.zomato.com/puducherry/anthé-restaurant-white-town/info,"9,57,730",214,yes,no,no
Yazu - Pan Asian Beach Club,"Asian, Chinese, Sushi, Japanese, Desserts","₹1,900 for two",1900,4.4,goa,calangute,quick_bite,0,0,0,5,high,excellent,3709,yes,https://www.zomato.com/puducherry/villa-shanti-white-town/info,"9,57,730",214,yes,no,no
Calamari Bathe & Binge,"Goan, Chinese, North Indian, Continental, Seafood, Italian, Desserts, Beverages","₹3,300 for two",3300,4.5,goa,calangute,quick_bite,0,0,0,8,high,excellent,3709,yes,https://www.zomato.com/puducherry/oh-pondi-white-town/info,"9,57,730",214,yes,no,no
The Fisherman's Wharf,"Seafood, Goan, North Indian, Mughlai, Chinese, Continental, Desserts","₹2,100 for two",2100,4.5,goa,calangute,quick_bite,0,0,0,7,high,excellent,3709,yes,https://www.zomato.com/puducherry/la-villa-mg-road/info,"9,57,730",214,yes,no,no
Pisco By The Beach,"Seafood, Italian, Steak","₹2,100 for two",2100,4.4,goa,calangute,quick_bite,0,0,0,3,high,excellent,3709,yes,https://www.zomato.com/puducherry/asian-house-white-town/info,"9,57,730",214,yes,no,no
Tomato's Beachside Kitchen And Bar,"North Indian, Continental, Chinese, Italian, Seafood, Asian, Mughlai, Desserts","₹1,800 for two",1800,4.2,goa,calangute,quick_bite,0,0,0,8,high,excellent,3709,yes,https://www.zomato.com/puducherry/vaanam-heritage-town/info,"9,57,730",214,yes,no,no
The Kitchen On Top,"North Indian, Chinese, Asian, Mughlai, Fast Food, Continental, Biryani, Desserts","₹1,800 for two",1800,4.5,goa,margao,quick_bite,0,0,0,8,high,excellent,3709,yes,https://www.zomato.com/puducherry/the-boho-muthial-pet/info,"9,57,730",214,yes,no,no
Ritz Classic,"Goan, Continental, Asian, Japanese, Chinese, Seafood, Desserts, Beverages","₹1,000 for two",1000,4.2,goa,margao,quick_bite,0,0,0,8,high,excellent,3709,yes,https://www.zomato.com/puducherry/ciclo-cafe-white-town/info,"9,57,730",214,yes,no,no
Cremeux Pizza & Bakery Cafe,"Pizza, Italian, North Indian, Continental, Desserts, Bakery, Beverages, Fast Food",₹500 for two,500,3.7,goa,margao,quick_bite,0,0,0,8,high,good,3709,yes,https://www.zomato.com/puducherry/catamaran-brewing-heritage-town/info,"9,57,730",214,yes,no,no
"Frozen Bottle - Milkshakes, Desserts And Ice Cream","Waffle, Desserts, Ice Cream, Healthy Food, Shake, Beverages",₹300 for two,300,4,goa,margao,quick_bite,0,0,0,6,medium,excellent,3709,yes,https://www.zomato.com/puducherry/anthé-restaurant-white-town/info,"9,57,730",214,yes,no,no
Sharda Classic,"North Indian, Mughlai, Chinese, Seafood, Goan, Biryani, Desserts, Beverages","₹1,200 for two",1200,3.8,goa,margao,quick_bite,0,0,0,8,high,good,3709,yes,https://www.zomato.com/puducherry/asian-house-white-town/info,"9,57,730",214,yes,no,no
The Origin Sports Bar & Cafe,"Bar Food, Continental, Italian, Beverages, Desserts",₹800 for two,800,4.2,goa,margao,quick_bite,0,0,0,5,high,excellent,3709,yes,https://www.zomato.com/puducherry/vaanam-heritage-town/info,"9,57,730",214,yes,no,no
Cherry Tomato,"American, Burger, Pasta, Fast Food, Shake","₹1,200 for two",1200,4.4,goa,margao,quick_bite,0,0,0,5,high,excellent,3709,yes,https://www.zomato.com/puducherry/villa-shanti-white-town/info,"9,57,730",214,yes,no,no
Waffle Planet,"Waffle, Desserts, Shake",₹400 for two,400,4.1,goa,margao,quick_bite,0,0,0,3,medium,excellent,3709,yes,https://www.zomato.com/puducherry/the-boho-muthial-pet/info,"9,57,730",214,yes,no,no
Espresso Foods,"Healthy Food, Salad, Sandwich, Cafe, Rolls, American, Juices, Desserts",₹500 for two,500,4.1,goa,margao,quick_bite,0,0,0,8,high,excellent,3709,yes,https://www.zomato.com/puducherry/oh-pondi-white-town/info,"9,57,730",214,yes,no,no
Fisherman's Village,"Seafood, Beverages, Biryani, Goan","₹1,500 for two",1500,4.4,goa,vagator,quick_bite,0,0,0,4,high,excellent,3709,yes,https://www.zomato.com/puducherry/ciclo-cafe-white-town/info,"9,57,730",214,yes,no,no
one8 Commune Goa,"Asian, European, Italian, Pasta, Desserts, Continental, Pizza, Mediterranean","₹2,200 for two",2200,4.4,goa,vagator,quick_bite,0,0,0,8,high,excellent,3709,yes,https://www.zomato.com/puducherry/la-villa-mg-road/info,"9,57,730",214,yes,no,no
Jamun,"Goan, North Indian, South Indian, Seafood, Biryani, Desserts, Beverages","₹3,000 for two",3000,4.7,goa,vagator,quick_bite,0,0,0,7,high,excellent,3709,yes,https://www.zomato.com/ooty/earls-secret-marlimund/info,"9,57,730",214,yes,no,no
Purple Martini,"Continental, Goan, Fast Food, Chinese, North Indian, Beverages, Ice Cream","₹4,500 for two",4500,4.5,goa,vagator,quick_bite,0,0,0,7,high,excellent,3709,yes,https://www.zomato.com/ooty/kailash-parbat-elk-hill/info,"9,57,730",214,yes,no,no
Uma by the Sea,"North Indian, Biryani, Chinese, Italian, Continental, Desserts, Mexican, Pizza","₹2,700 for two",2700,,goa,vagator,quick_bite,0,0,0,8,high,,3709,yes,https://www.zomato.com/ooty/sugar-dribble-thalayathimund/info,"9,57,730",214,yes,no,no
Makani On The Beach,"Continental, Mexican, Goan, Seafood, Desserts, Beverages","₹2,000 for two",2000,4,goa,vagator,quick_bite,0,0,0,6,high,excellent,3709,yes,https://www.zomato.com/ooty/bird-of-paradise-bistro-willow-hill-marlimund/info,"9,57,730",214,yes,no,no
Titlie,"Continental, Seafood, North Indian, Pizza, Italian, Beverages","₹3,500 for two",3500,4.1,goa,vagator,quick_bite,0,0,0,6,high,excellent,3709,yes,https://www.zomato.com/ooty/angaara-elk-hill/info,"9,57,730",214,yes,no,no
Slow Tide,Continental,"₹3,000 for two",3000,,goa,vagator,quick_bite,0,0,0,1,high,,3709,yes,https://www.zomato.com/ooty/nahar-sidewalk-cafe-elk-hill/info,"9,57,730",214,yes,no,no
Hosa,"Seafood, South Indian, Desserts, Beverages","₹4,100 for two",4100,4.8,goa,vagator,quick_bite,0,0,0,4,high,excellent,3709,yes,https://www.zomato.com/ooty/shinkows-chinese-restaurant-elk-hill/info,"9,57,730",214,yes,no,no
Tikitii,"Continental, Italian, Bar Food, Pizza","₹2,100 for two",2100,4.1,goa,vagator,quick_bite,0,0,0,4,high,excellent,3709,yes,https://www.zomato.com/ooty/le-cafe-kandal/info,"9,57,730",214,yes,no,no
Fika Coffee Co.,"Bakery, Cafe, Desserts","₹1,400 for two",1400,4.5,goa,panaji,quick_bite,0,0,0,3,high,excellent,3709,yes,https://www.zomato.com/ooty/a2b-adyar-ananda-bhavan-elk-hill/info,"9,57,730",214,yes,no,no
Thai N Wok,"Thai, Chinese, Salad, Desserts",₹850 for two,850,4.3,goa,panaji,quick_bite,0,0,0,4,high,excellent,3709,yes,https://www.zomato.com/ooty/earls-secret-marlimund/info,"9,57,730",214,yes,no,no
The Fisherman's Wharf,"Seafood, Goan, North Indian, Mughlai, Chinese, Continental, Desserts","₹2,100 for two",2100,4.6,goa,panaji,quick_bite,0,0,0,7,high,excellent,3709,yes,https://www.zomato.com/ooty/kailash-parbat-elk-hill/info,"9,57,730",214,yes,no,no
The Black Sheep Bistro,"Continental, European, Thai, Desserts, Beverages","₹2,500 for two",2500,4.9,goa,panaji,quick_bite,0,0,0,5,high,excellent,3709,yes,https://www.zomato.com/ooty/nahar-sidewalk-cafe-elk-hill/info,"9,57,730",214,yes,no,no
Cellar 1612,"Desserts, Asian","₹2,200 for two",2200,4.5,goa,panaji,quick_bite,0,0,0,2,high,excellent,3709,yes,https://www.zomato.com/ooty/shinkows-chinese-restaurant-elk-hill/info,"9,57,730",214,yes,no,no
Third Table,"Cafe, Coffee, Pizza, Pasta, Desserts, Beverages","₹1,900 for two",1900,4.3,goa,panaji,quick_bite,0,0,0,6,high,excellent,3709,yes,https://www.zomato.com/ooty/sugar-dribble-thalayathimund/info,"9,57,730",214,yes,no,no
Raki Modern Mezze And More,"Kebab, Lebanese, Middle Eastern, Egyptian, Turkish","₹1,800 for two",1800,4.6,goa,panaji,quick_bite,0,0,0,5,high,excellent,3709,yes,https://www.zomato.com/ooty/le-cafe-kandal/info,"9,57,730",214,yes,no,no
Mamagoto,"Thai, Sushi, Japanese, Asian, Chinese","₹1,400 for two",1400,4.6,goa,panaji,quick_bite,0,0,0,5,high,excellent,3709,yes,https://www.zomato.com/ooty/bird-of-paradise-bistro-willow-hill-marlimund/info,"9,57,730",214,yes,no,no
Masato,"Bar Food, Beverages","₹1,000 for two",1000,4.1,goa,panaji,quick_bite,0,0,0,2,high,excellent,3709,yes,https://www.zomato.com/ooty/a2b-adyar-ananda-bhavan-elk-hill/info,"9,57,730",214,yes,no,no
Cuebebar On The Beach,"Burger, Bar Food, Continental, BBQ, Mexican, Salad, Fast Food","₹1,000 for two",1000,4.4,goa,arambol,quick_bite,0,0,0,7,high,excellent,3709,yes,https://www.zomato.com/ooty/angaara-elk-hill/info,"9,57,730",214,yes,no,no
Thalassa Beach,"Seafood, Mediterranean, Italian, Greek, Continental, Beverages, Bar Food","₹2,000 for two",2000,4.2,goa,arambol,quick_bite,0,0,0,7,high,excellent,3709,yes,https://www.zomato.com/ooty/earls-secret-marlimund/info,"9,57,730",214,yes,no,no
Uma by the Sea,"North Indian, Biryani, Chinese, Italian, Continental, Desserts, Mexican, Pizza","₹2,700 for two",2700,,goa,arambol,quick_bite,0,0,0,8,high,,3709,yes,https://www.zomato.com/ooty/kailash-parbat-elk-hill/info,"9,57,730",214,yes,no,no
Saz On The Beach,"Continental, Italian, Fast Food, Salad, Beverages, Desserts","₹3,400 for two",3400,4.3,goa,arambol,quick_bite,0,0,0,6,high,excellent,3709,yes,https://www.zomato.com/ooty/sugar-dribble-thalayathimund/info,"9,57,730",214,yes,no,no
Tikitii,"Continental, Italian, Bar Food, Pizza","₹2,100 for two",2100,4.1,goa,arambol,quick_bite,0,0,0,4,high,excellent,3709,yes,https://www.zomato.com/ooty/bird-of-paradise-bistro-willow-hill-marlimund/info,"9,57,730",214,yes,no,no
Morjim Culture,"Turkish, Japanese, Seafood, Continental","₹2,200 for two",2200,4.5,goa,arambol,quick_bite,0,0,0,4,high,excellent,3709,yes,https://www.zomato.com/ooty/angaara-elk-hill/info,"9,57,730",214,yes,no,no
Jaadugari Indian Restro And Bar,"Bar Food, Roast Chicken, Asian, Chinese, Juices, Rolls","₹1,000 for two",1000,4.5,goa,arambol,quick_bite,0,0,0,6,high,excellent,3709,yes,https://www.zomato.com/ooty/nahar-sidewalk-cafe-elk-hill/info,"9,57,730",214,yes,no,no
Bastian Riviera,,,,3.7,goa,arambol,quick_bite,0,0,0,0,,good,3709,yes,https://www.zomato.com/ooty/shinkows-chinese-restaurant-elk-hill/info,"9,57,730",214,yes,no,no
Ashwe 351 Beach Bar & All Day Dining,"Bar Food, North Indian, Italian, Continental, Seafood, Fast Food, Desserts","₹1,600 for two",1600,4.6,goa,arambol,quick_bite,0,0,0,7,high,excellent,3709,yes,https://www.zomato.com/ooty/le-cafe-kandal/info,"9,57,730",214,yes,no,no
Fisherman's Village,"Seafood, Beverages, Biryani, Goan","₹1,500 for two",1500,4.4,goa,anjuna,quick_bite,0,0,0,4,high,excellent,3709,yes,https://www.zomato.com/ooty/a2b-adyar-ananda-bhavan-elk-hill/info,"9,57,730",214,yes,no,no
one8 Commune Goa,"Asian, European, Italian, Pasta, Desserts, Continental, Pizza, Mediterranean","₹2,200 for two",2200,4.4,goa,anjuna,quick_bite,0,0,0,8,high,excellent,3709,yes,https://www.zomato.com/ooty/earls-secret-marlimund/info,"9,57,730",214,yes,no,no
Jamun,"Goan, North Indian, South Indian, Seafood, Biryani, Desserts, Beverages","₹3,000 for two",3000,4.7,goa,anjuna,quick_bite,0,0,0,7,high,excellent,3709,yes,https://www.zomato.com/ooty/kailash-parbat-elk-hill/info,"9,57,730",214,yes,no,no
Purple Martini,"Continental, Goan, Fast Food, Chinese, North Indian, Beverages, Ice Cream","₹4,500 for two",4500,4.5,goa,anjuna,quick_bite,0,0,0,7,high,excellent,3709,yes,https://www.zomato.com/ooty/nahar-sidewalk-cafe-elk-hill/info,"9,57,730",214,yes,no,no
Makani On The Beach,"Continental, Mexican, Goan, Seafood, Desserts, Beverages","₹2,000 for two",2000,4,goa,anjuna,quick_bite,0,0,0,6,high,excellent,3709,yes,https://www.zomato.com/ooty/shinkows-chinese-restaurant-elk-hill/info,"9,57,730",214,yes,no,no
Titlie,"Continental, Seafood, North Indian, Pizza, Italian, Beverages","₹3,500 for two",3500,4.1,goa,anjuna,quick_bite,0,0,0,6,high,excellent,3709,yes,https://www.zomato.com/ooty/sugar-dribble-thalayathimund/info,"9,57,730",214,yes,no,no
Slow Tide,Continental,"₹3,000 for two",3000,,goa,anjuna,quick_bite,0,0,0,1,high,,3709,yes,https://www.zomato.com/ooty/le-cafe-kandal/info,"9,57,730",214,yes,no,no
Hosa,"Seafood, South Indian, Desserts, Beverages","₹4,100 for two",4100,4.8,goa,anjuna,quick_bite,0,0,0,4,high,excellent,3709,yes,https://www.zomato.com/ooty/bird-of-paradise-bistro-willow-hill-marlimund/info,"9,57,730",214,yes,no,no
Bean Me Up,"Pizza, Mexican, Fast Food, Healthy Food, Salad, Desserts, Beverages","₹1,400 for two",1400,4.5,goa,anjuna,quick_bite,0,0,0,7,high,excellent,3709,yes,https://www.zomato.com/ooty/a2b-adyar-ananda-bhavan-elk-hill/info,"9,57,730",214,yes,no,no
Fisherman's Village,"Seafood, Beverages, Biryani, Goan","₹1,500 for two",1500,4.4,goa,baga,quick_bite,0,0,0,4,high,excellent,3709,yes,https://www.zomato.com/ooty/angaara-elk-hill/info,"9,57,730",214,yes,no,no
Terra By Ocean Palms Goa,"North Indian, Chinese, Goan, Continental, Pizza, Salad, Desserts","₹1,500 for two",1500,4.4,goa,baga,quick_bite,0,0,0,7,high,excellent,3709,yes,https://www.zomato.com/ooty/earls-secret-marlimund/info,"9,57,730",214,yes,no,no
Jamun,"Goan, North Indian, South Indian, Seafood, Biryani, Desserts, Beverages","₹3,000 for two",3000,4.7,goa,baga,quick_bite,0,0,0,7,high,excellent,3709,yes,https://www.zomato.com/ooty/kailash-parbat-elk-hill/info,"9,57,730",214,yes,no,no
Purple Martini,"Continental, Goan, Fast Food, Chinese, North Indian, Beverages, Ice Cream","₹4,500 for two",4500,4.5,goa,baga,quick_bite,0,0,0,7,high,excellent,3709,yes,https://www.zomato.com/ooty/sugar-dribble-thalayathimund/info,"9,57,730",214,yes,no,no
Makani On The Beach,"Continental, Mexican, Goan, Seafood, Desserts, Beverages","₹2,000 for two",2000,4,goa,baga,quick_bite,0,0,0,6,high,excellent,3709,yes,https://www.zomato.com/ooty/bird-of-paradise-bistro-willow-hill-marlimund/info,"9,57,730",214,yes,no,no
Titlie,"Continental, Seafood, North Indian, Pizza, Italian, Beverages","₹3,500 for two",3500,4.1,goa,baga,quick_bite,0,0,0,6,high,excellent,3709,yes,https://www.zomato.com/ooty/angaara-elk-hill/info,"9,57,730",214,yes,no,no
Slow Tide,Continental,"₹3,000 for two",3000,,goa,baga,quick_bite,0,0,0,1,high,,3709,yes,https://www.zomato.com/ooty/nahar-sidewalk-cafe-elk-hill/info,"9,57,730",214,yes,no,no
Bean Me Up,"Pizza, Mexican, Fast Food, Healthy Food, Salad, Desserts, Beverages","₹1,400 for two",1400,4.5,goa,baga,quick_bite,0,0,0,7,high,excellent,3709,yes,https://www.zomato.com/ooty/shinkows-chinese-restaurant-elk-hill/info,"9,57,730",214,yes,no,no
Mayan Beach Club,"European, Asian, Pizza, North Indian, Desserts","₹4,000 for two",4000,4.1,goa,baga,quick_bite,0,0,0,5,high,excellent,3709,yes,https://www.zomato.com/ooty/le-cafe-kandal/info,"9,57,730",214,yes,no,no
Terra By Ocean Palms Goa,"North Indian, Chinese, Goan, Continental, Pizza, Salad, Desserts","₹1,500 for two",1500,4.4,goa,candolim,quick_bite,0,0,0,7,high,excellent,3709,yes,https://www.zomato.com/ooty/a2b-adyar-ananda-bhavan-elk-hill/info,"9,57,730",214,yes,no,no
Jambalaya Bar & Restaurant,"North Indian, Salad, Continental, Seafood, Goan, Chinese, Desserts, Bar Food","₹1,200 for two",1200,4.6,goa,candolim,quick_bite,0,0,0,8,high,excellent,3709,yes,https://www.zomato.com/ooty/earls-secret-marlimund/info,"9,57,730",214,yes,no,no
Thai N Wok,"Thai, Chinese, Salad, Desserts",₹850 for two,850,4.3,goa,candolim,quick_bite,0,0,0,4,high,excellent,3709,yes,https://www.zomato.com/ooty/kailash-parbat-elk-hill/info,"9,57,730",214,yes,no,no
Palms N Sands,"Continental, Seafood, Goan, North Indian, Chinese, Desserts","₹1,300 for two",1300,4.2,goa,candolim,quick_bite,0,0,0,6,high,excellent,3709,yes,https://www.zomato.com/ooty/nahar-sidewalk-cafe-elk-hill/info,"9,57,730",214,yes,no,no
Yazu - Pan Asian Beach Club,"Asian, Chinese, Sushi, Japanese, Desserts","₹1,900 for two",1900,4.4,goa,candolim,quick_bite,0,0,0,5,high,excellent,3709,yes,https://www.zomato.com/ooty/shinkows-chinese-restaurant-elk-hill/info,"9,57,730",214,yes,no,no
Calamari Bathe & Binge,"Goan, Chinese, North Indian, Continental, Seafood, Italian, Desserts, Beverages","₹3,300 for two",3300,4.5,goa,candolim,quick_bite,0,0,0,8,high,excellent,3709,yes,https://www.zomato.com/ooty/sugar-dribble-thalayathimund/info,"9,57,730",214,yes,no,no
The Fisherman's Wharf,"Seafood, Goan, North Indian, Mughlai, Chinese, Continental, Desserts","₹2,100 for two",2100,4.5,goa,candolim,quick_bite,0,0,0,7,high,excellent,3709,yes,https://www.zomato.com/ooty/le-cafe-kandal/info,"9,57,730",214,yes,no,no
Tomato's Beachside Kitchen And Bar,"North Indian, Continental, Chinese, Italian, Seafood, Asian, Mughlai, Desserts","₹1,800 for two",1800,4.2,goa,candolim,quick_bite,0,0,0,8,high,excellent,3709,yes,https://www.zomato.com/ooty/bird-of-paradise-bistro-willow-hill-marlimund/info,"9,57,730",214,yes,no,no
Si Nonna's - The Original Sourdough Pizza,"Pizza, Italian, Desserts, Coffee, Beverages","₹1,500 for two",1500,4.5,goa,candolim,quick_bite,0,0,0,5,high,excellent,3709,yes,https://www.zomato.com/ooty/a2b-adyar-ananda-bhavan-elk-hill/info,"9,57,730",214,yes,no,no
Bazaar - Zone By The Park,"Desserts, North Indian, Chinese, Italian, Continental, American, Thai, South Indian","₹1,000 for two",1000,3.8,coimbatore,ramanathapuram,quick_bite,0,0,0,8,high,good,3709,yes,https://www.zomato.com/ooty/angaara-elk-hill/info,"9,57,730",214,yes,no,no
O Cafe,"Modern Indian, Chinese, North Indian, Asian, Desserts, Biryani, South Indian, Beverages","₹3,000 for two",3000,3.9,coimbatore,ramanathapuram,quick_bite,0,0,0,8,high,good,3709,yes,https://www.zomato.com/ooty/earls-secret-marlimund/info,"9,57,730",214,yes,no,no
Z Bar,"Finger Food, Fast Food, Pizza, Pasta, Coffee, Beverages",₹600 for two,600,4.2,coimbatore,ramanathapuram,quick_bite,0,0,0,6,high,excellent,3709,yes,https://www.zomato.com/ooty/kailash-parbat-elk-hill/info,"9,57,730",214,yes,no,no
All Rise A Unit Of Cafe Totaram,"Continental, Tea, Coffee, Asian, South Indian",₹600 for two,600,4.4,coimbatore,ramanathapuram,quick_bite,0,0,0,5,high,excellent,3709,yes,https://www.zomato.com/ooty/sugar-dribble-thalayathimund/info,"9,57,730",214,yes,no,no
The Living Room,"South Indian, North Indian, Biryani, Pasta, Asian, Bar Food, Desserts, Continental","₹1,700 for two",1700,4.8,coimbatore,ramanathapuram,quick_bite,0,0,0,8,high,excellent,3709,yes,https://www.zomato.com/ooty/bird-of-paradise-bistro-willow-hill-marlimund/info,"9,57,730",214,yes,no,no
Little Soi,"Asian, Continental, Japanese, Thai, Desserts","₹1,200 for two",1200,4.6,coimbatore,ramanathapuram,quick_bite,0,0,0,5,high,excellent,3709,yes,https://www.zomato.com/ooty/angaara-elk-hill/info,"9,57,730",214,yes,no,no
Cafe Locus,"Continental, Beverages, Cake, Burger, Vietnamese, Salad, Coffee, Desserts",₹800 for two,800,4.3,coimbatore,ramanathapuram,quick_bite,0,0,0,8,high,excellent,3709,yes,https://www.zomato.com/ooty/nahar-sidewalk-cafe-elk-hill/info,"9,57,730",214,yes,no,no
SS Hyderabad Biryani-Coimbatore,"Biryani, Chinese, Mughlai, North Indian, Seafood",₹500 for two,500,4,coimbatore,ramanathapuram,quick_bite,0,0,0,5,high,excellent,3709,yes,https://www.zomato.com/ooty/the-culinarium-fern-hill/info,"9,57,730",214,yes,no,no
Lord Of The Drinks,"Continental, Bar Food, Beverages, North Indian, South Indian, Asian, Chinese","₹2,000 for two",2000,4.7,coimbatore,ramanathapuram,quick_bite,0,0,0,7,high,excellent,3709,yes,https://www.zomato.com/ooty/shinkows-chinese-restaurant-elk-hill/info,"9,57,730",214,yes,no,no
All Rise A Unit Of Cafe Totaram,"Continental, Tea, Coffee, Asian, South Indian",₹600 for two,600,4.4,coimbatore,town-hall,quick_bite,0,0,0,5,high,excellent,3709,yes,https://www.zomato.com/ooty/le-cafe-kandal/info,"9,57,730",214,yes,no,no
Bazaar - Zone By The Park,"Desserts, North Indian, Chinese, Italian, Continental, American, Thai, South Indian","₹1,000 for two",1000,3.8,coimbatore,town-hall,quick_bite,0,0,0,8,high,good,3709,yes,https://www.zomato.com/ooty/earls-secret-marlimund/info,"9,57,730",214,yes,no,no
Bizou Cafe & Grill,"Cafe, French, Italian, Coffee, Pasta, Continental, Pizza, Burger","₹1,400 for two",1400,4.6,coimbatore,town-hall,quick_bite,0,0,0,8,high,excellent,3709,yes,https://www.zomato.com/ooty/kailash-parbat-elk-hill/info,"9,57,730",214,yes,no,no
Z Bar,"Finger Food, Fast Food, Pizza, Pasta, Coffee, Beverages",₹600 for two,600,4.2,coimbatore,town-hall,quick_bite,0,0,0,6,high,excellent,3709,yes,https://www.zomato.com/ooty/nahar-sidewalk-cafe-elk-hill/info,"9,57,730",214,yes,no,no
Beyond The Stories,"North Indian, South Indian, Asian, Pizza, Italian","₹2,000 for two",2000,4.4,coimbatore,town-hall,quick_bite,0,0,0,5,high,excellent,3709,yes,https://www.zomato.com/ooty/the-culinarium-fern-hill/info,"9,57,730",214,yes,no,no
Little Soi,"Asian, Continental, Japanese, Thai, Desserts","₹1,200 for two",1200,4.6,coimbatore,town-hall,quick_bite,0,0,0,5,high,excellent,3709,yes,https://www.zomato.com/ooty/sugar-dribble-thalayathimund/info,"9,57,730",214,yes,no,no
Cafe Locus,"Continental, Beverages, Cake, Burger, Vietnamese, Salad, Coffee, Desserts",₹800 for two,800,4.3,coimbatore,town-hall,quick_bite,0,0,0,8,high,excellent,3709,yes,https://www.zomato.com/ooty/shinkows-chinese-restaurant-elk-hill/info,"9,57,730",214,yes,no,no
SS Hyderabad Biryani-Coimbatore,"Biryani, Chinese, Mughlai, North Indian, Seafood",₹500 for two,500,4,coimbatore,town-hall,quick_bite,0,0,0,5,high,excellent,3709,yes,https://www.zomato.com/ooty/bird-of-paradise-bistro-willow-hill-marlimund/info,"9,57,730",214,yes,no,no
Sherlock's - Lounge & Kitchen,"Cuisine Varies, Chinese, Continental, Bar Food, Oriental, Pizza, Pasta, Biryani","₹2,400 for two",2400,4.6,coimbatore,town-hall,quick_bite,0,0,0,8,high,excellent,3709,yes,https://www.zomato.com/ooty/le-cafe-kandal/info,"9,57,730",214,yes,no,no
On The Rocks,"Chinese, African, Seafood, Pasta, Kebab, Fast Food, Asian, South Indian","₹1,200 for two",1200,4.6,coimbatore,kalapatti,quick_bite,0,0,0,8,high,excellent,3709,yes,https://www.zomato.com/ooty/angaara-elk-hill/info,"9,57,730",214,yes,no,no
Warehouse,"North Indian, South Indian, Andhra, Chinese, Continental, Asian, Italian, Mediterranean","₹1,500 for two",1500,4.5,coimbatore,kalapatti,quick_bite,0,0,0,8,high,excellent,3709,yes,https://www.zomato.com/ooty/earls-secret-marlimund/info,"9,57,730",214,yes,no,no
Hide In Heaven,"South Indian, North Indian, Seafood, Salad, Continental, Asian, Italian, Bar Food","₹1,500 for two",1500,4.4,coimbatore,kalapatti,quick_bite,0,0,0,8,high,excellent,3709,yes,https://www.zomato.com/ooty/kailash-parbat-elk-hill/info,"9,57,730",214,yes,no,no
Pattikadu Kudil Dhaba,"North Indian, African, Biryani",₹600 for two,600,3.4,coimbatore,kalapatti,quick_bite,0,0,0,3,high,good,3709,yes,https://www.zomato.com/ooty/sugar-dribble-thalayathimund/info,"9,57,730",214,yes,no,no
WOW! Momo,"Momos, Chinese, Fast Food, Asian, Beverages",₹300 for two,300,3.8,coimbatore,kalapatti,quick_bite,0,0,0,5,medium,good,3709,yes,https://www.zomato.com/ooty/bird-of-paradise-bistro-willow-hill-marlimund/info,"9,57,730",214,yes,no,no
Sahara Restaurant,"Biryani, African, South Indian, North Indian",₹460 for two,460,,coimbatore,kalapatti,quick_bite,0,0,0,4,medium,,3709,yes,https://www.zomato.com/ooty/angaara-elk-hill/info,"9,57,730",214,yes,no,no
Hifive Cafe,"Bakery, Desserts, Shake","₹1,000 for two",1000,4.5,coimbatore,kalapatti,quick_bite,0,0,0,3,high,excellent,3709,yes,https://www.zomato.com/ooty/nahar-sidewalk-cafe-elk-hill/info,"9,57,730",214,yes,no,no
Thoopu Kari Virunthu,"North Indian, Chinese, Biryani, Sichuan",₹400 for two,400,3.7,coimbatore,kalapatti,quick_bite,0,0,0,4,medium,good,3709,yes,https://www.zomato.com/ooty/the-culinarium-fern-hill/info,"9,57,730",214,yes,no,no
Copper Coupe Resto Bar,"North Indian, Fast Food, Pizza, Italian, Chinese, South Indian, Biryani, Burger",₹800 for two,800,,coimbatore,kalapatti,quick_bite,0,0,0,8,high,,3709,yes,https://www.zomato.com/ooty/shinkows-chinese-restaurant-elk-hill/info,"9,57,730",214,yes,no,no
O Cafe,"Modern Indian, Chinese, North Indian, Asian, Desserts, Biryani, South Indian, Beverages","₹3,000 for two",3000,3.9,coimbatore,peelamedu,quick_bite,0,0,0,8,high,good,3709,yes,https://www.zomato.com/ooty/le-cafe-kandal/info,"9,57,730",214,yes,no,no
Bazaar - Zone By The Park,"Desserts, North Indian, Chinese, Italian, Continental, American, Thai, South Indian","₹1,000 for two",1000,3.8,coimbatore,peelamedu,quick_bite,0,0,0,8,high,good,3709,yes,https://www.zomato.com/ooty/earls-secret-marlimund/info,"9,57,730",214,yes,no,no
On The Rocks,"Chinese, African, Seafood, Pasta, Kebab, Fast Food, Asian, South Indian","₹1,200 for two",1200,4.6,coimbatore,peelamedu,quick_bite,0,0,0,8,high,excellent,3709,yes,https://www.zomato.com/ooty/kailash-parbat-elk-hill/info,"9,57,730",214,yes,no,no
Mercano - Merlis Hotel,"Asian, North Indian, South Indian, Continental, Fusion, Modern Indian, Italian","₹1,700 for two",1700,4.5,coimbatore,peelamedu,quick_bite,0,0,0,7,high,excellent,3709,yes,https://www.zomato.com/ooty/nahar-sidewalk-cafe-elk-hill/info,"9,57,730",214,yes,no,no
Z Bar,"Finger Food, Fast Food, Pizza, Pasta, Coffee, Beverages",₹600 for two,600,4.2,coimbatore,peelamedu,quick_bite,0,0,0,6,high,excellent,3709,yes,https://www.zomato.com/ooty/the-culinarium-fern-hill/info,"9,57,730",214,yes,no,no
The Living Room,"South Indian, North Indian, Biryani, Pasta, Asian, Bar Food, Desserts, Continental","₹1,700 for two",1700,4.8,coimbatore,peelamedu,quick_bite,0,0,0,8,high,excellent,3709,yes,https://www.zomato.com/ooty/sugar-dribble-thalayathimund/info,"9,57,730",214,yes,no,no
Kovai Kitchen - Fairfield By Marriott,"North Indian, South Indian, Italian, Fast Food, Biryani, Desserts, Beverages","₹2,200 for two",2200,4.4,coimbatore,peelamedu,quick_bite,0,0,0,7,high,excellent,3709,yes,https://www.zomato.com/ooty/shinkows-chinese-restaurant-elk-hill/info,"9,57,730",214,yes,no,no
Little Soi,"Asian, Continental, Japanese, Thai, Desserts","₹1,200 for two",1200,4.6,coimbatore,peelamedu,quick_bite,0,0,0,5,high,excellent,3709,yes,https://www.zomato.com/ooty/bird-of-paradise-bistro-willow-hill-marlimund/info,"9,57,730",214,yes,no,no
Cafe Locus,"Continental, Beverages, Cake, Burger, Vietnamese, Salad, Coffee, Desserts",₹800 for two,800,4.3,coimbatore,peelamedu,quick_bite,0,0,0,8,high,excellent,3709,yes,https://www.zomato.com/ooty/le-cafe-kandal/info,"9,57,730",214,yes,no,no
Bazaar - Zone By The Park,"Desserts, North Indian, Chinese, Italian, Continental, American, Thai, South Indian","₹1,000 for two",1000,3.8,coimbatore,rs-puram,quick_bite,0,0,0,8,high,good,3709,yes,https://www.zomato.com/ooty/angaara-elk-hill/info,"9,57,730",214,yes,no,no
Bizou Cafe & Grill,"Cafe, French, Italian, Coffee, Pasta, Continental, Pizza, Burger","₹1,400 for two",1400,4.6,coimbatore,rs-puram,quick_bite,0,0,0,8,high,excellent,3709,yes,https://www.zomato.com/ooty/earls-secret-marlimund/info,"9,57,730",214,yes,no,no
All Rise A Unit Of Cafe Totaram,"Continental, Tea, Coffee, Asian, South Indian",₹600 for two,600,4.4,coimbatore,rs-puram,quick_bite,0,0,0,5,high,excellent,3709,yes,https://www.zomato.com/ooty/kailash-parbat-elk-hill/info,"9,57,730",214,yes,no,no
Z Bar,"Finger Food, Fast Food, Pizza, Pasta, Coffee, Beverages",₹600 for two,600,4.2,coimbatore,rs-puram,quick_bite,0,0,0,6,high,excellent,3709,yes,https://www.zomato.com/ooty/sugar-dribble-thalayathimund/info,"9,57,730",214,yes,no,no
The Living Room,"South Indian, North Indian, Biryani, Pasta, Asian, Bar Food, Desserts, Continental","₹1,700 for two",1700,4.8,coimbatore,rs-puram,quick_bite,0,0,0,8,high,excellent,3709,yes,https://www.zomato.com/ooty/bird-of-paradise-bistro-willow-hill-marlimund/info,"9,57,730",214,yes,no,no
Beyond The Stories,"North Indian, South Indian, Asian, Pizza, Italian","₹2,000 for two",2000,4.4,coimbatore,rs-puram,quick_bite,0,0,0,5,high,excellent,3709,yes,https://www.zomato.com/ooty/angaara-elk-hill/info,"9,57,730",214,yes,no,no
Little Soi,"Asian, Continental, Japanese, Thai, Desserts","₹1,200 for two",1200,4.6,coimbatore,rs-puram,quick_bite,0,0,0,5,high,excellent,3709,yes,https://www.zomato.com/ooty/nahar-sidewalk-cafe-elk-hill/info,"9,57,730",214,yes,no,no
Cafe Locus,"Continental, Beverages, Cake, Burger, Vietnamese, Salad, Coffee, Desserts",₹800 for two,800,4.3,coimbatore,rs-puram,quick_bite,0,0,0,8,high,excellent,3709,yes,https://www.zomato.com/ooty/the-culinarium-fern-hill/info,"9,57,730",214,yes,no,no
SS Hyderabad Biryani-Coimbatore,"Biryani, Chinese, Mughlai, North Indian, Seafood",₹500 for two,500,4,coimbatore,rs-puram,quick_bite,0,0,0,5,high,excellent,3709,yes,https://www.zomato.com/ooty/shinkows-chinese-restaurant-elk-hill/info,"9,57,730",214,yes,no,no
Bazaar - Zone By The Park,"Desserts, North Indian, Chinese, Italian, Continental, American, Thai, South Indian","₹1,000 for two",1000,3.8,coimbatore,saibaba-colony,quick_bite,0,0,0,8,high,good,3709,yes,https://www.zomato.com/ooty/le-cafe-kandal/info,"9,57,730",214,yes,no,no
Bizou Cafe & Grill,"Cafe, French, Italian, Coffee, Pasta, Continental, Pizza, Burger","₹1,400 for two",1400,4.6,coimbatore,saibaba-colony,quick_bite,0,0,0,8,high,excellent,3709,yes,https://www.zomato.com/ooty/earls-secret-marlimund/info,"9,57,730",214,yes,no,no
All Rise A Unit Of Cafe Totaram,"Continental, Tea, Coffee, Asian, South Indian",₹600 for two,600,4.4,coimbatore,saibaba-colony,quick_bite,0,0,0,5,high,excellent,3709,yes,https://www.zomato.com/ooty/kailash-parbat-elk-hill/info,"9,57,730",214,yes,no,no
Z Bar,"Finger Food, Fast Food, Pizza, Pasta, Coffee, Beverages",₹600 for two,600,4.2,coimbatore,saibaba-colony,quick_bite,0,0,0,6,high,excellent,3709,yes,https://www.zomato.com/ooty/nahar-sidewalk-cafe-elk-hill/info,"9,57,730",214,yes,no,no
Beyond The Stories,"North Indian, South Indian, Asian, Pizza, Italian","₹2,000 for two",2000,4.4,coimbatore,saibaba-colony,quick_bite,0,0,0,5,high,excellent,3709,yes,https://www.zomato.com/ooty/the-culinarium-fern-hill/info,"9,57,730",214,yes,no,no
SS Hyderabad Biryani-Coimbatore,"Biryani, Chinese, Mughlai, North Indian, Seafood",₹500 for two,500,4,coimbatore,saibaba-colony,quick_bite,0,0,0,5,high,excellent,3709,yes,https://www.zomato.com/ooty/sugar-dribble-thalayathimund/info,"9,57,730",214,yes,no,no
Sherlock's - Lounge & Kitchen,"Cuisine Varies, Chinese, Continental, Bar Food, Oriental, Pizza, Pasta, Biryani","₹2,400 for two",2400,4.6,coimbatore,saibaba-colony,quick_bite,0,0,0,8,high,excellent,3709,yes,https://www.zomato.com/ooty/shinkows-chinese-restaurant-elk-hill/info,"9,57,730",214,yes,no,no
Mufasa,"South Indian, North Indian, Pasta, Pizza","₹1,000 for two",1000,4.4,coimbatore,saibaba-colony,quick_bite,0,0,0,4,high,excellent,3709,yes,https://www.zomato.com/ooty/bird-of-paradise-bistro-willow-hill-marlimund/info,"9,57,730",214,yes,no,no
Britain To Bombay 1800,"Steak, Burger, Pasta, Coffee, Desserts, Salad, Beverages, Pizza","₹1,600 for two",1600,4.5,coimbatore,saibaba-colony,quick_bite,0,0,0,8,high,excellent,3709,yes,https://www.zomato.com/ooty/le-cafe-kandal/info,"9,57,730",214,yes,no,no
Bazaar - Zone By The Park,"Desserts, North Indian, Chinese, Italian, Continental, American, Thai, South Indian","₹1,000 for two",1000,3.8,coimbatore,gandhipuram,quick_bite,0,0,0,8,high,good,3709,yes,https://www.zomato.com/ooty/angaara-elk-hill/info,"9,57,730",214,yes,no,no
Z Bar,"Finger Food, Fast Food, Pizza, Pasta, Coffee, Beverages",₹600 for two,600,4.2,coimbatore,gandhipuram,quick_bite,0,0,0,6,high,excellent,3709,yes,https://www.zomato.com/mysore/the-old-house-chamrajpura/info,"9,57,730",214,yes,no,no
Bizou Cafe & Grill,"Cafe, French, Italian, Coffee, Pasta, Continental, Pizza, Burger","₹1,400 for two",1400,4.6,coimbatore,gandhipuram,quick_bite,0,0,0,8,high,excellent,3709,yes,https://www.zomato.com/mysore/sapa-gokulam/info,"9,57,730",214,yes,no,no
All Rise A Unit Of Cafe Totaram,"Continental, Tea, Coffee, Asian, South Indian",₹600 for two,600,4.4,coimbatore,gandhipuram,quick_bite,0,0,0,5,high,excellent,3709,yes,https://www.zomato.com/mysore/white-teak-coffee-roasters-gokulam/info,"9,57,730",214,yes,no,no
The Living Room,"South Indian, North Indian, Biryani, Pasta, Asian, Bar Food, Desserts, Continental","₹1,700 for two",1700,4.8,coimbatore,gandhipuram,quick_bite,0,0,0,8,high,excellent,3709,yes,https://www.zomato.com/mysore/pegs-kegs-vijay-nagar/info,"9,57,730",214,yes,no,no
Beyond The Stories,"North Indian, South Indian, Asian, Pizza, Italian","₹2,000 for two",2000,4.4,coimbatore,gandhipuram,quick_bite,0,0,0,5,high,excellent,3709,yes,https://www.zomato.com/mysore/the-firangi-sutra-jayalakhsmipuram/info,"9,57,730",214,yes,no,no
Little Soi,"Asian, Continental, Japanese, Thai, Desserts","₹1,200 for two",1200,4.6,coimbatore,gandhipuram,quick_bite,0,0,0,5,high,excellent,3709,yes,https://www.zomato.com/mysore/atmosphere-sharadadevi-nagar/info,"9,57,730",214,yes,no,no
Cafe Locus,"Continental, Beverages, Cake, Burger, Vietnamese, Salad, Coffee, Desserts",₹800 for two,800,4.3,coimbatore,gandhipuram,quick_bite,0,0,0,8,high,excellent,3709,yes,https://www.zomato.com/mysore/hithie-the-gourmet-dining-vijay-nagar/info,"9,57,730",214,yes,no,no
SS Hyderabad Biryani-Coimbatore,"Biryani, Chinese, Mughlai, North Indian, Seafood",₹500 for two,500,4,coimbatore,gandhipuram,quick_bite,0,0,0,5,high,excellent,3709,yes,https://www.zomato.com/mysore/aaina-vijay-nagar-2nd-stage/info,"9,57,730",214,yes,no,no
Bazaar - Zone By The Park,"Desserts, North Indian, Chinese, Italian, Continental, American, Thai, South Indian","₹1,000 for two",1000,3.8,coimbatore,race-course,quick_bite,0,0,0,8,high,good,3709,yes,https://www.zomato.com/mysore/empire-restaurant-since-1966-gokulam/info,"9,57,730",214,yes,no,no
All Rise A Unit Of Cafe Totaram,"Continental, Tea, Coffee, Asian, South Indian",₹600 for two,600,4.4,coimbatore,race-course,quick_bite,0,0,0,5,high,excellent,3709,yes,https://www.zomato.com/mysore/the-old-house-chamrajpura/info,"9,57,730",214,yes,no,no
Z Bar,"Finger Food, Fast Food, Pizza, Pasta, Coffee, Beverages",₹600 for two,600,4.2,coimbatore,race-course,quick_bite,0,0,0,6,high,excellent,3709,yes,https://www.zomato.com/mysore/sapa-gokulam/info,"9,57,730",214,yes,no,no
Bizou Cafe & Grill,"Cafe, French, Italian, Coffee, Pasta, Continental, Pizza, Burger","₹1,400 for two",1400,4.6,coimbatore,race-course,quick_bite,0,0,0,8,high,excellent,3709,yes,https://www.zomato.com/mysore/atmosphere-sharadadevi-nagar/info,"9,57,730",214,yes,no,no
The Living Room,"South Indian, North Indian, Biryani, Pasta, Asian, Bar Food, Desserts, Continental","₹1,700 for two",1700,4.8,coimbatore,race-course,quick_bite,0,0,0,8,high,excellent,3709,yes,https://www.zomato.com/mysore/hithie-the-gourmet-dining-vijay-nagar/info,"9,57,730",214,yes,no,no
Beyond The Stories,"North Indian, South Indian, Asian, Pizza, Italian","₹2,000 for two",2000,4.4,coimbatore,race-course,quick_bite,0,0,0,5,high,excellent,3709,yes,https://www.zomato.com/mysore/white-teak-coffee-roasters-gokulam/info,"9,57,730",214,yes,no,no
Little Soi,"Asian, Continental, Japanese, Thai, Desserts","₹1,200 for two",1200,4.6,coimbatore,race-course,quick_bite,0,0,0,5,high,excellent,3709,yes,https://www.zomato.com/mysore/aaina-vijay-nagar-2nd-stage/info,"9,57,730",214,yes,no,no
Cafe Locus,"Continental, Beverages, Cake, Burger, Vietnamese, Salad, Coffee, Desserts",₹800 for two,800,4.3,coimbatore,race-course,quick_bite,0,0,0,8,high,excellent,3709,yes,https://www.zomato.com/mysore/pegs-kegs-vijay-nagar/info,"9,57,730",214,yes,no,no
SS Hyderabad Biryani-Coimbatore,"Biryani, Chinese, Mughlai, North Indian, Seafood",₹500 for two,500,4,coimbatore,race-course,quick_bite,0,0,0,5,high,excellent,3709,yes,https://www.zomato.com/mysore/empire-restaurant-since-1966-gokulam/info,"3,15,957",42,yes,no,no
The Bagh Gourmet Garden & Bar,"Continental, Chinese, Asian, North Indian, Mediterranean, Cafe, Desserts, Thai","₹2,000 for two",2000,4.5,amritsar,town-hall,quick_bite,0,0,0,8,high,excellent,3709,yes,https://www.zomato.com/mysore/the-firangi-sutra-jayalakhsmipuram/info,"3,15,957",42,yes,no,no
Bontastic by Bon Gateau,"Italian, Pizza, North Indian, Chinese, Fast Food, Tea, Coffee, Beverages","₹1,500 for two",1500,4.4,amritsar,town-hall,quick_bite,0,0,0,8,high,excellent,3709,yes,https://www.zomato.com/mysore/the-old-house-chamrajpura/info,"3,15,957",42,yes,no,no
Brick House Kitchen- BHK,"North Indian, Chinese, Italian, Continental","₹1,200 for two",1200,4.6,amritsar,town-hall,quick_bite,0,0,0,4,high,excellent,3709,yes,https://www.zomato.com/mysore/sapa-gokulam/info,"3,15,957",42,yes,no,no
Tepah By The Bagh,"Continental, Asian, Pasta, North Indian, Pizza","₹1,600 for two",1600,4.5,amritsar,town-hall,quick_bite,0,0,0,5,high,excellent,3709,yes,https://www.zomato.com/mysore/soko-by-house-of-commons-ittige-gudu/info,"3,15,957",42,yes,no,no
Blink,"North Indian, Asian, Thai, Continental, Chinese, Desserts, Cafe, Beverages","₹2,000 for two",2000,4.3,amritsar,town-hall,quick_bite,0,0,0,8,high,excellent,3709,yes,https://www.zomato.com/mysore/white-teak-coffee-roasters-gokulam/info,"3,15,957",42,yes,no,no
Diago,"Continental, Sushi, Chinese, Mexican, North Indian, Asian, European, Cafe","₹1,300 for two",1300,4.2,amritsar,town-hall,quick_bite,0,0,0,8,high,excellent,3709,yes,https://www.zomato.com/mysore/pegs-kegs-vijay-nagar/info,"3,15,957",42,yes,no,no
Housewood Villas,"North Indian, Continental, Oriental, Chinese, Burger, Sandwich, Pizza, Desserts","₹2,000 for two",2000,4.4,amritsar,town-hall,quick_bite,0,0,0,8,high,excellent,3709,yes,https://www.zomato.com/mysore/the-firangi-sutra-jayalakhsmipuram/info,"3,15,957",42,yes,no,no
Grain By Elgin,"Asian, Continental, Mediterranean, Italian, Seafood, Sushi, Desserts, Cafe","₹3,500 for two",3500,4.5,amritsar,town-hall,quick_bite,0,0,0,8,high,excellent,3709,yes,https://www.zomato.com/mysore/hithie-the-gourmet-dining-vijay-nagar/info,"3,15,957",42,yes,no,no
The BrewMaster,"North Indian, Asian, Continental, Oriental, Chinese, Pizza, Desserts","₹2,000 for two",2000,4.6,amritsar,town-hall,quick_bite,0,0,0,7,high,excellent,3709,yes,https://www.zomato.com/mysore/gufha-restaurant-doora/info,"3,15,957",42,yes,no,no
The Bagh Gourmet Garden & Bar,"Continental, Chinese, Asian, North Indian, Mediterranean, Cafe, Desserts, Thai","₹2,000 for two",2000,4.5,amritsar,basant-nagar,quick_bite,0,0,0,8,high,excellent,3709,yes,https://www.zomato.com/mysore/aaina-vijay-nagar-2nd-stage/info,"3,15,957",42,yes,no,no
Bontastic by Bon Gateau,"Italian, Pizza, North Indian, Chinese, Fast Food, Tea, Coffee, Beverages","₹1,500 for two",1500,4.4,amritsar,basant-nagar,quick_bite,0,0,0,8,high,excellent,3709,yes,https://www.zomato.com/mysore/the-old-house-chamrajpura/info,"3,15,957",42,yes,no,no
Brick House Kitchen- BHK,"North Indian, Chinese, Italian, Continental","₹1,200 for two",1200,4.6,amritsar,basant-nagar,quick_bite,0,0,0,4,high,excellent,3709,yes,https://www.zomato.com/mysore/sapa-gokulam/info,"3,15,957",42,yes,no,no
Tepah By The Bagh,"Continental, Asian, Pasta, North Indian, Pizza","₹1,600 for two",1600,4.5,amritsar,basant-nagar,quick_bite,0,0,0,5,high,excellent,3709,yes,https://www.zomato.com/mysore/the-firangi-sutra-jayalakhsmipuram/info,"3,15,957",42,yes,no,no
Blink,"North Indian, Asian, Thai, Continental, Chinese, Desserts, Cafe, Beverages","₹2,000 for two",2000,4.3,amritsar,basant-nagar,quick_bite,0,0,0,8,high,excellent,3709,yes,https://www.zomato.com/mysore/hithie-the-gourmet-dining-vijay-nagar/info,"3,15,957",42,yes,no,no
Diago,"Continental, Sushi, Chinese, Mexican, North Indian, Asian, European, Cafe","₹1,300 for two",1300,4.2,amritsar,basant-nagar,quick_bite,0,0,0,8,high,excellent,3709,yes,https://www.zomato.com/mysore/soko-by-house-of-commons-ittige-gudu/info,"3,15,957",42,yes,no,no
Housewood Villas,"North Indian, Continental, Oriental, Chinese, Burger, Sandwich, Pizza, Desserts","₹2,000 for two",2000,4.4,amritsar,basant-nagar,quick_bite,0,0,0,8,high,excellent,3709,yes,https://www.zomato.com/mysore/gufha-restaurant-doora/info,"3,15,957",42,yes,no,no
Grain By Elgin,"Asian, Continental, Mediterranean, Italian, Seafood, Sushi, Desserts, Cafe","₹3,500 for two",3500,4.5,amritsar,basant-nagar,quick_bite,0,0,0,8,high,excellent,3709,yes,https://www.zomato.com/mysore/white-teak-coffee-roasters-gokulam/info,"3,15,957",42,yes,no,no
The BrewMaster,"North Indian, Asian, Continental, Oriental, Chinese, Pizza, Desserts","₹2,000 for two",2000,4.6,amritsar,basant-nagar,quick_bite,0,0,0,7,high,excellent,3709,yes,https://www.zomato.com/mysore/aaina-vijay-nagar-2nd-stage/info,"3,15,957",42,yes,no,no
Bontastic by Bon Gateau,"Italian, Pizza, North Indian, Chinese, Fast Food, Tea, Coffee, Beverages","₹1,500 for two",1500,4.4,amritsar,ina-colony,quick_bite,0,0,0,8,high,excellent,3709,yes,https://www.zomato.com/mysore/pegs-kegs-vijay-nagar/info,"3,15,957",42,yes,no,no
Brick House Kitchen- BHK,"North Indian, Chinese, Italian, Continental","₹1,200 for two",1200,4.6,amritsar,ina-colony,quick_bite,0,0,0,4,high,excellent,3709,yes,https://www.zomato.com/mysore/the-old-house-chamrajpura/info,"3,15,957",42,yes,no,no
Tepah By The Bagh,"Continental, Asian, Pasta, North Indian, Pizza","₹1,600 for two",1600,4.5,amritsar,ina-colony,quick_bite,0,0,0,5,high,excellent,3709,yes,https://www.zomato.com/mysore/sapa-gokulam/info,"3,15,957",42,yes,no,no
Blink,"North Indian, Asian, Thai, Continental, Chinese, Desserts, Cafe, Beverages","₹2,000 for two",2000,4.3,amritsar,ina-colony,quick_bite,0,0,0,8,high,excellent,3709,yes,https://www.zomato.com/mysore/soko-by-house-of-commons-ittige-gudu/info,"3,15,957",42,yes,no,no
Diago,"Continental, Sushi, Chinese, Mexican, North Indian, Asian, European, Cafe","₹1,300 for two",1300,4.2,amritsar,ina-colony,quick_bite,0,0,0,8,high,excellent,3709,yes,https://www.zomato.com/mysore/white-teak-coffee-roasters-gokulam/info,"3,15,957",42,yes,no,no
Housewood Villas,"North Indian, Continental, Oriental, Chinese, Burger, Sandwich, Pizza, Desserts","₹2,000 for two",2000,4.4,amritsar,ina-colony,quick_bite,0,0,0,8,high,excellent,3709,yes,https://www.zomato.com/mysore/the-firangi-sutra-jayalakhsmipuram/info,"3,15,957",42,yes,no,no
Grain By Elgin,"Asian, Continental, Mediterranean, Italian, Seafood, Sushi, Desserts, Cafe","₹3,500 for two",3500,4.5,amritsar,ina-colony,quick_bite,0,0,0,8,high,excellent,3709,yes,https://www.zomato.com/mysore/gufha-restaurant-doora/info,"3,15,957",42,yes,no,no
The BrewMaster,"North Indian, Asian, Continental, Oriental, Chinese, Pizza, Desserts","₹2,000 for two",2000,4.6,amritsar,ina-colony,quick_bite,0,0,0,7,high,excellent,3709,yes,https://www.zomato.com/mysore/empire-restaurant-since-1966-gokulam/info,"3,15,957",42,yes,no,no
Olive 97,"Continental, North Indian, Pizza, Italian, Chinese, Cafe","₹1,100 for two",1100,4.4,amritsar,ina-colony,quick_bite,0,0,0,6,high,excellent,3709,yes,https://www.zomato.com/mysore/havana-1-jayalakhsmipuram/info,"3,15,957",42,yes,no,no
The Bagh Gourmet Garden & Bar,"Continental, Chinese, Asian, North Indian, Mediterranean, Cafe, Desserts, Thai","₹2,000 for two",2000,4.5,amritsar,lawrence-road,quick_bite,0,0,0,8,high,excellent,3709,yes,https://www.zomato.com/mysore/the-fishermans-wharf-chamrajpura/info,"3,15,957",42,yes,no,no
Bontastic by Bon Gateau,"Italian, Pizza, North Indian, Chinese, Fast Food, Tea, Coffee, Beverages","₹1,500 for two",1500,4.4,amritsar,lawrence-road,quick_bite,0,0,0,8,high,excellent,3709,yes,https://www.zomato.com/mysore/the-old-house-chamrajpura/info,"3,15,957",42,yes,no,no
Brick House Kitchen- BHK,"North Indian, Chinese, Italian, Continental","₹1,200 for two",1200,4.6,amritsar,lawrence-road,quick_bite,0,0,0,4,high,excellent,3709,yes,https://www.zomato.com/mysore/sapa-gokulam/info,"3,15,957",42,yes,no,no
Tepah By The Bagh,"Continental, Asian, Pasta, North Indian, Pizza","₹1,600 for two",1600,4.5,amritsar,lawrence-road,quick_bite,0,0,0,5,high,excellent,3709,yes,https://www.zomato.com/mysore/gufha-restaurant-doora/info,"3,15,957",42,yes,no,no
Blink,"North Indian, Asian, Thai, Continental, Chinese, Desserts, Cafe, Beverages","₹2,000 for two",2000,4.3,amritsar,lawrence-road,quick_bite,0,0,0,8,high,excellent,3709,yes,https://www.zomato.com/mysore/empire-restaurant-since-1966-gokulam/info,"3,15,957",42,yes,no,no
Diago,"Continental, Sushi, Chinese, Mexican, North Indian, Asian, European, Cafe","₹1,300 for two",1300,4.2,amritsar,lawrence-road,quick_bite,0,0,0,8,high,excellent,3709,yes,https://www.zomato.com/mysore/soko-by-house-of-commons-ittige-gudu/info,"3,15,957",42,yes,no,no
Housewood Villas,"North Indian, Continental, Oriental, Chinese, Burger, Sandwich, Pizza, Desserts","₹2,000 for two",2000,4.4,amritsar,lawrence-road,quick_bite,0,0,0,8,high,excellent,3709,yes,https://www.zomato.com/mysore/havana-1-jayalakhsmipuram/info,"3,15,957",42,yes,no,no
Grain By Elgin,"Asian, Continental, Mediterranean, Italian, Seafood, Sushi, Desserts, Cafe","₹3,500 for two",3500,4.5,amritsar,lawrence-road,quick_bite,0,0,0,8,high,excellent,3709,yes,https://www.zomato.com/mysore/white-teak-coffee-roasters-gokulam/info,"3,15,957",42,yes,no,no
The BrewMaster,"North Indian, Asian, Continental, Oriental, Chinese, Pizza, Desserts","₹2,000 for two",2000,4.6,amritsar,lawrence-road,quick_bite,0,0,0,7,high,excellent,3709,yes,https://www.zomato.com/mysore/the-fishermans-wharf-chamrajpura/info,"3,15,957",42,yes,no,no
Bontastic by Bon Gateau,"Italian, Pizza, North Indian, Chinese, Fast Food, Tea, Coffee, Beverages","₹1,500 for two",1500,4.4,amritsar,white-avenue,quick_bite,0,0,0,8,high,excellent,3709,yes,https://www.zomato.com/mysore/the-firangi-sutra-jayalakhsmipuram/info,"3,15,957",42,yes,no,no
Brick House Kitchen- BHK,"North Indian, Chinese, Italian, Continental","₹1,200 for two",1200,4.6,amritsar,white-avenue,quick_bite,0,0,0,4,high,excellent,3709,yes,https://www.zomato.com/mysore/the-old-house-chamrajpura/info,"3,15,957",42,yes,no,no
Tepah By The Bagh,"Continental, Asian, Pasta, North Indian, Pizza","₹1,600 for two",1600,4.5,amritsar,white-avenue,quick_bite,0,0,0,5,high,excellent,3709,yes,https://www.zomato.com/mysore/sapa-gokulam/info,"3,15,957",42,yes,no,no
Blink,"North Indian, Asian, Thai, Continental, Chinese, Desserts, Cafe, Beverages","₹2,000 for two",2000,4.3,amritsar,white-avenue,quick_bite,0,0,0,8,high,excellent,3709,yes,https://www.zomato.com/mysore/soko-by-house-of-commons-ittige-gudu/info,"3,15,957",42,yes,no,no
Diago,"Continental, Sushi, Chinese, Mexican, North Indian, Asian, European, Cafe","₹1,300 for two",1300,4.2,amritsar,white-avenue,quick_bite,0,0,0,8,high,excellent,3709,yes,https://www.zomato.com/mysore/white-teak-coffee-roasters-gokulam/info,"3,15,957",42,yes,no,no
Housewood Villas,"North Indian, Continental, Oriental, Chinese, Burger, Sandwich, Pizza, Desserts","₹2,000 for two",2000,4.4,amritsar,white-avenue,quick_bite,0,0,0,8,high,excellent,3709,yes,https://www.zomato.com/mysore/pegs-kegs-vijay-nagar/info,"3,15,957",42,yes,no,no
Grain By Elgin,"Asian, Continental, Mediterranean, Italian, Seafood, Sushi, Desserts, Cafe","₹3,500 for two",3500,4.5,amritsar,white-avenue,quick_bite,0,0,0,8,high,excellent,3709,yes,https://www.zomato.com/mysore/the-firangi-sutra-jayalakhsmipuram/info,"3,15,957",42,yes,no,no
The BrewMaster,"North Indian, Asian, Continental, Oriental, Chinese, Pizza, Desserts","₹2,000 for two",2000,4.6,amritsar,white-avenue,quick_bite,0,0,0,7,high,excellent,3709,yes,https://www.zomato.com/mysore/hithie-the-gourmet-dining-vijay-nagar/info,"3,15,957",42,yes,no,no
Olive 97,"Continental, North Indian, Pizza, Italian, Chinese, Cafe","₹1,100 for two",1100,4.4,amritsar,white-avenue,quick_bite,0,0,0,6,high,excellent,3709,yes,https://www.zomato.com/mysore/gufha-restaurant-doora/info,"3,15,957",42,yes,no,no
The Bagh Gourmet Garden & Bar,"Continental, Chinese, Asian, North Indian, Mediterranean, Cafe, Desserts, Thai","₹2,000 for two",2000,4.5,amritsar,gt-road,quick_bite,0,0,0,8,high,excellent,3709,yes,https://www.zomato.com/mysore/aaina-vijay-nagar-2nd-stage/info,"3,15,957",42,yes,no,no
Oasis - Hotel City Klyde Inn,"North Indian, Continental, Italian","₹1,200 for two",1200,4.7,amritsar,gt-road,quick_bite,0,0,0,3,high,excellent,3709,yes,https://www.zomato.com/mysore/the-old-house-chamrajpura/info,"3,15,957",42,yes,no,no
365 All Day Dining Sarovar Premiere,"North Indian, Chinese, Asian, Continental, Biryani, Fast Food, Desserts, Beverages","₹2,100 for two",2100,4.4,amritsar,gt-road,quick_bite,0,0,0,8,high,excellent,3709,yes,https://www.zomato.com/mysore/sapa-gokulam/info,"3,15,957",42,yes,no,no
Crystal Restaurant Plaza,"North Indian, Continental, Chinese, Italian, Biryani, Mughlai, Desserts, Beverages","₹2,100 for two",2100,3.5,amritsar,gt-road,quick_bite,0,0,0,8,high,good,3709,yes,https://www.zomato.com/mysore/the-firangi-sutra-jayalakhsmipuram/info,"3,15,957",42,yes,no,no
Kava Grill & Lounge - Fairfield By Marriott,"North Indian, Asian, Continental, Chinese, Biryani, Thai, Desserts, Beverages","₹2,500 for two",2500,4.6,amritsar,gt-road,quick_bite,0,0,0,8,high,excellent,3709,yes,https://www.zomato.com/mysore/hithie-the-gourmet-dining-vijay-nagar/info,"3,15,957",42,yes,no,no
Kitchen 1574 - Four Points by Sheraton & Marriott,"North Indian, Mughlai, South Indian, Biryani, Continental, Chinese, Salad, Beverages","₹2,000 for two",2000,,amritsar,gt-road,quick_bite,0,0,0,8,high,,3709,yes,https://www.zomato.com/mysore/soko-by-house-of-commons-ittige-gudu/info,"3,15,957",42,yes,no,no
Flour Fairy Cafe,"North Indian, Cafe, Chinese, Seafood, Salad, Shake, Coffee, Beverages","₹1,000 for two",1000,4.5,amritsar,gt-road,quick_bite,0,0,0,8,high,excellent,3709,yes,https://www.zomato.com/mysore/gufha-restaurant-doora/info,"3,15,957",42,yes,no,no
Chef's Theory,"North Indian, Biryani, Chinese, Oriental, Continental, Pizza, Fast Food, Salad","₹1,000 for two",1000,4.5,amritsar,gt-road,quick_bite,0,0,0,8,high,excellent,3709,yes,https://www.zomato.com/mysore/white-teak-coffee-roasters-gokulam/info,"3,15,957",42,yes,no,no
Amritsar Kitchen - Courtyard By Marriott,"North Indian, Continental, American, Thai","₹1,500 for two",1500,3.9,amritsar,gt-road,quick_bite,0,0,0,4,high,good,3709,yes,https://www.zomato.com/mysore/aaina-vijay-nagar-2nd-stage/info,"3,15,957",42,yes,no,no
Bontastic by Bon Gateau,"Italian, Pizza, North Indian, Chinese, Fast Food, Tea, Coffee, Beverages","₹1,500 for two",1500,4.4,amritsar,kabir-park,quick_bite,0,0,0,8,high,excellent,3709,yes,https://www.zomato.com/mysore/pegs-kegs-vijay-nagar/info,"3,15,957",42,yes,no,no
Brick House Kitchen- BHK,"North Indian, Chinese, Italian, Continental","₹1,200 for two",1200,4.6,amritsar,kabir-park,quick_bite,0,0,0,4,high,excellent,3709,yes,https://www.zomato.com/mysore/the-old-house-chamrajpura/info,"3,15,957",42,yes,no,no
Tepah By The Bagh,"Continental, Asian, Pasta, North Indian, Pizza","₹1,600 for two",1600,4.5,amritsar,kabir-park,quick_bite,0,0,0,5,high,excellent,3709,yes,https://www.zomato.com/mysore/sapa-gokulam/info,"3,15,957",42,yes,no,no
Blink,"North Indian, Asian, Thai, Continental, Chinese, Desserts, Cafe, Beverages","₹2,000 for two",2000,4.3,amritsar,kabir-park,quick_bite,0,0,0,8,high,excellent,3709,yes,https://www.zomato.com/mysore/white-teak-coffee-roasters-gokulam/info,"3,15,957",42,yes,no,no
Diago,"Continental, Sushi, Chinese, Mexican, North Indian, Asian, European, Cafe","₹1,300 for two",1300,4.2,amritsar,kabir-park,quick_bite,0,0,0,8,high,excellent,3709,yes,https://www.zomato.com/mysore/pegs-kegs-vijay-nagar/info,"3,15,957",42,yes,no,no
Housewood Villas,"North Indian, Continental, Oriental, Chinese, Burger, Sandwich, Pizza, Desserts","₹2,000 for two",2000,4.4,amritsar,kabir-park,quick_bite,0,0,0,8,high,excellent,3709,yes,https://www.zomato.com/mysore/the-firangi-sutra-jayalakhsmipuram/info,"3,15,957",42,yes,no,no
Grain By Elgin,"Asian, Continental, Mediterranean, Italian, Seafood, Sushi, Desserts, Cafe","₹3,500 for two",3500,4.5,amritsar,kabir-park,quick_bite,0,0,0,8,high,excellent,3709,yes,https://www.zomato.com/mysore/atmosphere-sharadadevi-nagar/info,"3,15,957",42,yes,no,no
The BrewMaster,"North Indian, Asian, Continental, Oriental, Chinese, Pizza, Desserts","₹2,000 for two",2000,4.6,amritsar,kabir-park,quick_bite,0,0,0,7,high,excellent,3709,yes,https://www.zomato.com/mysore/hithie-the-gourmet-dining-vijay-nagar/info,"3,15,957",42,yes,no,no
Olive 97,"Continental, North Indian, Pizza, Italian, Chinese, Cafe","₹1,100 for two",1100,4.4,amritsar,kabir-park,quick_bite,0,0,0,6,high,excellent,3709,yes,https://www.zomato.com/mysore/gufha-restaurant-doora/info,"3,15,957",42,yes,no,no
Bontastic by Bon Gateau,"Italian, Pizza, North Indian, Chinese, Fast Food, Tea, Coffee, Beverages","₹1,500 for two",1500,4.4,amritsar,ranjit-avenue,quick_bite,0,0,0,8,high,excellent,3709,yes,https://www.zomato.com/mysore/aaina-vijay-nagar-2nd-stage/info,"3,15,957",42,yes,no,no
Brick House Kitchen- BHK,"North Indian, Chinese, Italian, Continental","₹1,200 for two",1200,4.6,amritsar,ranjit-avenue,quick_bite,0,0,0,4,high,excellent,3709,yes,https://www.zomato.com/mysore/the-old-house-chamrajpura/info,"3,15,957",42,yes,no,no
Tepah By The Bagh,"Continental, Asian, Pasta, North Indian, Pizza","₹1,600 for two",1600,4.5,amritsar,ranjit-avenue,quick_bite,0,0,0,5,high,excellent,3709,yes,https://www.zomato.com/mysore/sapa-gokulam/info,"3,15,957",42,yes,no,no
Blink,"North Indian, Asian, Thai, Continental, Chinese, Desserts, Cafe, Beverages","₹2,000 for two",2000,4.3,amritsar,ranjit-avenue,quick_bite,0,0,0,8,high,excellent,3709,yes,https://www.zomato.com/mysore/atmosphere-sharadadevi-nagar/info,"3,15,957",42,yes,no,no
Diago,"Continental, Sushi, Chinese, Mexican, North Indian, Asian, European, Cafe","₹1,300 for two",1300,4.2,amritsar,ranjit-avenue,quick_bite,0,0,0,8,high,excellent,3709,yes,https://www.zomato.com/mysore/hithie-the-gourmet-dining-vijay-nagar/info,"3,15,957",42,yes,no,no
Housewood Villas,"North Indian, Continental, Oriental, Chinese, Burger, Sandwich, Pizza, Desserts","₹2,000 for two",2000,4.4,amritsar,ranjit-avenue,quick_bite,0,0,0,8,high,excellent,3709,yes,https://www.zomato.com/mysore/white-teak-coffee-roasters-gokulam/info,"3,15,957",42,yes,no,no
Bon Chic,"Italian, Continental, North Indian, Fast Food, Chinese, Sushi, Seafood, Desserts","₹1,500 for two",1500,4.4,amritsar,ranjit-avenue,quick_bite,0,0,0,8,high,excellent,3709,yes,https://www.zomato.com/mysore/gufha-restaurant-doora/info,"3,15,957",42,yes,no,no
Grain By Elgin,"Asian, Continental, Mediterranean, Italian, Seafood, Sushi, Desserts, Cafe","₹3,500 for two",3500,4.5,amritsar,ranjit-avenue,quick_bite,0,0,0,8,high,excellent,3709,yes,https://www.zomato.com/mysore/pegs-kegs-vijay-nagar/info,"3,15,957",42,yes,no,no
Elgin Cafe,"Cafe, Asian, Continental, Italian, North Indian, Turkish, Chinese, Fast Food","₹2,300 for two",2300,4.4,amritsar,ranjit-avenue,quick_bite,0,0,0,8,high,excellent,3709,yes,https://www.zomato.com/mysore/aaina-vijay-nagar-2nd-stage/info,"3,15,957",42,yes,no,no
The Salt Cafe Kitchen & Bar,"North Indian, Continental, Chinese, Italian, Finger Food","₹2,000 for two",2000,4.9,agra,rakabganj,quick_bite,0,0,0,5,high,excellent,3709,yes,https://www.zomato.com/mysore/the-firangi-sutra-jayalakhsmipuram/info,"3,15,957",42,yes,no,no
Molecule Air Bar,"North Indian, Chinese, Continental, Italian, Finger Food","₹1,700 for two",1700,4.5,agra,rakabganj,quick_bite,0,0,0,5,high,excellent,3709,yes,https://www.zomato.com/mysore/the-old-house-chamrajpura/info,"3,15,957",42,yes,no,no
Beep,"North Indian, Chinese, Continental, Pizza, Pasta","₹2,500 for two",2500,4.5,agra,rakabganj,quick_bite,0,0,0,5,high,excellent,3709,yes,https://www.zomato.com/mysore/sapa-gokulam/info,"3,15,957",42,yes,no,no
Incanto,"Continental, Mexican, Pizza, Sushi","₹1,500 for two",1500,4.8,agra,rakabganj,quick_bite,0,0,0,4,high,excellent,3709,yes,https://www.zomato.com/mysore/white-teak-coffee-roasters-gokulam/info,"3,15,957",42,yes,no,no
Palm Burj,"North Indian, Chinese, Continental, Sushi, Sichuan, Beverages, Desserts","₹2,200 for two",2200,4.4,agra,rakabganj,quick_bite,0,0,0,7,high,excellent,3709,yes,https://www.zomato.com/mysore/pegs-kegs-vijay-nagar/info,"3,15,957",42,yes,no,no
The Nawaabs,"North Indian, Biryani, Kebab, Beverages","₹1,300 for two",1300,4.4,agra,rakabganj,quick_bite,0,0,0,4,high,excellent,3709,yes,https://www.zomato.com/mysore/the-firangi-sutra-jayalakhsmipuram/info,"3,15,957",42,yes,no,no
Qairo,"Mediterranean, Italian","₹1,800 for two",1800,,agra,rakabganj,quick_bite,0,0,0,2,high,,3709,yes,https://www.zomato.com/mysore/hithie-the-gourmet-dining-vijay-nagar/info,"3,15,957",42,yes,no,no
My Bar Headquarters,"North Indian, Chinese, Bar Food, Italian, Desserts, Continental, Asian","₹1,200 for two",1200,4.5,agra,rakabganj,quick_bite,0,0,0,7,high,excellent,3709,yes,https://www.zomato.com/mysore/gufha-restaurant-doora/info,"3,15,957",42,yes,no,no
Unplugged Courtyard,"Mediterranean, North Indian, Continental, Chinese, Mexican, Thai, Italian, Coffee","₹3,900 for two",3900,4.3,agra,rakabganj,quick_bite,0,0,0,8,high,excellent,3709,yes,https://www.zomato.com/mysore/aaina-vijay-nagar-2nd-stage/info,"3,15,957",42,yes,no,no
Incanto,"Continental, Mexican, Pizza, Sushi","₹1,500 for two",1500,4.8,agra,khandari,quick_bite,0,0,0,4,high,excellent,3709,yes,https://www.zomato.com/mysore/empire-restaurant-since-1966-gokulam/info,"3,15,957",42,yes,no,no
My Bar Headquarters,"North Indian, Chinese, Bar Food, Italian, Desserts, Continental, Asian","₹1,200 for two",1200,4.5,agra,khandari,quick_bite,0,0,0,7,high,excellent,3709,yes,https://www.zomato.com/mysore/the-old-house-chamrajpura/info,"3,15,957",42,yes,no,no
Aahar,"North Indian, South Indian, Chinese, Bakery, Continental, Desserts, Beverages","₹1,200 for two",1200,4.2,agra,khandari,quick_bite,0,0,0,7,high,excellent,3709,yes,https://www.zomato.com/mysore/sapa-gokulam/info,"3,15,957",42,yes,no,no
Karchi,"North Indian, Mughlai, Kebab, Biryani, Fast Food, Momos, Pizza, Roast Chicken","₹1,400 for two",1400,4.7,agra,khandari,quick_bite,0,0,0,8,high,excellent,3709,yes,https://www.zomato.com/mysore/hithie-the-gourmet-dining-vijay-nagar/info,"3,15,957",42,yes,no,no
Urban Deck,"Mexican, Italian, North Indian","₹2,600 for two",2600,4.1,agra,khandari,quick_bite,0,0,0,3,high,excellent,3709,yes,https://www.zomato.com/mysore/gufha-restaurant-doora/info,"3,15,957",42,yes,no,no
Berco's - If You Love Chinese,"Desserts, Tibetan, Sichuan, Thai, Momos, Seafood, Chinese, Asian","₹1,400 for two",1400,4.3,agra,khandari,quick_bite,0,0,0,8,high,excellent,3709,yes,https://www.zomato.com/mysore/white-teak-coffee-roasters-gokulam/info,"3,15,957",42,yes,no,no
Cosmos Cafe & Bar - Fairfield By Marriott,"Continental, North Indian, South Indian, Mughlai, Chinese, Fast Food, Desserts, Beverages","₹2,400 for two",2400,4.2,agra,khandari,quick_bite,0,0,0,8,high,excellent,3709,yes,https://www.zomato.com/mysore/aaina-vijay-nagar-2nd-stage/info,"3,15,957",42,yes,no,no
The Saheb's Realm,"North Indian, Fast Food, Biryani, Mughlai, Italian, Rolls","₹2,400 for two",2400,,agra,khandari,quick_bite,0,0,0,6,high,,3709,yes,https://www.zomato.com/mysore/pegs-kegs-vijay-nagar/info,"3,15,957",42,yes,no,no
Cafe G - Holiday Inn,"North Indian, Continental, South Indian, Chinese, Asian, Italian","₹2,300 for two",2300,4.4,agra,khandari,quick_bite,0,0,0,6,high,excellent,3709,yes,https://www.zomato.com/mysore/empire-restaurant-since-1966-gokulam/info,"3,15,957",42,yes,no,no
The Salt Cafe Kitchen & Bar,"North Indian, Continental, Chinese, Italian, Finger Food","₹2,000 for two",2000,4.9,agra,tajganj,quick_bite,0,0,0,5,high,excellent,3709,yes,https://www.zomato.com/mysore/the-firangi-sutra-jayalakhsmipuram/info,"3,15,957",42,yes,no,no
Molecule Air Bar,"North Indian, Chinese, Continental, Italian, Finger Food","₹1,700 for two",1700,4.5,agra,tajganj,quick_bite,0,0,0,5,high,excellent,3709,yes,https://www.zomato.com/mysore/the-old-house-chamrajpura/info,"3,15,957",42,yes,no,no
Beep,"North Indian, Chinese, Continental, Pizza, Pasta","₹2,500 for two",2500,4.5,agra,tajganj,quick_bite,0,0,0,5,high,excellent,3709,yes,https://www.zomato.com/mysore/the-firangi-sutra-jayalakhsmipuram/info,"3,15,957",42,yes,no,no
Palm Burj,"North Indian, Chinese, Continental, Sushi, Sichuan, Beverages, Desserts","₹2,200 for two",2200,4.4,agra,tajganj,quick_bite,0,0,0,7,high,excellent,3709,yes,https://www.zomato.com/mysore/atmosphere-sharadadevi-nagar/info,"3,15,957",42,yes,no,no
The Nawaabs,"North Indian, Biryani, Kebab, Beverages","₹1,300 for two",1300,4.4,agra,tajganj,quick_bite,0,0,0,4,high,excellent,3709,yes,https://www.zomato.com/mysore/gufha-restaurant-doora/info,"3,15,957",42,yes,no,no
Qairo,"Mediterranean, Italian","₹1,800 for two",1800,,agra,tajganj,quick_bite,0,0,0,2,high,,3709,yes,https://www.zomato.com/mysore/empire-restaurant-since-1966-gokulam/info,"3,15,957",42,yes,no,no
Unplugged Courtyard,"Mediterranean, North Indian, Continental, Chinese, Mexican, Thai, Italian, Coffee","₹3,900 for two",3900,4.3,agra,tajganj,quick_bite,0,0,0,8,high,excellent,3709,yes,https://www.zomato.com/mysore/havana-1-jayalakhsmipuram/info,"3,15,957",42,yes,no,no
Sidewalk Bakehouse & Cafe,"Beverages, Cafe, Coffee, Continental, Italian, Bakery, Healthy Food, Pasta","₹1,500 for two",1500,4.5,agra,tajganj,quick_bite,0,0,0,8,high,excellent,3709,yes,https://www.zomato.com/mysore/bopys-vijay-nagar/info,"3,15,957",42,yes,no,no
Desi Vibes,"North Indian, Beverages, Desserts, Kebab, Mughlai, Street Food",₹800 for two,800,4.3,agra,tajganj,quick_bite,0,0,0,6,high,excellent,3709,yes,https://www.zomato.com/mysore/maara-kuvempunagar/info,"3,15,957",42,yes,no,no
Incanto,"Continental, Mexican, Pizza, Sushi","₹1,500 for two",1500,4.8,agra,kamla-nagar,quick_bite,0,0,0,4,high,excellent,3709,yes,https://www.zomato.com/mysore/the-fishermans-wharf-chamrajpura/info,"3,15,957",42,yes,no,no
My Bar Headquarters,"North Indian, Chinese, Bar Food, Italian, Desserts, Continental, Asian","₹1,200 for two",1200,4.5,agra,kamla-nagar,quick_bite,0,0,0,7,high,excellent,3709,yes,https://www.zomato.com/mysore/the-old-house-chamrajpura/info,"3,15,957",42,yes,no,no
Aahar,"North Indian, South Indian, Chinese, Bakery, Continental, Desserts, Beverages","₹1,200 for two",1200,4.2,agra,kamla-nagar,quick_bite,0,0,0,7,high,excellent,3709,yes,https://www.zomato.com/mysore/the-firangi-sutra-jayalakhsmipuram/info,"3,15,957",42,yes,no,no
Karchi,"North Indian, Mughlai, Kebab, Biryani, Fast Food, Momos, Pizza, Roast Chicken","₹1,400 for two",1400,4.7,agra,kamla-nagar,quick_bite,0,0,0,8,high,excellent,3709,yes,https://www.zomato.com/mysore/havana-1-jayalakhsmipuram/info,"3,15,957",42,yes,no,no
Urban Deck,"Mexican, Italian, North Indian","₹2,600 for two",2600,4.1,agra,kamla-nagar,quick_bite,0,0,0,3,high,excellent,3709,yes,https://www.zomato.com/mysore/bopys-vijay-nagar/info,"3,15,957",42,yes,no,no
Berco's - If You Love Chinese,"Desserts, Tibetan, Sichuan, Thai, Momos, Seafood, Chinese, Asian","₹1,400 for two",1400,4.3,agra,kamla-nagar,quick_bite,0,0,0,8,high,excellent,3709,yes,https://www.zomato.com/mysore/atmosphere-sharadadevi-nagar/info,"3,15,957",42,yes,no,no
Cosmos Cafe & Bar - Fairfield By Marriott,"Continental, North Indian, South Indian, Mughlai, Chinese, Fast Food, Desserts, Beverages","₹2,400 for two",2400,4.2,agra,kamla-nagar,quick_bite,0,0,0,8,high,excellent,3709,yes,https://www.zomato.com/mysore/maara-kuvempunagar/info,"3,15,957",42,yes,no,no
Cafe G - Holiday Inn,"North Indian, Continental, South Indian, Chinese, Asian, Italian","₹2,300 for two",2300,4.4,agra,kamla-nagar,quick_bite,0,0,0,6,high,excellent,3709,yes,https://www.zomato.com/mysore/gufha-restaurant-doora/info,"3,15,957",42,yes,no,no
Spiced Brew,"Cafe, Continental, Burger, Sandwich, Fast Food, Beverages, Salad, Healthy Food",₹800 for two,800,4.3,agra,kamla-nagar,quick_bite,0,0,0,8,high,excellent,3709,yes,https://www.zomato.com/mysore/the-fishermans-wharf-chamrajpura/info,"3,15,957",42,yes,no,no
The Salt Cafe Kitchen & Bar,"North Indian, Continental, Chinese, Italian, Finger Food","₹2,000 for two",2000,4.9,agra,agra-cantt,quick_bite,0,0,0,5,high,excellent,3709,yes,https://www.zomato.com/mysore/empire-restaurant-since-1966-gokulam/info,"3,15,957",42,yes,no,no
Molecule Air Bar,"North Indian, Chinese, Continental, Italian, Finger Food","₹1,700 for two",1700,4.5,agra,agra-cantt,quick_bite,0,0,0,5,high,excellent,3709,yes,https://www.zomato.com/mysore/the-old-house-chamrajpura/info,"3,15,957",42,yes,no,no
Beep,"North Indian, Chinese, Continental, Pizza, Pasta","₹2,500 for two",2500,4.5,agra,agra-cantt,quick_bite,0,0,0,5,high,excellent,3709,yes,https://www.zomato.com/mysore/sapa-gokulam/info,"3,15,957",42,yes,no,no
Palm Burj,"North Indian, Chinese, Continental, Sushi, Sichuan, Beverages, Desserts","₹2,200 for two",2200,4.4,agra,agra-cantt,quick_bite,0,0,0,7,high,excellent,3709,yes,https://www.zomato.com/mysore/white-teak-coffee-roasters-gokulam/info,"3,15,957",42,yes,no,no
The Nawaabs,"North Indian, Biryani, Kebab, Beverages","₹1,300 for two",1300,4.4,agra,agra-cantt,quick_bite,0,0,0,4,high,excellent,3709,yes,https://www.zomato.com/mysore/pegs-kegs-vijay-nagar/info,"3,15,957",42,yes,no,no
Qairo,"Mediterranean, Italian","₹1,800 for two",1800,,agra,agra-cantt,quick_bite,0,0,0,2,high,,3709,yes,https://www.zomato.com/mysore/the-firangi-sutra-jayalakhsmipuram/info,"3,15,957",42,yes,no,no
Sidewalk Bakehouse & Cafe,"Beverages, Cafe, Coffee, Continental, Italian, Bakery, Healthy Food, Pasta","₹1,500 for two",1500,4.5,agra,agra-cantt,quick_bite,0,0,0,8,high,excellent,3709,yes,https://www.zomato.com/mysore/atmosphere-sharadadevi-nagar/info,"3,15,957",42,yes,no,no
Aahar,"North Indian, South Indian, Chinese, Bakery, Continental, Desserts, Beverages","₹1,200 for two",1200,4.2,agra,agra-cantt,quick_bite,0,0,0,7,high,excellent,3709,yes,https://www.zomato.com/mysore/hithie-the-gourmet-dining-vijay-nagar/info,"3,15,957",42,yes,no,no
Urban Deck,"Mexican, Italian, North Indian","₹2,600 for two",2600,4.1,agra,agra-cantt,quick_bite,0,0,0,3,high,excellent,3709,yes,https://www.zomato.com/mysore/gufha-restaurant-doora/info,"3,15,957",42,yes,no,no
The Saheb's Realm,"North Indian, Fast Food, Biryani, Mughlai, Italian, Rolls","₹2,400 for two",2400,,agra,sikandra,quick_bite,0,0,0,6,high,,3709,yes,https://www.zomato.com/mysore/aaina-vijay-nagar-2nd-stage/info,"3,15,957",42,yes,no,no
The Pama Kitchen,"North Indian, Biryani, Mughlai, Roast Chicken, Seafood",₹500 for two,500,3.5,agra,sikandra,quick_bite,0,0,0,5,high,good,3709,yes,https://www.zomato.com/mysore/the-old-house-chamrajpura/info,"3,15,957",42,yes,no,no
Citrus Cafe By Lemon Tree,"North Indian, Continental, Chinese, Fast Food, Desserts, Beverages","₹1,200 for two",1200,4.2,agra,sikandra,quick_bite,0,0,0,6,high,excellent,3709,yes,https://www.zomato.com/mysore/sapa-gokulam/info,"3,15,957",42,yes,no,no
Beep 2.0 Gastro Pub,"North Indian, Biryani, Oriental, Italian, Fast Food, Shake, Beverages","₹2,000 for two",2000,4.2,agra,sikandra,quick_bite,0,0,0,7,high,excellent,3709,yes,https://www.zomato.com/mysore/atmosphere-sharadadevi-nagar/info,"3,15,957",42,yes,no,no
The Escape,"Asian, Italian, Continental, Chinese, Thai, Seafood, Salad, Pasta","₹2,200 for two",2200,4.6,agra,sikandra,quick_bite,0,0,0,8,high,excellent,3709,yes,https://www.zomato.com/mysore/hithie-the-gourmet-dining-vijay-nagar/info,"3,15,957",42,yes,no,no
The Numberdaars,"Chinese, North Indian, Biryani, Mughlai, Kebab, Salad, Desserts, Beverages",₹800 for two,800,4.2,agra,sikandra,quick_bite,0,0,0,8,high,excellent,3709,yes,https://www.zomato.com/mysore/white-teak-coffee-roasters-gokulam/info,"3,15,957",42,yes,no,no
Berco's - If You Love Chinese,"Chinese, Momos, Thai, Seafood, Desserts, Sichuan",₹900 for two,900,4.1,agra,sikandra,quick_bite,0,0,0,6,high,excellent,3709,yes,https://www.zomato.com/mysore/gufha-restaurant-doora/info,"3,15,957",42,yes,no,no
City Dhaba,"North Indian, Street Food, Fast Food, South Indian, Shake",₹400 for two,400,4.2,agra,sikandra,quick_bite,0,0,0,5,medium,excellent,3709,yes,https://www.zomato.com/mysore/pegs-kegs-vijay-nagar/info,"3,15,957",42,yes,no,no
Sasural The Restro,"North Indian, Chinese, Momos, Fast Food, Pizza, Burger, Beverages",₹450 for two,450,4.4,agra,sikandra,quick_bite,0,0,0,7,medium,excellent,3709,yes,https://www.zomato.com/mysore/aaina-vijay-nagar-2nd-stage/info,"3,15,957",42,yes,no,no
Beep,"North Indian, Chinese, Continental, Pizza, Pasta","₹2,500 for two",2500,4.5,agra,civil-lines,quick_bite,0,0,0,5,high,excellent,3709,yes,https://www.zomato.com/mysore/the-firangi-sutra-jayalakhsmipuram/info,"3,15,957",42,yes,no,no
Incanto,"Continental, Mexican, Pizza, Sushi","₹1,500 for two",1500,4.8,agra,civil-lines,quick_bite,0,0,0,4,high,excellent,3709,yes,https://www.zomato.com/manali/the-lazy-dog-old-manali/info,"3,15,957",42,yes,no,no
Palm Burj,"North Indian, Chinese, Continental, Sushi, Sichuan, Beverages, Desserts","₹2,200 for two",2200,4.4,agra,civil-lines,quick_bite,0,0,0,7,high,excellent,3709,yes,https://www.zomato.com/manali/cafe-1986-tibetan-colony/info,"3,15,957",42,yes,no,no
Qairo,"Mediterranean, Italian","₹1,800 for two",1800,,agra,civil-lines,quick_bite,0,0,0,2,high,,3709,yes,https://www.zomato.com/manali/cafe-1947-tibetan-colony/info,"3,15,957",42,yes,no,no
My Bar Headquarters,"North Indian, Chinese, Bar Food, Italian, Desserts, Continental, Asian","₹1,200 for two",1200,4.5,agra,civil-lines,quick_bite,0,0,0,7,high,excellent,3709,yes,https://www.zomato.com/manali/the-johnsons-cafe-old-manali/info,"3,15,957",42,yes,no,no
Aahar,"North Indian, South Indian, Chinese, Bakery, Continental, Desserts, Beverages","₹1,200 for two",1200,4.2,agra,civil-lines,quick_bite,0,0,0,7,high,excellent,3709,yes,https://www.zomato.com/manali/glampview-resort-cafe-tibetan-colony/info,"3,15,957",42,yes,no,no
Karchi,"North Indian, Mughlai, Kebab, Biryani, Fast Food, Momos, Pizza, Roast Chicken","₹1,400 for two",1400,4.7,agra,civil-lines,quick_bite,0,0,0,8,high,excellent,3709,yes,https://www.zomato.com/manali/southern-souls-cafe-and-eatery-old-manali/info,"3,15,957",42,yes,no,no
Urban Deck,"Mexican, Italian, North Indian","₹2,600 for two",2600,4.1,agra,civil-lines,quick_bite,0,0,0,3,high,excellent,3709,yes,https://www.zomato.com/manali/the-corner-house-restaurant-bar-tibetan-colony/info,"3,15,957",42,yes,no,no
Berco's - If You Love Chinese,"Desserts, Tibetan, Sichuan, Thai, Momos, Seafood, Chinese, Asian","₹1,400 for two",1400,4.3,agra,civil-lines,quick_bite,0,0,0,8,high,excellent,3709,yes,https://www.zomato.com/manali/chopsticks-aleo/info,"3,15,957",42,yes,no,no
The Salt Cafe Kitchen & Bar,"North Indian, Continental, Chinese, Italian, Finger Food","₹2,000 for two",2000,4.9,agra,mantola,quick_bite,0,0,0,5,high,excellent,3709,yes,https://www.zomato.com/manali/rockys-cafe-2-old-manali/info,"3,15,957",42,yes,no,no
Beep,"North Indian, Chinese, Continental, Pizza, Pasta","₹2,500 for two",2500,4.5,agra,mantola,quick_bite,0,0,0,5,high,excellent,3709,yes,https://www.zomato.com/manali/the-lazy-dog-old-manali/info,"3,15,957",42,yes,no,no
Incanto,"Continental, Mexican, Pizza, Sushi","₹1,500 for two",1500,4.8,agra,mantola,quick_bite,0,0,0,4,high,excellent,3709,yes,https://www.zomato.com/manali/cafe-1986-tibetan-colony/info,"3,15,957",42,yes,no,no
Palm Burj,"North Indian, Chinese, Continental, Sushi, Sichuan, Beverages, Desserts","₹2,200 for two",2200,4.4,agra,mantola,quick_bite,0,0,0,7,high,excellent,3709,yes,https://www.zomato.com/manali/southern-souls-cafe-and-eatery-old-manali/info,"3,15,957",42,yes,no,no
The Nawaabs,"North Indian, Biryani, Kebab, Beverages","₹1,300 for two",1300,4.4,agra,mantola,quick_bite,0,0,0,4,high,excellent,3709,yes,https://www.zomato.com/manali/the-corner-house-restaurant-bar-tibetan-colony/info,"3,15,957",42,yes,no,no
Qairo,"Mediterranean, Italian","₹1,800 for two",1800,,agra,mantola,quick_bite,0,0,0,2,high,,3709,yes,https://www.zomato.com/manali/cafe-1947-tibetan-colony/info,"3,15,957",42,yes,no,no
My Bar Headquarters,"North Indian, Chinese, Bar Food, Italian, Desserts, Continental, Asian","₹1,200 for two",1200,4.5,agra,mantola,quick_bite,0,0,0,7,high,excellent,3709,yes,https://www.zomato.com/manali/chopsticks-aleo/info,"3,15,957",42,yes,no,no
Aahar,"North Indian, South Indian, Chinese, Bakery, Continental, Desserts, Beverages","₹1,200 for two",1200,4.2,agra,mantola,quick_bite,0,0,0,7,high,excellent,3709,yes,https://www.zomato.com/manali/the-johnsons-cafe-old-manali/info,"3,15,957",42,yes,no,no
Karchi,"North Indian, Mughlai, Kebab, Biryani, Fast Food, Momos, Pizza, Roast Chicken","₹1,400 for two",1400,4.7,agra,mantola,quick_bite,0,0,0,8,high,excellent,3709,yes,https://www.zomato.com/manali/rockys-cafe-2-old-manali/info,"3,15,957",42,yes,no,no
Kubaba,"Biryani, Mandi, Arabian","₹1,000 for two",1000,4.4,kochi,edappally,quick_bite,0,0,0,3,high,excellent,3709,yes,https://www.zomato.com/manali/glampview-resort-cafe-tibetan-colony/info,"3,15,957",42,yes,no,no
Kochi Kitchen - Kochi Marriott Hotel,"South Indian, Asian, North Indian, Continental, Fast Food, Beverages","₹2,500 for two",2500,4.6,kochi,edappally,quick_bite,0,0,0,6,high,excellent,3709,yes,https://www.zomato.com/manali/the-lazy-dog-old-manali/info,"3,15,957",42,yes,no,no
Roastown,"Asian, Italian, Burger, Pizza, Mediterranean, Grilled Chicken, Continental, British","₹2,100 for two",2100,4.7,kochi,edappally,quick_bite,0,0,0,8,high,excellent,3709,yes,https://www.zomato.com/manali/cafe-1986-tibetan-colony/info,"3,15,957",42,yes,no,no
Punjab Grill,"North Indian, Kebab, Biryani, Mughlai","₹1,700 for two",1700,4.4,kochi,edappally,quick_bite,0,0,0,4,high,excellent,3709,yes,https://www.zomato.com/manali/the-johnsons-cafe-old-manali/info,"3,15,957",42,yes,no,no
Paragon,"Kerala, South Indian, Continental, North Indian, Seafood, Chinese, Desserts, Beverages","₹1,100 for two",1100,4.5,kochi,edappally,quick_bite,0,0,0,8,high,excellent,3709,yes,https://www.zomato.com/manali/southern-souls-cafe-and-eatery-old-manali/info,"3,15,957",42,yes,no,no
Kyra,"Beverages, Mughlai, Desserts, Kebab, Italian, Middle Eastern, Mediterranean","₹2,600 for two",2600,,kochi,edappally,quick_bite,0,0,0,7,high,,3709,yes,https://www.zomato.com/manali/the-corner-house-restaurant-bar-tibetan-colony/info,"3,15,957",42,yes,no,no
Bektash,"Lebanese, Fast Food, Arabian, Turkish, Kebab",₹400 for two,400,4.3,kochi,edappally,quick_bite,0,0,0,5,medium,excellent,3709,yes,https://www.zomato.com/manali/chopsticks-aleo/info,"3,15,957",42,yes,no,no
Fress Trees Garden Cafe,"Continental, Pizza, Beverages, Asian, Burger, Kerala",₹600 for two,600,4.5,kochi,edappally,quick_bite,0,0,0,6,high,excellent,3709,yes,https://www.zomato.com/manali/dominos-pizza-aleo/info,"3,15,957",42,yes,no,no
Cassava - Kochi Marriott Hotel,"Kerala, South Indian, Desserts","₹2,600 for two",2600,4.9,kochi,edappally,quick_bite,0,0,0,3,high,excellent,3709,yes,https://www.zomato.com/manali/the-pahadi-cafe-aleo/info,"3,15,957",42,yes,no,no
Malabar Cafe - Grand Hyatt Kochi Bolgatty,"Kerala, North Indian, Desserts, Beverages","₹2,400 for two",2400,4.7,kochi,panampilly-nagar,quick_bite,0,0,0,4,high,excellent,3709,yes,https://www.zomato.com/manali/dana-coffee-house-german-bakery-tibetan-colony/info,"3,15,957",42,yes,no,no
Karthiyayini,"Seafood, Kerala",₹800 for two,800,4,kochi,panampilly-nagar,quick_bite,0,0,0,2,high,excellent,3709,yes,https://www.zomato.com/manali/the-lazy-dog-old-manali/info,"3,15,957",42,yes,no,no
Latest Recipe - Le Méridien Kochi,"Biryani, Continental, Chinese, Kerala, South Indian, North Indian, Beverages, Desserts","₹2,500 for two",2500,4.4,kochi,panampilly-nagar,quick_bite,0,0,0,8,high,excellent,3709,yes,https://www.zomato.com/manali/cafe-1986-tibetan-colony/info,"3,15,957",42,yes,no,no
Grand Pavillion By Grand Hotel,"North Indian, Kerala, Chinese, Continental","₹1,400 for two",1400,4.5,kochi,panampilly-nagar,quick_bite,0,0,0,4,high,excellent,3709,yes,https://www.zomato.com/manali/chopsticks-aleo/info,"3,15,957",42,yes,no,no
Kyra,"Beverages, Mughlai, Desserts, Kebab, Italian, Middle Eastern, Mediterranean","₹2,600 for two",2600,,kochi,panampilly-nagar,quick_bite,0,0,0,7,high,,3709,yes,https://www.zomato.com/manali/dominos-pizza-aleo/info,"3,15,957",42,yes,no,no
Restaurant Chef Pillai,"South Indian, Kerala","₹1,300 for two",1300,4.7,kochi,panampilly-nagar,quick_bite,0,0,0,2,high,excellent,3709,yes,https://www.zomato.com/manali/the-johnsons-cafe-old-manali/info,"3,15,957",42,yes,no,no
Punjab Grill,"North Indian, Kebab, Biryani, Mughlai","₹1,700 for two",1700,4.4,kochi,panampilly-nagar,quick_bite,0,0,0,4,high,excellent,3709,yes,https://www.zomato.com/manali/the-pahadi-cafe-aleo/info,"3,15,957",42,yes,no,no
Cafe De Bangkok,"Thai, Chinese, Japanese, Beverages","₹1,000 for two",1000,4.4,kochi,panampilly-nagar,quick_bite,0,0,0,4,high,excellent,3709,yes,https://www.zomato.com/manali/southern-souls-cafe-and-eatery-old-manali/info,"3,15,957",42,yes,no,no
Meen By Chef Pillai,"Kerala, Seafood, Desserts","₹1,000 for two",1000,4.4,kochi,panampilly-nagar,quick_bite,0,0,0,3,high,excellent,3709,yes,https://www.zomato.com/manali/dana-coffee-house-german-bakery-tibetan-colony/info,"3,15,957",42,yes,no,no
Malabar Cafe - Grand Hyatt Kochi Bolgatty,"Kerala, North Indian, Desserts, Beverages","₹2,400 for two",2400,4.7,kochi,kacheripady,quick_bite,0,0,0,4,high,excellent,3709,yes,https://www.zomato.com/manali/the-corner-house-restaurant-bar-tibetan-colony/info,"3,15,957",42,yes,no,no
Hotel Seagull,"Kerala, Seafood, Chinese, Biryani, Salad","₹1,000 for two",1000,4,kochi,kacheripady,quick_bite,0,0,0,5,high,excellent,3709,yes,https://www.zomato.com/manali/the-lazy-dog-old-manali/info,"3,15,957",42,yes,no,no
Roastown,"Asian, Italian, Burger, Pizza, Mediterranean, Grilled Chicken, Continental, British","₹2,100 for two",2100,4.7,kochi,kacheripady,quick_bite,0,0,0,8,high,excellent,3709,yes,https://www.zomato.com/manali/cafe-1986-tibetan-colony/info,"3,15,957",42,yes,no,no
Grand Pavillion By Grand Hotel,"North Indian, Kerala, Chinese, Continental","₹1,400 for two",1400,4.5,kochi,kacheripady,quick_bite,0,0,0,4,high,excellent,3709,yes,https://www.zomato.com/manali/cafe-1947-tibetan-colony/info,"3,15,957",42,yes,no,no
Kyra,"Beverages, Mughlai, Desserts, Kebab, Italian, Middle Eastern, Mediterranean","₹2,600 for two",2600,,kochi,kacheripady,quick_bite,0,0,0,7,high,,3709,yes,https://www.zomato.com/manali/the-johnsons-cafe-old-manali/info,"3,15,957",42,yes,no,no
Kashi Art Cafe,"Cafe, Coffee, Fast Food, Sandwich, European, Salad, Juices, Beverages","₹1,000 for two",1000,4.6,kochi,kacheripady,quick_bite,0,0,0,8,high,excellent,3709,yes,https://www.zomato.com/manali/glampview-resort-cafe-tibetan-colony/info,"3,15,957",42,yes,no,no
Cafe De Bangkok,"Thai, Chinese, Japanese, Beverages","₹1,000 for two",1000,4.4,kochi,kacheripady,quick_bite,0,0,0,4,high,excellent,3709,yes,https://www.zomato.com/manali/southern-souls-cafe-and-eatery-old-manali/info,"3,15,957",42,yes,no,no
Fress Trees Garden Cafe,"Continental, Pizza, Beverages, Asian, Burger, Kerala",₹600 for two,600,4.5,kochi,kacheripady,quick_bite,0,0,0,6,high,excellent,3709,yes,https://www.zomato.com/manali/the-corner-house-restaurant-bar-tibetan-colony/info,"3,15,957",42,yes,no,no
Fusion Bay,"Seafood, South Indian, Kerala, Desserts, Beverages","₹1,200 for two",1200,4.7,kochi,kacheripady,quick_bite,0,0,0,5,high,excellent,3709,yes,https://www.zomato.com/manali/chopsticks-aleo/info,"3,15,957",42,yes,no,no
Karthiyayini,"Seafood, Kerala",₹800 for two,800,4,kochi,vyttila,quick_bite,0,0,0,2,high,excellent,3709,yes,https://www.zomato.com/manali/dominos-pizza-aleo/info,"3,15,957",42,yes,no,no
Latest Recipe - Le Méridien Kochi,"Biryani, Continental, Chinese, Kerala, South Indian, North Indian, Beverages, Desserts","₹2,500 for two",2500,4.4,kochi,vyttila,quick_bite,0,0,0,8,high,excellent,3709,yes,https://www.zomato.com/manali/the-lazy-dog-old-manali/info,"3,15,957",42,yes,no,no
Grand Pavillion By Grand Hotel,"North Indian, Kerala, Chinese, Continental","₹1,400 for two",1400,4.5,kochi,vyttila,quick_bite,0,0,0,4,high,excellent,3709,yes,https://www.zomato.com/manali/cafe-1986-tibetan-colony/info,"3,15,957",42,yes,no,no
Kyra,"Beverages, Mughlai, Desserts, Kebab, Italian, Middle Eastern, Mediterranean","₹2,600 for two",2600,,kochi,vyttila,quick_bite,0,0,0,7,high,,3709,yes,https://www.zomato.com/manali/southern-souls-cafe-and-eatery-old-manali/info,"3,15,957",42,yes,no,no
Restaurant Chef Pillai,"South Indian, Kerala","₹1,300 for two",1300,4.7,kochi,vyttila,quick_bite,0,0,0,2,high,excellent,3709,yes,https://www.zomato.com/manali/the-corner-house-restaurant-bar-tibetan-colony/info,"3,15,957",42,yes,no,no
Punjab Grill,"North Indian, Kebab, Biryani, Mughlai","₹1,700 for two",1700,4.4,kochi,vyttila,quick_bite,0,0,0,4,high,excellent,3709,yes,https://www.zomato.com/manali/cafe-1947-tibetan-colony/info,"3,15,957",42,yes,no,no
Cafe De Bangkok,"Thai, Chinese, Japanese, Beverages","₹1,000 for two",1000,4.4,kochi,vyttila,quick_bite,0,0,0,4,high,excellent,3709,yes,https://www.zomato.com/manali/chopsticks-aleo/info,"3,15,957",42,yes,no,no
Meen By Chef Pillai,"Kerala, Seafood, Desserts","₹1,000 for two",1000,4.4,kochi,vyttila,quick_bite,0,0,0,3,high,excellent,3709,yes,https://www.zomato.com/manali/the-johnsons-cafe-old-manali/info,"3,15,957",42,yes,no,no
Mosaic By Crowne Plaza Kochi,"Kerala, Continental, North Indian, South Indian, Chinese, Italian, Desserts, Beverages","₹3,000 for two",3000,4.5,kochi,vyttila,quick_bite,0,0,0,8,high,excellent,3709,yes,https://www.zomato.com/manali/dominos-pizza-aleo/info,"3,15,957",42,yes,no,no
Malabar Cafe - Grand Hyatt Kochi Bolgatty,"Kerala, North Indian, Desserts, Beverages","₹2,400 for two",2400,4.7,kochi,fort-kochi,quick_bite,0,0,0,4,high,excellent,3709,yes,https://www.zomato.com/manali/glampview-resort-cafe-tibetan-colony/info,"3,15,957",42,yes,no,no
Hotel Seagull,"Kerala, Seafood, Chinese, Biryani, Salad","₹1,000 for two",1000,4,kochi,fort-kochi,quick_bite,0,0,0,5,high,excellent,3709,yes,https://www.zomato.com/mangalore/pickle-grain-attavar/info,"3,15,957",42,yes,no,no
Grand Pavillion By Grand Hotel,"North Indian, Kerala, Chinese, Continental","₹1,400 for two",1400,4.5,kochi,fort-kochi,quick_bite,0,0,0,4,high,excellent,3709,yes,https://www.zomato.com/mangalore/the-loft-1-attavar/info,"3,15,957",42,yes,no,no
Kashi Art Cafe,"Cafe, Coffee, Fast Food, Sandwich, European, Salad, Juices, Beverages","₹1,000 for two",1000,4.6,kochi,fort-kochi,quick_bite,0,0,0,8,high,excellent,3709,yes,https://www.zomato.com/mangalore/kni-hau-balmatta/info,"3,15,957",42,yes,no,no
Fusion Bay,"Seafood, South Indian, Kerala, Desserts, Beverages","₹1,200 for two",1200,4.7,kochi,fort-kochi,quick_bite,0,0,0,5,high,excellent,3709,yes,https://www.zomato.com/mangalore/kanara-kanteen-balmatta/info,"3,15,957",42,yes,no,no
Armoury Cafe - Brunton Boatyard,"Continental, Kerala, Seafood, International, North Indian, Alcoholic Beverages","₹2,800 for two",2800,4.5,kochi,fort-kochi,quick_bite,0,0,0,6,high,excellent,3709,yes,https://www.zomato.com/mangalore/pallkhi-restaurant-balmatta/info,"3,15,957",42,yes,no,no
French Toast,"French, Pancake, Sandwich, Desserts","₹1,200 for two",1200,4,kochi,fort-kochi,quick_bite,0,0,0,4,high,excellent,3709,yes,https://www.zomato.com/mangalore/naadu-kottara/info,"3,15,957",42,yes,no,no
Jetty,"North Indian, Mughlai, Kerala, Seafood, Bar Food, Beverages","₹1,500 for two",1500,4.6,kochi,fort-kochi,quick_bite,0,0,0,6,high,excellent,3709,yes,https://www.zomato.com/mangalore/capella-patisserie-kadri/info,"3,15,957",42,yes,no,no
Pandhal Café & Deli - David Hall,"Cafe, Coffee, Italian, Continental, Desserts, Beverages",₹850 for two,850,4.6,kochi,fort-kochi,quick_bite,0,0,0,6,high,excellent,3709,yes,https://www.zomato.com/mangalore/asian-house-the-ocean-pearl-kapikad/info,"3,15,957",42,yes,no,no
Kubaba,"Biryani, Mandi, Arabian","₹1,000 for two",1000,4.4,kochi,palarivattom,quick_bite,0,0,0,3,high,excellent,3709,yes,https://www.zomato.com/mangalore/buco-1-balmatta/info,"3,15,957",42,yes,no,no
Kochi Kitchen - Kochi Marriott Hotel,"South Indian, Asian, North Indian, Continental, Fast Food, Beverages","₹2,500 for two",2500,4.6,kochi,palarivattom,quick_bite,0,0,0,6,high,excellent,3709,yes,https://www.zomato.com/mangalore/pickle-grain-attavar/info,"3,15,957",42,yes,no,no
Roastown,"Asian, Italian, Burger, Pizza, Mediterranean, Grilled Chicken, Continental, British","₹2,100 for two",2100,4.7,kochi,palarivattom,quick_bite,0,0,0,8,high,excellent,3709,yes,https://www.zomato.com/mangalore/the-loft-1-attavar/info,"3,15,957",42,yes,no,no
Punjab Grill,"North Indian, Kebab, Biryani, Mughlai","₹1,700 for two",1700,4.4,kochi,palarivattom,quick_bite,0,0,0,4,high,excellent,3709,yes,https://www.zomato.com/mangalore/naadu-kottara/info,"3,15,957",42,yes,no,no
Paragon,"Kerala, South Indian, Continental, North Indian, Seafood, Chinese, Desserts, Beverages","₹1,100 for two",1100,4.5,kochi,palarivattom,quick_bite,0,0,0,8,high,excellent,3709,yes,https://www.zomato.com/mangalore/capella-patisserie-kadri/info,"3,15,957",42,yes,no,no
Grand Pavillion By Grand Hotel,"North Indian, Kerala, Chinese, Continental","₹1,400 for two",1400,4.5,kochi,palarivattom,quick_bite,0,0,0,4,high,excellent,3709,yes,https://www.zomato.com/mangalore/kni-hau-balmatta/info,"3,15,957",42,yes,no,no
Kyra,"Beverages, Mughlai, Desserts, Kebab, Italian, Middle Eastern, Mediterranean","₹2,600 for two",2600,,kochi,palarivattom,quick_bite,0,0,0,7,high,,3709,yes,https://www.zomato.com/mangalore/asian-house-the-ocean-pearl-kapikad/info,"3,15,957",42,yes,no,no
Cafe De Bangkok,"Thai, Chinese, Japanese, Beverages","₹1,000 for two",1000,4.4,kochi,palarivattom,quick_bite,0,0,0,4,high,excellent,3709,yes,https://www.zomato.com/mangalore/kanara-kanteen-balmatta/info,"3,15,957",42,yes,no,no
Fress Trees Garden Cafe,"Continental, Pizza, Beverages, Asian, Burger, Kerala",₹600 for two,600,4.5,kochi,palarivattom,quick_bite,0,0,0,6,high,excellent,3709,yes,https://www.zomato.com/mangalore/buco-1-balmatta/info,"3,15,957",42,yes,no,no
Kubaba,"Biryani, Mandi, Arabian","₹1,000 for two",1000,4.4,kochi,kakkanad,quick_bite,0,0,0,3,high,excellent,3709,yes,https://www.zomato.com/mangalore/pallkhi-restaurant-balmatta/info,"3,15,957",42,yes,no,no
Kochi Kitchen - Kochi Marriott Hotel,"South Indian, Asian, North Indian, Continental, Fast Food, Beverages","₹2,500 for two",2500,4.6,kochi,kakkanad,quick_bite,0,0,0,6,high,excellent,3709,yes,https://www.zomato.com/mangalore/pickle-grain-attavar/info,"3,15,957",42,yes,no,no
Roastown,"Asian, Italian, Burger, Pizza, Mediterranean, Grilled Chicken, Continental, British","₹2,100 for two",2100,4.7,kochi,kakkanad,quick_bite,0,0,0,8,high,excellent,3709,yes,https://www.zomato.com/mangalore/the-loft-1-attavar/info,"3,15,957",42,yes,no,no
Punjab Grill,"North Indian, Kebab, Biryani, Mughlai","₹1,700 for two",1700,4.4,kochi,kakkanad,quick_bite,0,0,0,4,high,excellent,3709,yes,https://www.zomato.com/mangalore/kni-hau-balmatta/info,"3,15,957",42,yes,no,no
Paragon,"Kerala, South Indian, Continental, North Indian, Seafood, Chinese, Desserts, Beverages","₹1,100 for two",1100,4.5,kochi,kakkanad,quick_bite,0,0,0,8,high,excellent,3709,yes,https://www.zomato.com/mangalore/kanara-kanteen-balmatta/info,"3,15,957",42,yes,no,no
Kyra,"Beverages, Mughlai, Desserts, Kebab, Italian, Middle Eastern, Mediterranean","₹2,600 for two",2600,,kochi,kakkanad,quick_bite,0,0,0,7,high,,3709,yes,https://www.zomato.com/mangalore/pallkhi-restaurant-balmatta/info,"3,15,957",42,yes,no,no
Fress Trees Garden Cafe,"Continental, Pizza, Beverages, Asian, Burger, Kerala",₹600 for two,600,4.5,kochi,kakkanad,quick_bite,0,0,0,6,high,excellent,3709,yes,https://www.zomato.com/mangalore/naadu-kottara/info,"3,15,957",42,yes,no,no
Cassava - Kochi Marriott Hotel,"Kerala, South Indian, Desserts","₹2,600 for two",2600,4.9,kochi,kakkanad,quick_bite,0,0,0,3,high,excellent,3709,yes,https://www.zomato.com/mangalore/capella-patisserie-kadri/info,"3,15,957",42,yes,no,no
The Square - Novotel Kochi Infopark,"North Indian, Salad, Fast Food, Continental, Asian, Chettinad, Mediterranean, Kerala","₹3,000 for two",3000,4,kochi,kakkanad,quick_bite,0,0,0,8,high,excellent,3709,yes,https://www.zomato.com/mangalore/asian-house-the-ocean-pearl-kapikad/info,"3,15,957",42,yes,no,no
Malabar Cafe - Grand Hyatt Kochi Bolgatty,"Kerala, North Indian, Desserts, Beverages","₹2,400 for two",2400,4.7,kochi,mg-road,quick_bite,0,0,0,4,high,excellent,3709,yes,https://www.zomato.com/mangalore/buco-1-balmatta/info,"3,15,957",42,yes,no,no
Hotel Seagull,"Kerala, Seafood, Chinese, Biryani, Salad","₹1,000 for two",1000,4,kochi,mg-road,quick_bite,0,0,0,5,high,excellent,3709,yes,https://www.zomato.com/mangalore/pickle-grain-attavar/info,"3,15,957",42,yes,no,no
Grand Pavillion By Grand Hotel,"North Indian, Kerala, Chinese, Continental","₹1,400 for two",1400,4.5,kochi,mg-road,quick_bite,0,0,0,4,high,excellent,3709,yes,https://www.zomato.com/mangalore/the-loft-1-attavar/info,"3,15,957",42,yes,no,no
Kyra,"Beverages, Mughlai, Desserts, Kebab, Italian, Middle Eastern, Mediterranean","₹2,600 for two",2600,,kochi,mg-road,quick_bite,0,0,0,7,high,,3709,yes,https://www.zomato.com/mangalore/naadu-kottara/info,"3,15,957",42,yes,no,no
Kashi Art Cafe,"Cafe, Coffee, Fast Food, Sandwich, European, Salad, Juices, Beverages","₹1,000 for two",1000,4.6,kochi,mg-road,quick_bite,0,0,0,8,high,excellent,3709,yes,https://www.zomato.com/mangalore/capella-patisserie-kadri/info,"3,15,957",42,yes,no,no
Cafe De Bangkok,"Thai, Chinese, Japanese, Beverages","₹1,000 for two",1000,4.4,kochi,mg-road,quick_bite,0,0,0,4,high,excellent,3709,yes,https://www.zomato.com/mangalore/kni-hau-balmatta/info,"3,15,957",42,yes,no,no
Fusion Bay,"Seafood, South Indian, Kerala, Desserts, Beverages","₹1,200 for two",1200,4.7,kochi,mg-road,quick_bite,0,0,0,5,high,excellent,3709,yes,https://www.zomato.com/mangalore/asian-house-the-ocean-pearl-kapikad/info,"3,15,957",42,yes,no,no
Armoury Cafe - Brunton Boatyard,"Continental, Kerala, Seafood, International, North Indian, Alcoholic Beverages","₹2,800 for two",2800,4.5,kochi,mg-road,quick_bite,0,0,0,6,high,excellent,3709,yes,https://www.zomato.com/mangalore/kanara-kanteen-balmatta/info,"3,15,957",42,yes,no,no
French Toast,"French, Pancake, Sandwich, Desserts","₹1,200 for two",1200,4,kochi,mg-road,quick_bite,0,0,0,4,high,excellent,3709,yes,https://www.zomato.com/mangalore/buco-1-balmatta/info,"3,15,957",42,yes,no,no
Dishaayen Pure Veg,"South Indian, North Indian, Tea, Juices, Coffee, Indian",₹500 for two,500,,jamshedpur,telco-colony,quick_bite,1,0,0,6,high,,3709,yes,https://www.zomato.com/mangalore/pallkhi-restaurant-balmatta/info,"3,15,957",42,yes,no,no
Riverview Multicuisine Restro,"North Indian, South Indian, Biryani, Chinese, Seafood, Momos, Fast Food",₹400 for two,400,3.8,jamshedpur,telco-colony,quick_bite,0,0,0,7,medium,good,3709,yes,https://www.zomato.com/mangalore/pickle-grain-attavar/info,"3,15,957",42,yes,no,no
The Star Beans,"Sandwich, Cafe, Chinese, Burger, Pizza, Shake, Beverages",₹600 for two,600,,jamshedpur,telco-colony,quick_bite,0,0,0,7,high,,3709,yes,https://www.zomato.com/mangalore/the-loft-1-attavar/info,"3,15,957",42,yes,no,no
Riverview Multicuisine Restro,"North Indian, South Indian, Chinese, Sandwich, Seafood, Fast Food, Street Food, Shake",₹450 for two,450,,jamshedpur,telco-colony,quick_bite,0,0,0,8,medium,,3709,yes,https://www.zomato.com/mangalore/kni-hau-balmatta/info,"3,15,957",42,yes,no,no
Shake Shook Cafe,Beverages,₹300 for two,300,3.9,jamshedpur,telco-colony,quick_bite,0,0,0,1,medium,good,3709,yes,https://www.zomato.com/mangalore/kanara-kanteen-balmatta/info,"3,15,957",42,yes,no,no
Quest Regency,"North Indian, Chinese, South Indian, Continental, Desserts, Beverages",₹400 for two,400,3.7,jamshedpur,telco-colony,quick_bite,0,0,0,6,medium,good,3709,yes,https://www.zomato.com/mangalore/pallkhi-restaurant-balmatta/info,"3,15,957",42,yes,no,no
The Satkar Hotel,"South Indian, North Indian, Chinese, Biryani",₹300 for two,300,4.2,jamshedpur,telco-colony,quick_bite,0,0,0,4,medium,excellent,3709,yes,https://www.zomato.com/mangalore/naadu-kottara/info,"3,15,957",42,yes,no,no
Sher-E-Punjab,"North Indian, Mughlai, Chinese, South Indian, Biryani",₹400 for two,400,3.9,jamshedpur,telco-colony,quick_bite,0,0,0,5,medium,good,3709,yes,https://www.zomato.com/mangalore/capella-patisserie-kadri/info,"3,15,957",42,yes,no,no
Zing,"Chinese, North Indian",₹750 for two,750,4.2,jamshedpur,telco-colony,quick_bite,0,0,0,2,high,excellent,3709,yes,https://www.zomato.com/mangalore/asian-house-the-ocean-pearl-kapikad/info,"3,15,957",42,yes,no,no
MOCHA CAFE & BAR,"Chinese, Pizza, Burger, Sandwich, Desserts, Shake, Coffee, Beverages","₹1,200 for two",1200,4.5,jamshedpur,golmuri,quick_bite,0,0,0,8,high,excellent,3709,yes,https://www.zomato.com/mangalore/buco-1-balmatta/info,"3,15,957",42,yes,no,no
Moon Brewery And Restaurant,"Biryani, Asian, North Indian, Alcoholic Beverages, Kebab, Chinese, Continental, International","₹1,500 for two",1500,4.8,jamshedpur,golmuri,quick_bite,0,0,0,8,high,excellent,3709,yes,https://www.zomato.com/mangalore/pickle-grain-attavar/info,"3,15,957",42,yes,no,no
Guild 45,"North Indian, Bar Food, Chinese, Asian, Fast Food, Desserts, Alcoholic Beverages, International","₹1,600 for two",1600,4.6,jamshedpur,golmuri,quick_bite,0,0,0,8,high,excellent,3709,yes,https://www.zomato.com/mangalore/the-loft-1-attavar/info,"3,15,957",42,yes,no,no
Aurous Restro Lounge,"North Indian, Chinese, Fast Food, Seafood, Mughlai",₹600 for two,600,4.3,jamshedpur,golmuri,quick_bite,0,0,0,5,high,excellent,3709,yes,https://www.zomato.com/mangalore/naadu-kottara/info,"3,15,957",42,yes,no,no
Pizza Hut,"Pizza, Fast Food, Desserts, Beverages",₹300 for two,300,4.1,jamshedpur,golmuri,quick_bite,0,0,0,4,medium,excellent,3709,yes,https://www.zomato.com/mangalore/capella-patisserie-kadri/info,"3,15,957",42,yes,no,no
Haridra - By DeHamray,"North Indian, Italian, Japanese, Continental, Asian, Biryani, Modern Indian, Lucknowi","₹1,500 for two",1500,4.6,jamshedpur,golmuri,quick_bite,0,0,0,8,high,excellent,3709,yes,https://www.zomato.com/mangalore/kni-hau-balmatta/info,"3,15,957",42,yes,no,no
Hasapi,"Continental, North Indian, Chinese, Sushi, Seafood, Rolls","₹1,000 for two",1000,4.5,jamshedpur,golmuri,quick_bite,0,0,0,6,high,excellent,3709,yes,https://www.zomato.com/mangalore/asian-house-the-ocean-pearl-kapikad/info,"3,15,957",42,yes,no,no
Kadhi Patta - Pure Veg Restaurant,"North Indian, South Indian",₹800 for two,800,4.5,jamshedpur,golmuri,quick_bite,1,0,0,2,high,excellent,3709,yes,https://www.zomato.com/mangalore/kanara-kanteen-balmatta/info,"3,15,957",42,yes,no,no
Barbeque Nation,"North Indian, BBQ, Kebab, Biryani","₹1,800 for two",1800,4.5,jamshedpur,golmuri,quick_bite,0,0,0,4,high,excellent,3709,yes,https://www.zomato.com/mangalore/buco-1-balmatta/info,"3,15,957",42,yes,no,no
MOCHA CAFE & BAR,"Chinese, Pizza, Burger, Sandwich, Desserts, Shake, Coffee, Beverages","₹1,200 for two",1200,4.5,jamshedpur,sakchi,quick_bite,0,0,0,8,high,excellent,3709,yes,https://www.zomato.com/mangalore/pallkhi-restaurant-balmatta/info,"3,15,957",42,yes,no,no
Moon Brewery And Restaurant,"Biryani, Asian, North Indian, Alcoholic Beverages, Kebab, Chinese, Continental, International","₹1,500 for two",1500,4.8,jamshedpur,sakchi,quick_bite,0,0,0,8,high,excellent,3709,yes,https://www.zomato.com/mangalore/pickle-grain-attavar/info,"3,15,957",42,yes,no,no
Guild 45,"North Indian, Bar Food, Chinese, Asian, Fast Food, Desserts, Alcoholic Beverages, International","₹1,600 for two",1600,4.6,jamshedpur,sakchi,quick_bite,0,0,0,8,high,excellent,3709,yes,https://www.zomato.com/mangalore/the-loft-1-attavar/info,"3,15,957",42,yes,no,no
Aurous Restro Lounge,"North Indian, Chinese, Fast Food, Seafood, Mughlai",₹600 for two,600,4.3,jamshedpur,sakchi,quick_bite,0,0,0,5,high,excellent,3709,yes,https://www.zomato.com/mangalore/kni-hau-balmatta/info,"3,15,957",42,yes,no,no
Pizza Hut,"Pizza, Fast Food, Desserts, Beverages",₹300 for two,300,4.1,jamshedpur,sakchi,quick_bite,0,0,0,4,medium,excellent,3709,yes,https://www.zomato.com/mangalore/kanara-kanteen-balmatta/info,"3,15,957",42,yes,no,no
Haridra - By DeHamray,"North Indian, Italian, Japanese, Continental, Asian, Biryani, Modern Indian, Lucknowi","₹1,500 for two",1500,4.6,jamshedpur,sakchi,quick_bite,0,0,0,8,high,excellent,3709,yes,https://www.zomato.com/mangalore/pallkhi-restaurant-balmatta/info,"3,15,957",42,yes,no,no
Hasapi,"Continental, North Indian, Chinese, Sushi, Seafood, Rolls","₹1,000 for two",1000,4.5,jamshedpur,sakchi,quick_bite,0,0,0,6,high,excellent,3709,yes,https://www.zomato.com/mangalore/naadu-kottara/info,"3,15,957",42,yes,no,no
Kadhi Patta - Pure Veg Restaurant,"North Indian, South Indian",₹800 for two,800,4.5,jamshedpur,sakchi,quick_bite,1,0,0,2,high,excellent,3709,yes,https://www.zomato.com/mangalore/capella-patisserie-kadri/info,"3,15,957",42,yes,no,no
Barbeque Nation,"North Indian, BBQ, Kebab, Biryani","₹1,800 for two",1800,4.5,jamshedpur,sakchi,quick_bite,0,0,0,4,high,excellent,3709,yes,https://www.zomato.com/mangalore/asian-house-the-ocean-pearl-kapikad/info,"3,15,957",42,yes,no,no
MOCHA CAFE & BAR,"Chinese, Pizza, Burger, Sandwich, Desserts, Shake, Coffee, Beverages","₹1,200 for two",1200,4.5,jamshedpur,bistupur,quick_bite,0,0,0,8,high,excellent,3709,yes,https://www.zomato.com/mangalore/buco-1-balmatta/info,"3,15,957",42,yes,no,no
Moon Brewery And Restaurant,"Biryani, Asian, North Indian, Alcoholic Beverages, Kebab, Chinese, Continental, International","₹1,500 for two",1500,4.8,jamshedpur,bistupur,quick_bite,0,0,0,8,high,excellent,3709,yes,https://www.zomato.com/mangalore/pickle-grain-attavar/info,"3,15,957",42,yes,no,no
Guild 45,"North Indian, Bar Food, Chinese, Asian, Fast Food, Desserts, Alcoholic Beverages, International","₹1,600 for two",1600,4.6,jamshedpur,bistupur,quick_bite,0,0,0,8,high,excellent,3709,yes,https://www.zomato.com/mangalore/the-loft-1-attavar/info,"3,15,957",42,yes,no,no
Aurous Restro Lounge,"North Indian, Chinese, Fast Food, Seafood, Mughlai",₹600 for two,600,4.3,jamshedpur,bistupur,quick_bite,0,0,0,5,high,excellent,3709,yes,https://www.zomato.com/mangalore/naadu-kottara/info,"3,15,957",42,yes,no,no
Pizza Hut,"Pizza, Fast Food, Desserts, Beverages",₹300 for two,300,4.1,jamshedpur,bistupur,quick_bite,0,0,0,4,medium,excellent,3709,yes,https://www.zomato.com/mangalore/capella-patisserie-kadri/info,"3,15,957",42,yes,no,no
Haridra - By DeHamray,"North Indian, Italian, Japanese, Continental, Asian, Biryani, Modern Indian, Lucknowi","₹1,500 for two",1500,4.6,jamshedpur,bistupur,quick_bite,0,0,0,8,high,excellent,3709,yes,https://www.zomato.com/mangalore/kni-hau-balmatta/info,"3,15,957",42,yes,no,no
Hasapi,"Continental, North Indian, Chinese, Sushi, Seafood, Rolls","₹1,000 for two",1000,4.5,jamshedpur,bistupur,quick_bite,0,0,0,6,high,excellent,3709,yes,https://www.zomato.com/mangalore/asian-house-the-ocean-pearl-kapikad/info,"3,15,957",42,yes,no,no
Kadhi Patta - Pure Veg Restaurant,"North Indian, South Indian",₹800 for two,800,4.5,jamshedpur,bistupur,quick_bite,1,0,0,2,high,excellent,3709,yes,https://www.zomato.com/mangalore/kanara-kanteen-balmatta/info,"3,15,957",42,yes,no,no
Barbeque Nation,"North Indian, BBQ, Kebab, Biryani","₹1,800 for two",1800,4.5,jamshedpur,bistupur,quick_bite,0,0,0,4,high,excellent,3709,yes,https://www.zomato.com/mangalore/buco-1-balmatta/info,"3,15,957",42,yes,no,no
Berojgar Biryani Dhaba,"Bihari, Biryani",₹250 for two,250,,jamshedpur,gamharia,quick_bite,0,0,0,2,medium,,3709,yes,https://www.zomato.com/mangalore/pallkhi-restaurant-balmatta/info,"3,15,957",42,yes,no,no
Pearl Delight,"North Indian, Biryani, Chinese, South Indian, Fast Food, Street Food, Beverages",₹500 for two,500,3.4,jamshedpur,gamharia,quick_bite,0,0,0,7,high,good,3709,yes,https://www.zomato.com/mangalore/pickle-grain-attavar/info,"3,15,957",42,yes,no,no
Kolkata Umpire Biryani,Biryani,₹200 for two,200,3.5,jamshedpur,gamharia,quick_bite,0,0,0,1,medium,good,3709,yes,https://www.zomato.com/mangalore/the-loft-1-attavar/info,"3,15,957",42,yes,no,no
M Momos Point,Momos,₹200 for two,200,,jamshedpur,gamharia,quick_bite,0,0,0,1,medium,,3709,yes,https://www.zomato.com/mangalore/kni-hau-balmatta/info,"3,15,957",42,yes,no,no
Cloud 245,"Chinese, Kebab, North Indian, Mughlai, Biryani, Desserts, Shake, Beverages",₹800 for two,800,3.5,jamshedpur,gamharia,quick_bite,0,0,0,8,high,good,3709,yes,https://www.zomato.com/mangalore/kanara-kanteen-balmatta/info,"3,15,957",42,yes,no,no
Motel Madhuban,"Chinese, North Indian, Mughlai, Ice Cream, Beverages, Sichuan",₹650 for two,650,3.8,jamshedpur,gamharia,quick_bite,0,0,0,6,high,good,3709,yes,https://www.zomato.com/mangalore/pallkhi-restaurant-balmatta/info,"3,15,957",42,yes,no,no
Dolphin Restaurant,"North Indian, Chinese, Shake",₹400 for two,400,4.2,jamshedpur,gamharia,quick_bite,0,0,0,3,medium,excellent,3709,yes,https://www.zomato.com/mangalore/naadu-kottara/info,"3,15,957",42,yes,no,no
Anna's Kitchen,"South Indian, North Indian, Chinese",₹500 for two,500,4.1,jamshedpur,gamharia,quick_bite,0,0,0,3,high,excellent,3709,yes,https://www.zomato.com/mangalore/capella-patisserie-kadri/info,"3,15,957",42,yes,no,no
Domino's Pizza,"Pizza, Italian, Pasta, Fast Food, Desserts",₹400 for two,400,3.8,jamshedpur,gamharia,quick_bite,0,0,0,5,medium,good,3709,yes,https://www.zomato.com/mangalore/asian-house-the-ocean-pearl-kapikad/info,"3,15,957",42,yes,no,no
MOCHA CAFE & BAR,"Chinese, Pizza, Burger, Sandwich, Desserts, Shake, Coffee, Beverages","₹1,200 for two",1200,4.5,jamshedpur,sonari,quick_bite,0,0,0,8,high,excellent,3709,yes,https://www.zomato.com/mangalore/buco-1-balmatta/info,"3,15,957",42,yes,no,no
Moon Brewery And Restaurant,"Biryani, Asian, North Indian, Alcoholic Beverages, Kebab, Chinese, Continental, International","₹1,500 for two",1500,4.8,jamshedpur,sonari,quick_bite,0,0,0,8,high,excellent,3709,yes,https://www.zomato.com/mangalore/pickle-grain-attavar/info,"3,15,957",42,yes,no,no
Guild 45,"North Indian, Bar Food, Chinese, Asian, Fast Food, Desserts, Alcoholic Beverages, International","₹1,600 for two",1600,4.6,jamshedpur,sonari,quick_bite,0,0,0,8,high,excellent,3709,yes,https://www.zomato.com/mangalore/the-loft-1-attavar/info,"3,15,957",42,yes,no,no
Aurous Restro Lounge,"North Indian, Chinese, Fast Food, Seafood, Mughlai",₹600 for two,600,4.3,jamshedpur,sonari,quick_bite,0,0,0,5,high,excellent,3709,yes,https://www.zomato.com/mangalore/naadu-kottara/info,"3,15,957",42,yes,no,no
Pizza Hut,"Pizza, Fast Food, Desserts, Beverages",₹300 for two,300,4.1,jamshedpur,sonari,quick_bite,0,0,0,4,medium,excellent,3709,yes,https://www.zomato.com/mangalore/capella-patisserie-kadri/info,"3,15,957",42,yes,no,no
Haridra - By DeHamray,"North Indian, Italian, Japanese, Continental, Asian, Biryani, Modern Indian, Lucknowi","₹1,500 for two",1500,4.6,jamshedpur,sonari,quick_bite,0,0,0,8,high,excellent,3709,yes,https://www.zomato.com/mangalore/kni-hau-balmatta/info,"3,15,957",42,yes,no,no
Hasapi,"Continental, North Indian, Chinese, Sushi, Seafood, Rolls","₹1,000 for two",1000,4.5,jamshedpur,sonari,quick_bite,0,0,0,6,high,excellent,3709,yes,https://www.zomato.com/mangalore/asian-house-the-ocean-pearl-kapikad/info,"3,15,957",42,yes,no,no
Kadhi Patta - Pure Veg Restaurant,"North Indian, South Indian",₹800 for two,800,4.5,jamshedpur,sonari,quick_bite,1,0,0,2,high,excellent,3709,yes,https://www.zomato.com/mangalore/kanara-kanteen-balmatta/info,"3,15,957",42,yes,no,no
Barbeque Nation,"North Indian, BBQ, Kebab, Biryani","₹1,800 for two",1800,4.5,jamshedpur,sonari,quick_bite,0,0,0,4,high,excellent,3709,yes,https://www.zomato.com/mangalore/buco-1-balmatta/info,"3,15,957",42,yes,no,no
Pizza Hut,"Pizza, Fast Food, Desserts, Beverages",₹300 for two,300,4.1,jamshedpur,mango,quick_bite,0,0,0,4,medium,excellent,3709,yes,https://www.zomato.com/mangalore/pallkhi-restaurant-balmatta/info,"3,15,957",42,yes,no,no
Haridra - By DeHamray,"North Indian, Italian, Japanese, Continental, Asian, Biryani, Modern Indian, Lucknowi","₹1,500 for two",1500,4.6,jamshedpur,mango,quick_bite,0,0,0,8,high,excellent,3709,yes,https://www.zomato.com/mangalore/pickle-grain-attavar/info,"3,15,957",42,yes,no,no
Hasapi,"Continental, North Indian, Chinese, Sushi, Seafood, Rolls","₹1,000 for two",1000,4.5,jamshedpur,mango,quick_bite,0,0,0,6,high,excellent,3709,yes,https://www.zomato.com/mangalore/the-loft-1-attavar/info,"3,15,957",42,yes,no,no
Meraki by The Wave International Resort,"North Indian, Asian, Healthy Food, Seafood, Mexican, Fast Food, Chinese, Continental","₹2,000 for two",2000,4.4,jamshedpur,mango,quick_bite,0,0,0,8,high,excellent,3709,yes,https://www.zomato.com/mangalore/kni-hau-balmatta/info,"3,15,957",42,yes,no,no
Kadhi Patta - Pure Veg Restaurant,"North Indian, South Indian",₹800 for two,800,4.5,jamshedpur,mango,quick_bite,1,0,0,2,high,excellent,3709,yes,https://www.zomato.com/mangalore/kanara-kanteen-balmatta/info,"3,15,957",42,yes,no,no
Dishaayen Pure Veg,"South Indian, North Indian, Tea, Juices, Coffee, Indian",₹500 for two,500,,jamshedpur,mango,quick_bite,1,0,0,6,high,,3709,yes,https://www.zomato.com/mangalore/pallkhi-restaurant-balmatta/info,"3,15,957",42,yes,no,no
Domino's Pizza,"Pizza, Italian, Pasta, Fast Food, Desserts",₹400 for two,400,4.1,jamshedpur,mango,quick_bite,0,0,0,5,medium,excellent,3709,yes,https://www.zomato.com/mangalore/capella-patisserie-kadri/info,"3,15,957",42,yes,no,no
Cava - By Hotel Ganga Regency,"North Indian, Chinese, Continental, Sushi, Asian, Biryani, Kebab, Japanese",₹700 for two,700,4.2,jamshedpur,mango,quick_bite,0,0,0,8,high,excellent,3709,yes,https://www.zomato.com/mangalore/buco-1-balmatta/info,"3,15,957",42,yes,no,no
Pizza 99,"Pizza, Rolls, Sandwich, Desserts, Beverages",₹250 for two,250,3.9,jamshedpur,mango,quick_bite,0,0,0,5,medium,good,3709,yes,https://www.zomato.com/mangalore/the-stairway-bakery-cafe-attavar/info,"3,15,957",42,yes,no,no
Pizza Hut,"Pizza, Fast Food, Desserts, Beverages",₹300 for two,300,4.1,jamshedpur,birsanagar,quick_bite,0,0,0,4,medium,excellent,3709,yes,https://www.zomato.com/mangalore/sanadige-goldfinch-hotel-balmatta/info,"3,15,957",42,yes,no,no
Haridra - By DeHamray,"North Indian, Italian, Japanese, Continental, Asian, Biryani, Modern Indian, Lucknowi","₹1,500 for two",1500,4.6,jamshedpur,birsanagar,quick_bite,0,0,0,8,high,excellent,3709,yes,https://www.zomato.com/mangalore/pickle-grain-attavar/info,"3,15,957",42,yes,no,no
Hasapi,"Continental, North Indian, Chinese, Sushi, Seafood, Rolls","₹1,000 for two",1000,4.5,jamshedpur,birsanagar,quick_bite,0,0,0,6,high,excellent,3709,yes,https://www.zomato.com/mangalore/the-loft-1-attavar/info,"3,15,957",42,yes,no,no
Kadhi Patta - Pure Veg Restaurant,"North Indian, South Indian",₹800 for two,800,4.5,jamshedpur,birsanagar,quick_bite,1,0,0,2,high,excellent,3709,yes,https://www.zomato.com/mangalore/capella-patisserie-kadri/info,"3,15,957",42,yes,no,no
Dishaayen Pure Veg,"South Indian, North Indian, Tea, Juices, Coffee, Indian",₹500 for two,500,,jamshedpur,birsanagar,quick_bite,1,0,0,6,high,,3709,yes,https://www.zomato.com/mangalore/buco-1-balmatta/info,"3,15,957",42,yes,no,no
Cava - By Hotel Ganga Regency,"North Indian, Chinese, Continental, Sushi, Asian, Biryani, Kebab, Japanese",₹700 for two,700,4.2,jamshedpur,birsanagar,quick_bite,0,0,0,8,high,excellent,3709,yes,https://www.zomato.com/mangalore/kni-hau-balmatta/info,"3,15,957",42,yes,no,no
Pizza 99,"Pizza, Rolls, Sandwich, Desserts, Beverages",₹250 for two,250,3.9,jamshedpur,birsanagar,quick_bite,0,0,0,5,medium,good,3709,yes,https://www.zomato.com/mangalore/the-stairway-bakery-cafe-attavar/info,"3,15,957",42,yes,no,no
The Combo House,"North Indian, Chinese",₹450 for two,450,4.5,jamshedpur,birsanagar,quick_bite,0,0,0,2,medium,excellent,3709,yes,https://www.zomato.com/mangalore/kanara-kanteen-balmatta/info,"3,15,957",42,yes,no,no
Riverview Multicuisine Restro,"North Indian, South Indian, Biryani, Chinese, Seafood, Momos, Fast Food",₹400 for two,400,3.8,jamshedpur,birsanagar,quick_bite,0,0,0,7,medium,good,3709,yes,https://www.zomato.com/mangalore/sanadige-goldfinch-hotel-balmatta/info,"62,00,000",18,yes,no,no
,,,,,,,,,,,,,,,yes,https://www.zomato.com/mangalore/pallkhi-restaurant-balmatta/info,"62,00,000",18,yes,no,no
,,,,,,,,,,,,,,,yes,https://www.zomato.com/mangalore/pickle-grain-attavar/info,"62,00,000",18,yes,no,no
,,,,,,,,,,,,,,,yes,https://www.zomato.com/mangalore/the-loft-1-attavar/info,"62,00,000",18,yes,no,no
,,,,,,,,,,,,,,,yes,https://www.zomato.com/mangalore/kni-hau-balmatta/info,"62,00,000",18,yes,no,no
,,,,,,,,,,,,,,,yes,https://www.zomato.com/mangalore/kanara-kanteen-balmatta/info,"62,00,000",18,yes,no,no
,,,,,,,,,,,,,,,yes,https://www.zomato.com/mangalore/pallkhi-restaurant-balmatta/info,"62,00,000",18,yes,no,no
,,,,,,,,,,,,,,,yes,https://www.zomato.com/mangalore/naadu-kottara/info,"62,00,000",18,yes,no,no
,,,,,,,,,,,,,,,yes,https://www.zomato.com/mangalore/capella-patisserie-kadri/info,"62,00,000",18,yes,no,no
,,,,,,,,,,,,,,,yes,https://www.zomato.com/mangalore/asian-house-the-ocean-pearl-kapikad/info,"62,00,000",18,yes,no,no
,,,,,,,,,,,,,,,yes,https://www.zomato.com/mangalore/buco-1-balmatta/info,"62,00,000",18,yes,no,no
,,,,,,,,,,,,,,,yes,https://www.zomato.com/mangalore/pickle-grain-attavar/info,"62,00,000",18,yes,no,no
,,,,,,,,,,,,,,,yes,https://www.zomato.com/mangalore/the-loft-1-attavar/info,"62,00,000",18,yes,no,no
,,,,,,,,,,,,,,,yes,https://www.zomato.com/mangalore/naadu-kottara/info,"62,00,000",18,yes,no,no
,,,,,,,,,,,,,,,yes,https://www.zomato.com/mangalore/capella-patisserie-kadri/info,"62,00,000",18,yes,no,no
,,,,,,,,,,,,,,,yes,https://www.zomato.com/mangalore/kni-hau-balmatta/info,"62,00,000",18,yes,no,no
,,,,,,,,,,,,,,,yes,https://www.zomato.com/mangalore/asian-house-the-ocean-pearl-kapikad/info,"62,00,000",18,yes,no,no
,,,,,,,,,,,,,,,yes,https://www.zomato.com/mangalore/kanara-kanteen-balmatta/info,"62,00,000",18,yes,no,no
,,,,,,,,,,,,,,,yes,https://www.zomato.com/mangalore/buco-1-balmatta/info,"62,00,000",18,yes,no,no
,,,,,,,,,,,,,,,yes,https://www.zomato.com/mangalore/pallkhi-restaurant-balmatta/info,"62,00,000",18,yes,no,no
,,,,,,,,,,,,,,,yes,https://www.zomato.com/mangalore/pickle-grain-attavar/info,"62,00,000",18,yes,no,no
,,,,,,,,,,,,,,,yes,https://www.zomato.com/mangalore/the-loft-1-attavar/info,"62,00,000",18,yes,no,no
,,,,,,,,,,,,,,,yes,https://www.zomato.com/mangalore/kni-hau-balmatta/info,"62,00,000",18,yes,no,no
,,,,,,,,,,,,,,,yes,https://www.zomato.com/mangalore/kanara-kanteen-balmatta/info,"62,00,000",18,yes,no,no
,,,,,,,,,,,,,,,yes,https://www.zomato.com/mangalore/pallkhi-restaurant-balmatta/info,"62,00,000",18,yes,no,no
,,,,,,,,,,,,,,,yes,https://www.zomato.com/mangalore/naadu-kottara/info,"62,00,000",18,yes,no,no
,,,,,,,,,,,,,,,yes,https://www.zomato.com/mangalore/capella-patisserie-kadri/info,"62,00,000",18,yes,no,no
,,,,,,,,,,,,,,,yes,https://www.zomato.com/mangalore/asian-house-the-ocean-pearl-kapikad/info,"62,00,000",18,yes,no,no
,,,,,,,,,,,,,,,yes,https://www.zomato.com/mangalore/buco-1-balmatta/info,"62,00,000",18,yes,no,no
,,,,,,,,,,,,,,,yes,https://www.zomato.com/mangalore/pickle-grain-attavar/info,"62,00,000",18,yes,no,no
,,,,,,,,,,,,,,,yes,https://www.zomato.com/mangalore/the-loft-1-attavar/info,"62,00,000",18,yes,no,no
,,,,,,,,,,,,,,,yes,https://www.zomato.com/mangalore/naadu-kottara/info,"62,00,000",18,yes,no,no
,,,,,,,,,,,,,,,yes,https://www.zomato.com/mangalore/capella-patisserie-kadri/info,"62,00,000",18,yes,no,no
,,,,,,,,,,,,,,,yes,https://www.zomato.com/mangalore/kni-hau-balmatta/info,"62,00,000",18,yes,no,no
,,,,,,,,,,,,,,,yes,https://www.zomato.com/mangalore/asian-house-the-ocean-pearl-kapikad/info,"62,00,000",18,yes,no,no
,,,,,,,,,,,,,,,yes,https://www.zomato.com/mangalore/kanara-kanteen-balmatta/info,"62,00,000",18,yes,no,no
,,,,,,,,,,,,,,,yes,https://www.zomato.com/mangalore/buco-1-balmatta/info,"62,00,000",18,yes,no,no
,,,,,,,,,,,,,,,yes,https://www.zomato.com/mangalore/pallkhi-restaurant-balmatta/info,"62,00,000",18,yes,no,no
,,,,,,,,,,,,,,,yes,https://www.zomato.com/madurai/chinese-wok-kk-nagar/info,"62,00,000",18,yes,no,no
,,,,,,,,,,,,,,,yes,https://www.zomato.com/madurai/madurai-kitchen-courtyard-by-marriott-kk-nagar/info,"62,00,000",18,yes,no,no
,,,,,,,,,,,,,,,yes,https://www.zomato.com/madurai/barbeque-nation-kk-nagar/info,"62,00,000",18,yes,no,no
,,,,,,,,,,,,,,,yes,https://www.zomato.com/madurai/kumar-mess-kk-nagar/info,"62,00,000",18,yes,no,no
,,,,,,,,,,,,,,,yes,https://www.zomato.com/madurai/zaitoon-sathamangalam/info,"62,00,000",18,yes,no,no
,,,,,,,,,,,,,,,yes,https://www.zomato.com/madurai/amman-veg-restaurant-kamarajar-salai/info,"62,00,000",18,yes,no,no
,,,,,,,,,,,,,,,yes,https://www.zomato.com/madurai/noshta-cafe-viswanathapuram/info,"62,00,000",18,yes,no,no
,,,,,,,,,,,,,,,yes,https://www.zomato.com/madurai/amsavalli-bhavan-periyar/info,"62,00,000",18,yes,no,no
,,,,,,,,,,,,,,,yes,https://www.zomato.com/madurai/chaat-ka-chaska-iyer-bungalow/info,"62,00,000",18,yes,no,no
,,,,,,,,,,,,,,,yes,https://www.zomato.com/madurai/chinese-wok-kk-nagar/info,"62,00,000",18,yes,no,no
,,,,,,,,,,,,,,,yes,https://www.zomato.com/madurai/madurai-kitchen-courtyard-by-marriott-kk-nagar/info,"62,00,000",18,yes,no,no
,,,,,,,,,,,,,,,yes,https://www.zomato.com/madurai/amman-veg-restaurant-kamarajar-salai/info,"62,00,000",18,yes,no,no
,,,,,,,,,,,,,,,yes,https://www.zomato.com/madurai/noshta-cafe-viswanathapuram/info,"62,00,000",18,yes,no,no
,,,,,,,,,,,,,,,yes,https://www.zomato.com/madurai/barbeque-nation-kk-nagar/info,"62,00,000",18,yes,no,no
,,,,,,,,,,,,,,,yes,https://www.zomato.com/madurai/amsavalli-bhavan-periyar/info,"62,00,000",18,yes,no,no
,,,,,,,,,,,,,,,yes,https://www.zomato.com/madurai/kumar-mess-kk-nagar/info,"62,00,000",18,yes,no,no
,,,,,,,,,,,,,,,yes,https://www.zomato.com/madurai/chaat-ka-chaska-iyer-bungalow/info,"62,00,000",18,yes,no,no
,,,,,,,,,,,,,,,yes,https://www.zomato.com/madurai/zaitoon-sathamangalam/info,"62,00,000",18,yes,no,no
,,,,,,,,,,,,,,,yes,https://www.zomato.com/madurai/chinese-wok-kk-nagar/info,"62,00,000",18,yes,no,no
,,,,,,,,,,,,,,,yes,https://www.zomato.com/madurai/madurai-kitchen-courtyard-by-marriott-kk-nagar/info,"62,00,000",18,yes,no,no
,,,,,,,,,,,,,,,yes,https://www.zomato.com/madurai/barbeque-nation-kk-nagar/info,"62,00,000",18,yes,no,no
,,,,,,,,,,,,,,,yes,https://www.zomato.com/madurai/kumar-mess-kk-nagar/info,"62,00,000",18,yes,no,no
,,,,,,,,,,,,,,,yes,https://www.zomato.com/madurai/zaitoon-sathamangalam/info,"62,00,000",18,yes,no,no
,,,,,,,,,,,,,,,yes,https://www.zomato.com/madurai/amman-veg-restaurant-kamarajar-salai/info,"62,00,000",18,yes,no,no
,,,,,,,,,,,,,,,yes,https://www.zomato.com/madurai/noshta-cafe-viswanathapuram/info,"62,00,000",18,yes,no,no
,,,,,,,,,,,,,,,yes,https://www.zomato.com/madurai/amsavalli-bhavan-periyar/info,"62,00,000",18,yes,no,no
,,,,,,,,,,,,,,,yes,https://www.zomato.com/madurai/cibo-1-sathamangalam/info,"62,00,000",18,yes,no,no
,,,,,,,,,,,,,,,yes,https://www.zomato.com/madurai/chinese-wok-kk-nagar/info,"62,00,000",18,yes,no,no
,,,,,,,,,,,,,,,yes,https://www.zomato.com/madurai/madurai-kitchen-courtyard-by-marriott-kk-nagar/info,"62,00,000",18,yes,no,no
,,,,,,,,,,,,,,,yes,https://www.zomato.com/madurai/amman-veg-restaurant-kamarajar-salai/info,"62,00,000",18,yes,no,no
,,,,,,,,,,,,,,,yes,https://www.zomato.com/madurai/noshta-cafe-viswanathapuram/info,"62,00,000",18,yes,no,no
,,,,,,,,,,,,,,,yes,https://www.zomato.com/madurai/barbeque-nation-kk-nagar/info,"62,00,000",18,yes,no,no
,,,,,,,,,,,,,,,yes,https://www.zomato.com/madurai/amsavalli-bhavan-periyar/info,"62,00,000",18,yes,no,no
,,,,,,,,,,,,,,,yes,https://www.zomato.com/madurai/kumar-mess-kk-nagar/info,"62,00,000",18,yes,no,no
,,,,,,,,,,,,,,,yes,https://www.zomato.com/madurai/cibo-1-sathamangalam/info,"62,00,000",18,yes,no,no
,,,,,,,,,,,,,,,yes,https://www.zomato.com/madurai/zaitoon-sathamangalam/info,"62,00,000",18,yes,no,no
,,,,,,,,,,,,,,,yes,https://www.zomato.com/madurai/chinese-wok-kk-nagar/info,"62,00,000",18,yes,no,no
,,,,,,,,,,,,,,,yes,https://www.zomato.com/madurai/madurai-kitchen-courtyard-by-marriott-kk-nagar/info,"62,00,000",18,yes,no,no
,,,,,,,,,,,,,,,yes,https://www.zomato.com/madurai/barbeque-nation-kk-nagar/info,"62,00,000",18,yes,no,no
,,,,,,,,,,,,,,,yes,https://www.zomato.com/madurai/kumar-mess-kk-nagar/info,"62,00,000",18,yes,no,no
,,,,,,,,,,,,,,,yes,https://www.zomato.com/madurai/noshta-cafe-viswanathapuram/info,"62,00,000",18,yes,no,no
,,,,,,,,,,,,,,,yes,https://www.zomato.com/madurai/chaat-ka-chaska-iyer-bungalow/info,"62,00,000",18,yes,no,no
,,,,,,,,,,,,,,,yes,https://www.zomato.com/madurai/cibo-1-sathamangalam/info,"62,00,000",18,yes,no,no
,,,,,,,,,,,,,,,yes,https://www.zomato.com/madurai/b-to-h-biryani-to-heaven-viswanathapuram/info,"62,00,000",18,yes,no,no
,,,,,,,,,,,,,,,yes,https://www.zomato.com/madurai/kfc-kk-nagar/info,"62,00,000",18,yes,no,no
,,,,,,,,,,,,,,,yes,https://www.zomato.com/madurai/chinese-wok-kk-nagar/info,"62,00,000",18,yes,no,no
,,,,,,,,,,,,,,,yes,https://www.zomato.com/madurai/madurai-kitchen-courtyard-by-marriott-kk-nagar/info,"62,00,000",18,yes,no,no
,,,,,,,,,,,,,,,yes,https://www.zomato.com/madurai/chaat-ka-chaska-iyer-bungalow/info,"62,00,000",18,yes,no,no
,,,,,,,,,,,,,,,yes,https://www.zomato.com/madurai/cibo-1-sathamangalam/info,"62,00,000",18,yes,no,no
,,,,,,,,,,,,,,,yes,https://www.zomato.com/madurai/barbeque-nation-kk-nagar/info,"62,00,000",18,yes,no,no
,,,,,,,,,,,,,,,yes,https://www.zomato.com/madurai/b-to-h-biryani-to-heaven-viswanathapuram/info,"62,00,000",18,yes,no,no
,,,,,,,,,,,,,,,yes,https://www.zomato.com/madurai/kumar-mess-kk-nagar/info,"62,00,000",18,yes,no,no
,,,,,,,,,,,,,,,yes,https://www.zomato.com/madurai/kfc-kk-nagar/info,"62,00,000",18,yes,no,no
,,,,,,,,,,,,,,,yes,https://www.zomato.com/madurai/noshta-cafe-viswanathapuram/info,"62,00,000",18,yes,no,no
,,,,,,,,,,,,,,,yes,https://www.zomato.com/madurai/chinese-wok-kk-nagar/info,"62,00,000",18,yes,no,no
,,,,,,,,,,,,,,,yes,https://www.zomato.com/madurai/madurai-kitchen-courtyard-by-marriott-kk-nagar/info,"62,00,000",18,yes,no,no
,,,,,,,,,,,,,,,yes,https://www.zomato.com/madurai/barbeque-nation-kk-nagar/info,"62,00,000",18,yes,no,no
,,,,,,,,,,,,,,,yes,https://www.zomato.com/madurai/kumar-mess-kk-nagar/info,"62,00,000",18,yes,no,no
,,,,,,,,,,,,,,,yes,https://www.zomato.com/madurai/zaitoon-sathamangalam/info,"62,00,000",18,yes,no,no
,,,,,,,,,,,,,,,yes,https://www.zomato.com/madurai/noshta-cafe-viswanathapuram/info,"62,00,000",18,yes,no,no
,,,,,,,,,,,,,,,yes,https://www.zomato.com/madurai/amsavalli-bhavan-periyar/info,"62,00,000",18,yes,no,no
,,,,,,,,,,,,,,,yes,https://www.zomato.com/madurai/chaat-ka-chaska-iyer-bungalow/info,"62,00,000",18,yes,no,no
,,,,,,,,,,,,,,,yes,https://www.zomato.com/madurai/cibo-1-sathamangalam/info,"62,00,000",18,yes,no,no
,,,,,,,,,,,,,,,yes,https://www.zomato.com/madurai/chinese-wok-kk-nagar/info,"62,00,000",18,yes,no,no
,,,,,,,,,,,,,,,yes,https://www.zomato.com/madurai/madurai-kitchen-courtyard-by-marriott-kk-nagar/info,"62,00,000",18,yes,no,no
,,,,,,,,,,,,,,,yes,https://www.zomato.com/madurai/noshta-cafe-viswanathapuram/info,"62,00,000",18,yes,no,no
,,,,,,,,,,,,,,,yes,https://www.zomato.com/madurai/amsavalli-bhavan-periyar/info,"62,00,000",18,yes,no,no
,,,,,,,,,,,,,,,yes,https://www.zomato.com/madurai/barbeque-nation-kk-nagar/info,"62,00,000",18,yes,no,no
,,,,,,,,,,,,,,,yes,https://www.zomato.com/madurai/chaat-ka-chaska-iyer-bungalow/info,"62,00,000",18,yes,no,no
,,,,,,,,,,,,,,,yes,https://www.zomato.com/madurai/kumar-mess-kk-nagar/info,"62,00,000",18,yes,no,no
,,,,,,,,,,,,,,,yes,https://www.zomato.com/madurai/cibo-1-sathamangalam/info,"62,00,000",18,yes,no,no
,,,,,,,,,,,,,,,yes,https://www.zomato.com/madurai/zaitoon-sathamangalam/info,"62,00,000",18,yes,no,no
,,,,,,,,,,,,,,,yes,https://www.zomato.com/madurai/chinese-wok-kk-nagar/info,"62,00,000",18,yes,no,no
,,,,,,,,,,,,,,,yes,https://www.zomato.com/madurai/madurai-kitchen-courtyard-by-marriott-kk-nagar/info,"62,00,000",18,yes,no,no
,,,,,,,,,,,,,,,yes,https://www.zomato.com/madurai/barbeque-nation-kk-nagar/info,"62,00,000",18,yes,no,no
,,,,,,,,,,,,,,,yes,https://www.zomato.com/madurai/kumar-mess-kk-nagar/info,"62,00,000",18,yes,no,no
,,,,,,,,,,,,,,,yes,https://www.zomato.com/madurai/zaitoon-sathamangalam/info,"62,00,000",18,yes,no,no
,,,,,,,,,,,,,,,yes,https://www.zomato.com/madurai/amman-veg-restaurant-kamarajar-salai/info,"62,00,000",18,yes,no,no
,,,,,,,,,,,,,,,yes,https://www.zomato.com/madurai/amsavalli-bhavan-periyar/info,"62,00,000",18,yes,no,no
,,,,,,,,,,,,,,,yes,https://www.zomato.com/madurai/cibo-1-sathamangalam/info,"62,00,000",18,yes,no,no
,,,,,,,,,,,,,,,yes,https://www.zomato.com/madurai/b-to-h-biryani-to-heaven-viswanathapuram/info,"62,00,000",18,yes,no,no
,,,,,,,,,,,,,,,yes,https://www.zomato.com/madurai/chinese-wok-kk-nagar/info,"62,00,000",18,yes,no,no
,,,,,,,,,,,,,,,yes,https://www.zomato.com/madurai/madurai-kitchen-courtyard-by-marriott-kk-nagar/info,"62,00,000",18,yes,no,no
,,,,,,,,,,,,,,,yes,https://www.zomato.com/madurai/amman-veg-restaurant-kamarajar-salai/info,"62,00,000",18,yes,no,no
,,,,,,,,,,,,,,,yes,https://www.zomato.com/madurai/amsavalli-bhavan-periyar/info,"62,00,000",18,yes,no,no
,,,,,,,,,,,,,,,yes,https://www.zomato.com/madurai/barbeque-nation-kk-nagar/info,"62,00,000",18,yes,no,no
,,,,,,,,,,,,,,,yes,https://www.zomato.com/madurai/cibo-1-sathamangalam/info,"62,00,000",18,yes,no,no
,,,,,,,,,,,,,,,yes,https://www.zomato.com/madurai/kumar-mess-kk-nagar/info,"62,00,000",18,yes,no,no
,,,,,,,,,,,,,,,yes,https://www.zomato.com/madurai/b-to-h-biryani-to-heaven-viswanathapuram/info,"62,00,000",18,yes,no,no
,,,,,,,,,,,,,,,yes,https://www.zomato.com/madurai/zaitoon-sathamangalam/info,"62,00,000",18,yes,no,no
,,,,,,,,,,,,,,,yes,https://www.zomato.com/madurai/barbeque-nation-1-kk-nagar/info,"62,00,000",18,yes,no,no
,,,,,,,,,,,,,,,yes,https://www.zomato.com/madurai/phils-bistro-kk-nagar/info,"62,00,000",18,yes,no,no
,,,,,,,,,,,,,,,yes,https://www.zomato.com/madurai/the-chocolate-room-7-kk-nagar/info,"62,00,000",18,yes,no,no
,,,,,,,,,,,,,,,yes,https://www.zomato.com/madurai/casa-della-pizza-1-kk-nagar/info,"62,00,000",18,yes,no,no
,,,,,,,,,,,,,,,yes,https://www.zomato.com/madurai/12o-clock-biryani-iyer-bungalow/info,"62,00,000",18,yes,no,no
,,,,,,,,,,,,,,,yes,https://www.zomato.com/madurai/amma-mess-1-kk-nagar/info,"62,00,000",18,yes,no,no
,,,,,,,,,,,,,,,yes,https://www.zomato.com/madurai/manapatty-biryani-vandiyur/info,"62,00,000",18,yes,no,no
,,,,,,,,,,,,,,,yes,https://www.zomato.com/madurai/poppys-hotel-kk-nagar/info,"62,00,000",18,yes,no,no
,,,,,,,,,,,,,,,yes,https://www.zomato.com/madurai/grand-ayyanar-kk-nagar/info,"62,00,000",18,yes,no,no
,,,,,,,,,,,,,,,yes,https://www.zomato.com/madurai/barbeque-nation-1-kk-nagar/info,"62,00,000",18,yes,no,no
,,,,,,,,,,,,,,,yes,https://www.zomato.com/madurai/phils-bistro-kk-nagar/info,"62,00,000",18,yes,no,no
,,,,,,,,,,,,,,,yes,https://www.zomato.com/madurai/amma-mess-1-kk-nagar/info,"62,00,000",18,yes,no,no
,,,,,,,,,,,,,,,yes,https://www.zomato.com/madurai/manapatty-biryani-vandiyur/info,"62,00,000",18,yes,no,no
,,,,,,,,,,,,,,,yes,https://www.zomato.com/madurai/the-chocolate-room-7-kk-nagar/info,"62,00,000",18,yes,no,no
,,,,,,,,,,,,,,,yes,https://www.zomato.com/madurai/poppys-hotel-kk-nagar/info,"62,00,000",18,yes,no,no
,,,,,,,,,,,,,,,yes,https://www.zomato.com/madurai/casa-della-pizza-1-kk-nagar/info,"62,00,000",18,yes,no,no
,,,,,,,,,,,,,,,yes,https://www.zomato.com/madurai/grand-ayyanar-kk-nagar/info,"62,00,000",18,yes,no,no
,,,,,,,,,,,,,,,yes,https://www.zomato.com/madurai/12o-clock-biryani-iyer-bungalow/info,"62,00,000",18,yes,no,no
,,,,,,,,,,,,,,,yes,https://www.zomato.com/madurai/kumar-mess-kk-nagar/info,"62,00,000",18,yes,no,no
,,,,,,,,,,,,,,,yes,https://www.zomato.com/madurai/amsavalli-bhavan-periyar/info,"62,00,000",18,yes,no,no
,,,,,,,,,,,,,,,yes,https://www.zomato.com/madurai/b-to-h-biryani-to-heaven-viswanathapuram/info,"62,00,000",18,yes,no,no
,,,,,,,,,,,,,,,yes,https://www.zomato.com/madurai/mug-beans-pasumalai/info,"62,00,000",18,yes,no,no
,,,,,,,,,,,,,,,yes,https://www.zomato.com/madurai/ambur-star-briyani-since-1890-arrapalayam/info,"62,00,000",18,yes,no,no
,,,,,,,,,,,,,,,yes,https://www.zomato.com/madurai/a2b-adyar-ananda-bhavan-periyar/info,"62,00,000",18,yes,no,no
,,,,,,,,,,,,,,,yes,https://www.zomato.com/madurai/salem-rr-biriyani-kalavasal-bethaniyapuram/info,"62,00,000",18,yes,no,no
,,,,,,,,,,,,,,,yes,https://www.zomato.com/madurai/siragugal-casual-dining-restaurant-avaniyapuram/info,"62,00,000",18,yes,no,no
,,,,,,,,,,,,,,,yes,https://www.zomato.com/madurai/khalids-biriyani-bethaniyapuram/info,"62,00,000",18,yes,no,no
,,,,,,,,,,,,,,,yes,https://www.zomato.com/madurai/kumar-mess-kk-nagar/info,"62,00,000",18,yes,no,no
,,,,,,,,,,,,,,,yes,https://www.zomato.com/madurai/amsavalli-bhavan-periyar/info,"62,00,000",18,yes,no,no
,,,,,,,,,,,,,,,yes,https://www.zomato.com/madurai/a2b-adyar-ananda-bhavan-periyar/info,"62,00,000",18,yes,no,no
,,,,,,,,,,,,,,,yes,https://www.zomato.com/madurai/salem-rr-biriyani-kalavasal-bethaniyapuram/info,"62,00,000",18,yes,no,no
,,,,,,,,,,,,,,,yes,https://www.zomato.com/madurai/b-to-h-biryani-to-heaven-viswanathapuram/info,"62,00,000",18,yes,no,no
,,,,,,,,,,,,,,,yes,https://www.zomato.com/madurai/siragugal-casual-dining-restaurant-avaniyapuram/info,"62,00,000",18,yes,no,no
,,,,,,,,,,,,,,,yes,https://www.zomato.com/madurai/mug-beans-pasumalai/info,"62,00,000",18,yes,no,no
,,,,,,,,,,,,,,,yes,https://www.zomato.com/madurai/khalids-biriyani-bethaniyapuram/info,"62,00,000",18,yes,no,no
,,,,,,,,,,,,,,,yes,https://www.zomato.com/madurai/ambur-star-briyani-since-1890-arrapalayam/info,"62,00,000",18,yes,no,no
,,,,,,,,,,,,,,,yes,https://www.zomato.com/madurai/chinese-wok-kk-nagar/info,"62,00,000",18,yes,no,no
,,,,,,,,,,,,,,,yes,https://www.zomato.com/madurai/madurai-kitchen-courtyard-by-marriott-kk-nagar/info,"62,00,000",18,yes,no,no
,,,,,,,,,,,,,,,yes,https://www.zomato.com/madurai/barbeque-nation-kk-nagar/info,"62,00,000",18,yes,no,no
,,,,,,,,,,,,,,,yes,https://www.zomato.com/madurai/kumar-mess-kk-nagar/info,"62,00,000",18,yes,no,no
,,,,,,,,,,,,,,,yes,https://www.zomato.com/madurai/zaitoon-sathamangalam/info,"62,00,000",18,yes,no,no
,,,,,,,,,,,,,,,yes,https://www.zomato.com/madurai/amman-veg-restaurant-kamarajar-salai/info,"62,00,000",18,yes,no,no
,,,,,,,,,,,,,,,yes,https://www.zomato.com/madurai/noshta-cafe-viswanathapuram/info,"62,00,000",18,yes,no,no
,,,,,,,,,,,,,,,yes,https://www.zomato.com/madurai/amsavalli-bhavan-periyar/info,"62,00,000",18,yes,no,no
,,,,,,,,,,,,,,,yes,https://www.zomato.com/madurai/cibo-1-sathamangalam/info,"62,00,000",18,yes,no,no
,,,,,,,,,,,,,,,yes,https://www.zomato.com/madurai/chinese-wok-kk-nagar/info,"62,00,000",18,yes,no,no
,,,,,,,,,,,,,,,yes,https://www.zomato.com/madurai/madurai-kitchen-courtyard-by-marriott-kk-nagar/info,"62,00,000",18,yes,no,no
,,,,,,,,,,,,,,,yes,https://www.zomato.com/madurai/amman-veg-restaurant-kamarajar-salai/info,"62,00,000",18,yes,no,no
,,,,,,,,,,,,,,,yes,https://www.zomato.com/madurai/noshta-cafe-viswanathapuram/info,"62,00,000",18,yes,no,no
,,,,,,,,,,,,,,,yes,https://www.zomato.com/madurai/barbeque-nation-kk-nagar/info,"62,00,000",18,yes,no,no
,,,,,,,,,,,,,,,yes,https://www.zomato.com/madurai/amsavalli-bhavan-periyar/info,"62,00,000",18,yes,no,no
,,,,,,,,,,,,,,,yes,https://www.zomato.com/madurai/kumar-mess-kk-nagar/info,"62,00,000",18,yes,no,no
,,,,,,,,,,,,,,,yes,https://www.zomato.com/madurai/cibo-1-sathamangalam/info,"62,00,000",18,yes,no,no
,,,,,,,,,,,,,,,yes,https://www.zomato.com/madurai/zaitoon-sathamangalam/info,"62,00,000",18,yes,no,no
,,,,,,,,,,,,,,,yes,https://www.zomato.com/lucknow/molecule-air-bar-gomti-nagar/info,"62,00,000",18,yes,no,no
,,,,,,,,,,,,,,,yes,https://www.zomato.com/lucknow/mocha-gomti-nagar/info,"62,00,000",18,yes,no,no
,,,,,,,,,,,,,,,yes,https://www.zomato.com/lucknow/thamarai-gomti-nagar/info,"62,00,000",18,yes,no,no
,,,,,,,,,,,,,,,yes,https://www.zomato.com/lucknow/the-big-grill-gomti-nagar/info,"62,00,000",18,yes,no,no
,,,,,,,,,,,,,,,yes,https://www.zomato.com/lucknow/chacoco-gomti-nagar/info,"62,00,000",18,yes,no,no
,,,,,,,,,,,,,,,yes,https://www.zomato.com/lucknow/cafe-repertwahr-indira-nagar/info,"62,00,000",18,yes,no,no
,,,,,,,,,,,,,,,yes,https://www.zomato.com/lucknow/purple-basil-1-gomti-nagar/info,"62,00,000",18,yes,no,no
,,,,,,,,,,,,,,,yes,https://www.zomato.com/lucknow/l-14-renaissance-lucknow-hotel-gomti-nagar/info,"62,00,000",18,yes,no,no
,,,,,,,,,,,,,,,yes,https://www.zomato.com/lucknow/cafe-hons-house-of-no-sugar-gomti-nagar/info,"62,00,000",18,yes,no,no
,,,,,,,,,,,,,,,yes,https://www.zomato.com/lucknow/molecule-air-bar-gomti-nagar/info,"62,00,000",18,yes,no,no
,,,,,,,,,,,,,,,yes,https://www.zomato.com/lucknow/mocha-gomti-nagar/info,"62,00,000",18,yes,no,no
,,,,,,,,,,,,,,,yes,https://www.zomato.com/lucknow/cafe-repertwahr-indira-nagar/info,"62,00,000",18,yes,no,no
,,,,,,,,,,,,,,,yes,https://www.zomato.com/lucknow/purple-basil-1-gomti-nagar/info,"62,00,000",18,yes,no,no
,,,,,,,,,,,,,,,yes,https://www.zomato.com/lucknow/thamarai-gomti-nagar/info,"62,00,000",18,yes,no,no
,,,,,,,,,,,,,,,yes,https://www.zomato.com/lucknow/l-14-renaissance-lucknow-hotel-gomti-nagar/info,"62,00,000",18,yes,no,no
,,,,,,,,,,,,,,,yes,https://www.zomato.com/lucknow/the-big-grill-gomti-nagar/info,"62,00,000",18,yes,no,no
,,,,,,,,,,,,,,,yes,https://www.zomato.com/lucknow/cafe-hons-house-of-no-sugar-gomti-nagar/info,"62,00,000",18,yes,no,no
,,,,,,,,,,,,,,,yes,https://www.zomato.com/lucknow/chacoco-gomti-nagar/info,"62,00,000",18,yes,no,no
,,,,,,,,,,,,,,,yes,https://www.zomato.com/lucknow/hazratganj-social-hazratganj/info,"62,00,000",18,yes,no,no
,,,,,,,,,,,,,,,yes,https://www.zomato.com/lucknow/tanatan-hazratganj/info,"62,00,000",18,yes,no,no
,,,,,,,,,,,,,,,yes,https://www.zomato.com/lucknow/molecule-air-bar-gomti-nagar/info,"62,00,000",18,yes,no,no
,,,,,,,,,,,,,,,yes,https://www.zomato.com/lucknow/hons-all-day-dining-hazratganj/info,"62,00,000",18,yes,no,no
,,,,,,,,,,,,,,,yes,https://www.zomato.com/lucknow/chacoco-gomti-nagar/info,"62,00,000",18,yes,no,no
,,,,,,,,,,,,,,,yes,https://www.zomato.com/lucknow/fosho-pan-asian-italian-bistro-hazratganj/info,"62,00,000",18,yes,no,no
,,,,,,,,,,,,,,,yes,https://www.zomato.com/lucknow/cafe-repertwahr-indira-nagar/info,"62,00,000",18,yes,no,no
,,,,,,,,,,,,,,,yes,https://www.zomato.com/lucknow/l-14-renaissance-lucknow-hotel-gomti-nagar/info,"62,00,000",18,yes,no,no
,,,,,,,,,,,,,,,yes,https://www.zomato.com/lucknow/azrak-saraca-lucknow-hazratganj/info,"62,00,000",18,yes,no,no
,,,,,,,,,,,,,,,yes,https://www.zomato.com/lucknow/hazratganj-social-hazratganj/info,"62,00,000",18,yes,no,no
,,,,,,,,,,,,,,,yes,https://www.zomato.com/lucknow/tanatan-hazratganj/info,"62,00,000",18,yes,no,no
,,,,,,,,,,,,,,,yes,https://www.zomato.com/lucknow/fosho-pan-asian-italian-bistro-hazratganj/info,"62,00,000",18,yes,no,no
,,,,,,,,,,,,,,,yes,https://www.zomato.com/lucknow/cafe-repertwahr-indira-nagar/info,"62,00,000",18,yes,no,no
,,,,,,,,,,,,,,,yes,https://www.zomato.com/lucknow/molecule-air-bar-gomti-nagar/info,"62,00,000",18,yes,no,no
,,,,,,,,,,,,,,,yes,https://www.zomato.com/lucknow/l-14-renaissance-lucknow-hotel-gomti-nagar/info,"62,00,000",18,yes,no,no
,,,,,,,,,,,,,,,yes,https://www.zomato.com/lucknow/hons-all-day-dining-hazratganj/info,"62,00,000",18,yes,no,no
,,,,,,,,,,,,,,,no,https://www.zomato.com/lucknow/azrak-saraca-lucknow-hazratganj/info,,,no,no,no
,,,,,,,,,,,,,,,no,https://www.zomato.com/lucknow/chacoco-gomti-nagar/info,,,no,no,no
,,,,,,,,,,,,,,,no,https://www.zomato.com/lucknow/hazratganj-social-hazratganj/info,,,no,no,no
,,,,,,,,,,,,,,,no,https://www.zomato.com/lucknow/molecule-air-bar-gomti-nagar/info,,,no,no,no
,,,,,,,,,,,,,,,no,https://www.zomato.com/lucknow/hons-all-day-dining-hazratganj/info,,,no,no,no
,,,,,,,,,,,,,,,no,https://www.zomato.com/lucknow/fosho-pan-asian-italian-bistro-hazratganj/info,,,no,no,no
,,,,,,,,,,,,,,,no,https://www.zomato.com/lucknow/cafe-repertwahr-indira-nagar/info,,,no,no,no
,,,,,,,,,,,,,,,no,https://www.zomato.com/lucknow/l-14-renaissance-lucknow-hotel-gomti-nagar/info,,,no,no,no
,,,,,,,,,,,,,,,no,https://www.zomato.com/lucknow/barkaas-indo-arabic-restaurant-1-aliganj/info,,,no,no,no
,,,,,,,,,,,,,,,no,https://www.zomato.com/lucknow/truccos-hazratganj/info,,,no,no,no
,,,,,,,,,,,,,,,no,https://www.zomato.com/lucknow/criollo-cafe-hazratganj/info,,,no,no,no
,,,,,,,,,,,,,,,no,https://www.zomato.com/lucknow/hazratganj-social-hazratganj/info,,,no,no,no
,,,,,,,,,,,,,,,no,https://www.zomato.com/lucknow/molecule-air-bar-gomti-nagar/info,,,no,no,no
,,,,,,,,,,,,,,,no,https://www.zomato.com/lucknow/l-14-renaissance-lucknow-hotel-gomti-nagar/info,,,no,no,no
,,,,,,,,,,,,,,,no,https://www.zomato.com/lucknow/barkaas-indo-arabic-restaurant-1-aliganj/info,,,no,no,no
,,,,,,,,,,,,,,,no,https://www.zomato.com/lucknow/hons-all-day-dining-hazratganj/info,,,no,no,no
,,,,,,,,,,,,,,,no,https://www.zomato.com/lucknow/truccos-hazratganj/info,,,no,no,no
,,,,,,,,,,,,,,,no,https://www.zomato.com/lucknow/fosho-pan-asian-italian-bistro-hazratganj/info,,,no,no,no
,,,,,,,,,,,,,,,no,https://www.zomato.com/lucknow/criollo-cafe-hazratganj/info,,,no,no,no
,,,,,,,,,,,,,,,no,https://www.zomato.com/lucknow/cafe-repertwahr-indira-nagar/info,,,no,no,no
,,,,,,,,,,,,,,,no,https://www.zomato.com/lucknow/skyhilton-1-alambagh/info,,,no,no,no
,,,,,,,,,,,,,,,no,https://www.zomato.com/lucknow/urban-sweets-and-bakers-2-aashiana/info,,,no,no,no
,,,,,,,,,,,,,,,no,https://www.zomato.com/lucknow/korean-express-5-aashiana/info,,,no,no,no
,,,,,,,,,,,,,,,no,https://www.zomato.com/lucknow/best-choice-of-awadh-kanpur-road/info,,,no,no,no
,,,,,,,,,,,,,,,no,https://www.zomato.com/lucknow/amrkh-vrindavan-yojna/info,,,no,no,no
,,,,,,,,,,,,,,,no,https://www.zomato.com/lucknow/flavours-all-day-dining-alambagh/info,,,no,no,no
,,,,,,,,,,,,,,,no,https://www.zomato.com/lucknow/marksmen-2-aashiana/info,,,no,no,no
,,,,,,,,,,,,,,,no,https://www.zomato.com/lucknow/arabania-indo-arabic-restaurant-kanpur-road/info,,,no,no,no
,,,,,,,,,,,,,,,no,https://www.zomato.com/lucknow/the-old-lucknow-1-aashiana/info,,,no,no,no
,,,,,,,,,,,,,,,no,https://www.zomato.com/lucknow/skyhilton-1-alambagh/info,,,no,no,no
,,,,,,,,,,,,,,,no,https://www.zomato.com/lucknow/urban-sweets-and-bakers-2-aashiana/info,,,no,no,no
,,,,,,,,,,,,,,,no,https://www.zomato.com/lucknow/flavours-all-day-dining-alambagh/info,,,no,no,no
,,,,,,,,,,,,,,,no,https://www.zomato.com/lucknow/marksmen-2-aashiana/info,,,no,no,no
,,,,,,,,,,,,,,,no,https://www.zomato.com/lucknow/korean-express-5-aashiana/info,,,no,no,no
,,,,,,,,,,,,,,,no,https://www.zomato.com/lucknow/arabania-indo-arabic-restaurant-kanpur-road/info,,,no,no,no
,,,,,,,,,,,,,,,no,https://www.zomato.com/lucknow/best-choice-of-awadh-kanpur-road/info,,,no,no,no
,,,,,,,,,,,,,,,no,https://www.zomato.com/lucknow/the-old-lucknow-1-aashiana/info,,,no,no,no
,,,,,,,,,,,,,,,no,https://www.zomato.com/lucknow/amrkh-vrindavan-yojna/info,,,no,no,no
,,,,,,,,,,,,,,,no,https://www.zomato.com/lucknow/hazratganj-social-hazratganj/info,,,no,no,no
,,,,,,,,,,,,,,,no,https://www.zomato.com/lucknow/tanatan-hazratganj/info,,,no,no,no
,,,,,,,,,,,,,,,no,https://www.zomato.com/lucknow/molecule-air-bar-gomti-nagar/info,,,no,no,no
,,,,,,,,,,,,,,,no,https://www.zomato.com/lucknow/hons-all-day-dining-hazratganj/info,,,no,no,no
,,,,,,,,,,,,,,,no,https://www.zomato.com/lucknow/fosho-pan-asian-italian-bistro-hazratganj/info,,,no,no,no
,,,,,,,,,,,,,,,no,https://www.zomato.com/lucknow/l-14-renaissance-lucknow-hotel-gomti-nagar/info,,,no,no,no
,,,,,,,,,,,,,,,no,https://www.zomato.com/lucknow/azrak-saraca-lucknow-hazratganj/info,,,no,no,no
,,,,,,,,,,,,,,,no,https://www.zomato.com/lucknow/barkaas-indo-arabic-restaurant-1-aliganj/info,,,no,no,no
,,,,,,,,,,,,,,,no,https://www.zomato.com/lucknow/truccos-hazratganj/info,,,no,no,no
,,,,,,,,,,,,,,,no,https://www.zomato.com/lucknow/hazratganj-social-hazratganj/info,,,no,no,no
,,,,,,,,,,,,,,,no,https://www.zomato.com/lucknow/tanatan-hazratganj/info,,,no,no,no
,,,,,,,,,,,,,,,no,https://www.zomato.com/lucknow/l-14-renaissance-lucknow-hotel-gomti-nagar/info,,,no,no,no
,,,,,,,,,,,,,,,no,https://www.zomato.com/lucknow/azrak-saraca-lucknow-hazratganj/info,,,no,no,no
,,,,,,,,,,,,,,,no,https://www.zomato.com/lucknow/molecule-air-bar-gomti-nagar/info,,,no,no,no
,,,,,,,,,,,,,,,no,https://www.zomato.com/lucknow/barkaas-indo-arabic-restaurant-1-aliganj/info,,,no,no,no
,,,,,,,,,,,,,,,no,https://www.zomato.com/lucknow/hons-all-day-dining-hazratganj/info,,,no,no,no
,,,,,,,,,,,,,,,no,https://www.zomato.com/lucknow/truccos-hazratganj/info,,,no,no,no
,,,,,,,,,,,,,,,no,https://www.zomato.com/lucknow/fosho-pan-asian-italian-bistro-hazratganj/info,,,no,no,no
,,,,,,,,,,,,,,,no,https://www.zomato.com/lucknow/molecule-air-bar-gomti-nagar/info,,,no,no,no
,,,,,,,,,,,,,,,no,https://www.zomato.com/lucknow/mocha-gomti-nagar/info,,,no,no,no
,,,,,,,,,,,,,,,no,https://www.zomato.com/lucknow/hons-all-day-dining-hazratganj/info,,,no,no,no
,,,,,,,,,,,,,,,no,https://www.zomato.com/lucknow/thamarai-gomti-nagar/info,,,no,no,no
,,,,,,,,,,,,,,,no,https://www.zomato.com/lucknow/chacoco-gomti-nagar/info,,,no,no,no
,,,,,,,,,,,,,,,no,https://www.zomato.com/lucknow/cafe-repertwahr-indira-nagar/info,,,no,no,no
,,,,,,,,,,,,,,,no,https://www.zomato.com/lucknow/l-14-renaissance-lucknow-hotel-gomti-nagar/info,,,no,no,no
,,,,,,,,,,,,,,,no,https://www.zomato.com/lucknow/cafe-hons-house-of-no-sugar-gomti-nagar/info,,,no,no,no
,,,,,,,,,,,,,,,no,https://www.zomato.com/lucknow/cafe-de-leila-gomti-nagar/info,,,no,no,no
,,,,,,,,,,,,,,,no,https://www.zomato.com/lucknow/thamarai-gomti-nagar/info,,,no,no,no
,,,,,,,,,,,,,,,no,https://www.zomato.com/lucknow/chacoco-gomti-nagar/info,,,no,no,no
,,,,,,,,,,,,,,,no,https://www.zomato.com/lucknow/cafe-de-leila-gomti-nagar/info,,,no,no,no
,,,,,,,,,,,,,,,no,https://www.zomato.com/lucknow/molecule-air-bar-gomti-nagar/info,,,no,no,no
,,,,,,,,,,,,,,,no,https://www.zomato.com/lucknow/cafe-repertwahr-indira-nagar/info,,,no,no,no
,,,,,,,,,,,,,,,no,https://www.zomato.com/lucknow/mocha-gomti-nagar/info,,,no,no,no
,,,,,,,,,,,,,,,no,https://www.zomato.com/lucknow/l-14-renaissance-lucknow-hotel-gomti-nagar/info,,,no,no,no
,,,,,,,,,,,,,,,no,https://www.zomato.com/lucknow/hons-all-day-dining-hazratganj/info,,,no,no,no
,,,,,,,,,,,,,,,no,https://www.zomato.com/lucknow/cafe-hons-house-of-no-sugar-gomti-nagar/info,,,no,no,no
,,,,,,,,,,,,,,,no,https://www.zomato.com/lucknow/skyhilton-1-alambagh/info,,,no,no,no
,,,,,,,,,,,,,,,no,https://www.zomato.com/lucknow/korean-express-5-aashiana/info,,,no,no,no
,,,,,,,,,,,,,,,no,https://www.zomato.com/lucknow/best-choice-of-awadh-kanpur-road/info,,,no,no,no
,,,,,,,,,,,,,,,no,https://www.zomato.com/lucknow/flavours-all-day-dining-alambagh/info,,,no,no,no
,,,,,,,,,,,,,,,no,https://www.zomato.com/lucknow/marksmen-2-aashiana/info,,,no,no,no
,,,,,,,,,,,,,,,no,https://www.zomato.com/lucknow/arabania-indo-arabic-restaurant-kanpur-road/info,,,no,no,no
,,,,,,,,,,,,,,,no,https://www.zomato.com/lucknow/the-old-lucknow-1-aashiana/info,,,no,no,no
,,,,,,,,,,,,,,,no,https://www.zomato.com/lucknow/wow-china-aashiana/info,,,no,no,no
,,,,,,,,,,,,,,,no,https://www.zomato.com/lucknow/wow-momo-alambagh/info,,,no,no,no
,,,,,,,,,,,,,,,no,https://www.zomato.com/lucknow/flavours-all-day-dining-alambagh/info,,,no,no,no
,,,,,,,,,,,,,,,no,https://www.zomato.com/lucknow/marksmen-2-aashiana/info,,,no,no,no
,,,,,,,,,,,,,,,no,https://www.zomato.com/lucknow/wow-momo-alambagh/info,,,no,no,no
,,,,,,,,,,,,,,,no,https://www.zomato.com/lucknow/skyhilton-1-alambagh/info,,,no,no,no
,,,,,,,,,,,,,,,no,https://www.zomato.com/lucknow/arabania-indo-arabic-restaurant-kanpur-road/info,,,no,no,no
,,,,,,,,,,,,,,,no,https://www.zomato.com/lucknow/korean-express-5-aashiana/info,,,no,no,no
,,,,,,,,,,,,,,,no,https://www.zomato.com/lucknow/the-old-lucknow-1-aashiana/info,,,no,no,no
,,,,,,,,,,,,,,,no,https://www.zomato.com/lucknow/best-choice-of-awadh-kanpur-road/info,,,no,no,no
,,,,,,,,,,,,,,,no,https://www.zomato.com/lucknow/wow-china-aashiana/info,,,no,no,no
,,,,,,,,,,,,,,,no,https://www.zomato.com/lucknow/hazratganj-social-hazratganj/info,,,no,no,no
,,,,,,,,,,,,,,,no,https://www.zomato.com/lucknow/tanatan-hazratganj/info,,,no,no,no
,,,,,,,,,,,,,,,no,https://www.zomato.com/lucknow/hons-all-day-dining-hazratganj/info,,,no,no,no
,,,,,,,,,,,,,,,no,https://www.zomato.com/lucknow/fosho-pan-asian-italian-bistro-hazratganj/info,,,no,no,no
,,,,,,,,,,,,,,,no,https://www.zomato.com/lucknow/barkaas-indo-arabic-restaurant-1-aliganj/info,,,no,no,no
,,,,,,,,,,,,,,,no,https://www.zomato.com/lucknow/truccos-hazratganj/info,,,no,no,no
,,,,,,,,,,,,,,,no,https://www.zomato.com/lucknow/criollo-cafe-hazratganj/info,,,no,no,no
,,,,,,,,,,,,,,,no,https://www.zomato.com/lucknow/avaya-eatery-coffee-house-hazratganj/info,,,no,no,no
,,,,,,,,,,,,,,,no,https://www.zomato.com/lucknow/haloz-flame-crafted-crust-hazratganj/info,,,no,no,no
,,,,,,,,,,,,,,,no,https://www.zomato.com/lucknow/fosho-pan-asian-italian-bistro-hazratganj/info,,,no,no,no
,,,,,,,,,,,,,,,no,https://www.zomato.com/lucknow/barkaas-indo-arabic-restaurant-1-aliganj/info,,,no,no,no
,,,,,,,,,,,,,,,no,https://www.zomato.com/lucknow/haloz-flame-crafted-crust-hazratganj/info,,,no,no,no
,,,,,,,,,,,,,,,no,https://www.zomato.com/lucknow/hazratganj-social-hazratganj/info,,,no,no,no
,,,,,,,,,,,,,,,no,https://www.zomato.com/lucknow/truccos-hazratganj/info,,,no,no,no
,,,,,,,,,,,,,,,no,https://www.zomato.com/lucknow/tanatan-hazratganj/info,,,no,no,no
,,,,,,,,,,,,,,,no,https://www.zomato.com/lucknow/criollo-cafe-hazratganj/info,,,no,no,no
,,,,,,,,,,,,,,,no,https://www.zomato.com/lucknow/hons-all-day-dining-hazratganj/info,,,no,no,no
,,,,,,,,,,,,,,,no,https://www.zomato.com/lucknow/avaya-eatery-coffee-house-hazratganj/info,,,no,no,no
,,,,,,,,,,,,,,,no,https://www.zomato.com/kolkata/tall-tales-theatre-road/info,,,no,no,no
,,,,,,,,,,,,,,,no,https://www.zomato.com/kolkata/hard-rock-cafe-park-street-area/info,,,no,no,no
,,,,,,,,,,,,,,,no,https://www.zomato.com/kolkata/garden-of-dreams-2-ballygunge/info,,,no,no,no
,,,,,,,,,,,,,,,no,https://www.zomato.com/kolkata/darlings-camac-street-area/info,,,no,no,no
,,,,,,,,,,,,,,,no,https://www.zomato.com/kolkata/lions-den-camac-street-area/info,,,no,no,no
,,,,,,,,,,,,,,,no,https://www.zomato.com/kolkata/soba-sassy-camac-street-area/info,,,no,no,no
,,,,,,,,,,,,,,,no,https://www.zomato.com/kolkata/carpe-diem-2-park-street-area/info,,,no,no,no
,,,,,,,,,,,,,,,no,https://www.zomato.com/kolkata/little-bit-sober-elgin/info,,,no,no,no
,,,,,,,,,,,,,,,no,https://www.zomato.com/kolkata/pepe-rosa-camac-street-area/info,,,no,no,no
,,,,,,,,,,,,,,,no,https://www.zomato.com/kolkata/darlings-camac-street-area/info,,,no,no,no
,,,,,,,,,,,,,,,no,https://www.zomato.com/kolkata/lions-den-camac-street-area/info,,,no,no,no
,,,,,,,,,,,,,,,no,https://www.zomato.com/kolkata/pepe-rosa-camac-street-area/info,,,no,no,no
,,,,,,,,,,,,,,,no,https://www.zomato.com/kolkata/tall-tales-theatre-road/info,,,no,no,no
,,,,,,,,,,,,,,,no,https://www.zomato.com/kolkata/soba-sassy-camac-street-area/info,,,no,no,no
,,,,,,,,,,,,,,,no,https://www.zomato.com/kolkata/hard-rock-cafe-park-street-area/info,,,no,no,no
,,,,,,,,,,,,,,,no,https://www.zomato.com/kolkata/carpe-diem-2-park-street-area/info,,,no,no,no
,,,,,,,,,,,,,,,no,https://www.zomato.com/kolkata/garden-of-dreams-2-ballygunge/info,,,no,no,no
,,,,,,,,,,,,,,,no,https://www.zomato.com/kolkata/little-bit-sober-elgin/info,,,no,no,no
,,,,,,,,,,,,,,,no,https://www.zomato.com/kolkata/canteen-pub-grub-sector-1-salt-lake/info,,,no,no,no
,,,,,,,,,,,,,,,no,https://www.zomato.com/kolkata/blue-plum-sector-2-salt-lake/info,,,no,no,no
,,,,,,,,,,,,,,,no,https://www.zomato.com/kolkata/the-pourgattory-sector-5-salt-lake/info,,,no,no,no
,,,,,,,,,,,,,,,no,https://www.zomato.com/kolkata/tbl-ultadanga/info,,,no,no,no
,,,,,,,,,,,,,,,no,https://www.zomato.com/kolkata/check-and-mate-cafe-dine-sector-3-salt-lake/info,,,no,no,no
,,,,,,,,,,,,,,,no,https://www.zomato.com/kolkata/the-empty-head-sector-5-salt-lake/info,,,no,no,no
,,,,,,,,,,,,,,,no,https://www.zomato.com/kolkata/the-library-de-sovrani-sector-1-salt-lake/info,,,no,no,no
,,,,,,,,,,,,,,,no,https://www.zomato.com/kolkata/sizzle-club-n-dine-sector-5-salt-lake/info,,,no,no,no
,,,,,,,,,,,,,,,no,https://www.zomato.com/kolkata/oye-balle-balle-dhaba-sector-3-salt-lake/info,,,no,no,no
,,,,,,,,,,,,,,,no,https://www.zomato.com/kolkata/tbl-ultadanga/info,,,no,no,no
,,,,,,,,,,,,,,,no,https://www.zomato.com/kolkata/check-and-mate-cafe-dine-sector-3-salt-lake/info,,,no,no,no
,,,,,,,,,,,,,,,no,https://www.zomato.com/kolkata/oye-balle-balle-dhaba-sector-3-salt-lake/info,,,no,no,no
,,,,,,,,,,,,,,,no,https://www.zomato.com/kolkata/canteen-pub-grub-sector-1-salt-lake/info,,,no,no,no
,,,,,,,,,,,,,,,no,https://www.zomato.com/kolkata/the-empty-head-sector-5-salt-lake/info,,,no,no,no
,,,,,,,,,,,,,,,no,https://www.zomato.com/kolkata/blue-plum-sector-2-salt-lake/info,,,no,no,no
,,,,,,,,,,,,,,,no,https://www.zomato.com/kolkata/the-library-de-sovrani-sector-1-salt-lake/info,,,no,no,no
,,,,,,,,,,,,,,,no,https://www.zomato.com/kolkata/the-pourgattory-sector-5-salt-lake/info,,,no,no,no
,,,,,,,,,,,,,,,no,https://www.zomato.com/kolkata/sizzle-club-n-dine-sector-5-salt-lake/info,,,no,no,no
,,,,,,,,,,,,,,,no,https://www.zomato.com/kolkata/garden-of-dreams-2-ballygunge/info,,,no,no,no
,,,,,,,,,,,,,,,no,https://www.zomato.com/kolkata/tall-tales-theatre-road/info,,,no,no,no
,,,,,,,,,,,,,,,no,https://www.zomato.com/kolkata/club-aeries-gariahat/info,,,no,no,no
,,,,,,,,,,,,,,,no,https://www.zomato.com/kolkata/splash-luxorant-the-aquarium-restaurant-southern-avenue/info,,,no,no,no
,,,,,,,,,,,,,,,no,https://www.zomato.com/kolkata/klubb-10-1-gariahat/info,,,no,no,no
,,,,,,,,,,,,,,,no,https://www.zomato.com/kolkata/riyasat-e-hind-ballygunge/info,,,no,no,no
,,,,,,,,,,,,,,,no,https://www.zomato.com/kolkata/lions-den-camac-street-area/info,,,no,no,no
,,,,,,,,,,,,,,,no,https://www.zomato.com/kolkata/hard-rock-cafe-park-street-area/info,,,no,no,no
,,,,,,,,,,,,,,,no,https://www.zomato.com/kolkata/little-bit-sober-elgin/info,,,no,no,no
,,,,,,,,,,,,,,,no,https://www.zomato.com/kolkata/splash-luxorant-the-aquarium-restaurant-southern-avenue/info,,,no,no,no
,,,,,,,,,,,,,,,no,https://www.zomato.com/kolkata/klubb-10-1-gariahat/info,,,no,no,no
,,,,,,,,,,,,,,,no,https://www.zomato.com/kolkata/little-bit-sober-elgin/info,,,no,no,no
,,,,,,,,,,,,,,,no,https://www.zomato.com/kolkata/garden-of-dreams-2-ballygunge/info,,,no,no,no
,,,,,,,,,,,,,,,no,https://www.zomato.com/kolkata/riyasat-e-hind-ballygunge/info,,,no,no,no
,,,,,,,,,,,,,,,no,https://www.zomato.com/kolkata/tall-tales-theatre-road/info,,,no,no,no
,,,,,,,,,,,,,,,no,https://www.zomato.com/kolkata/lions-den-camac-street-area/info,,,no,no,no
,,,,,,,,,,,,,,,no,https://www.zomato.com/kolkata/club-aeries-gariahat/info,,,no,no,no
,,,,,,,,,,,,,,,no,https://www.zomato.com/kolkata/hard-rock-cafe-park-street-area/info,,,no,no,no
,,,,,,,,,,,,,,,no,https://www.zomato.com/kolkata/tall-tales-theatre-road/info,,,no,no,no
,,,,,,,,,,,,,,,no,https://www.zomato.com/kolkata/hard-rock-cafe-park-street-area/info,,,no,no,no
,,,,,,,,,,,,,,,no,https://www.zomato.com/kolkata/garden-of-dreams-2-ballygunge/info,,,no,no,no
,,,,,,,,,,,,,,,no,https://www.zomato.com/kolkata/darlings-camac-street-area/info,,,no,no,no
,,,,,,,,,,,,,,,no,https://www.zomato.com/kolkata/lions-den-camac-street-area/info,,,no,no,no
,,,,,,,,,,,,,,,no,https://www.zomato.com/kolkata/soba-sassy-camac-street-area/info,,,no,no,no
,,,,,,,,,,,,,,,no,https://www.zomato.com/kolkata/little-bit-sober-elgin/info,,,no,no,no
,,,,,,,,,,,,,,,no,https://www.zomato.com/kolkata/carpe-diem-2-park-street-area/info,,,no,no,no
,,,,,,,,,,,,,,,no,https://www.zomato.com/kolkata/pepe-rosa-camac-street-area/info,,,no,no,no
,,,,,,,,,,,,,,,no,https://www.zomato.com/kolkata/darlings-camac-street-area/info,,,no,no,no
,,,,,,,,,,,,,,,no,https://www.zomato.com/kolkata/lions-den-camac-street-area/info,,,no,no,no
,,,,,,,,,,,,,,,no,https://www.zomato.com/kolkata/pepe-rosa-camac-street-area/info,,,no,no,no
,,,,,,,,,,,,,,,no,https://www.zomato.com/kolkata/tall-tales-theatre-road/info,,,no,no,no
,,,,,,,,,,,,,,,no,https://www.zomato.com/kolkata/soba-sassy-camac-street-area/info,,,no,no,no
,,,,,,,,,,,,,,,no,https://www.zomato.com/kolkata/hard-rock-cafe-park-street-area/info,,,no,no,no
,,,,,,,,,,,,,,,no,https://www.zomato.com/kolkata/little-bit-sober-elgin/info,,,no,no,no
,,,,,,,,,,,,,,,no,https://www.zomato.com/kolkata/garden-of-dreams-2-ballygunge/info,,,no,no,no
,,,,,,,,,,,,,,,no,https://www.zomato.com/kolkata/carpe-diem-2-park-street-area/info,,,no,no,no
,,,,,,,,,,,,,,,no,https://www.zomato.com/kolkata/splash-luxorant-the-aquarium-restaurant-southern-avenue/info,,,no,no,no
,,,,,,,,,,,,,,,no,https://www.zomato.com/kolkata/club-aeries-gariahat/info,,,no,no,no
,,,,,,,,,,,,,,,no,https://www.zomato.com/kolkata/tall-tales-theatre-road/info,,,no,no,no
,,,,,,,,,,,,,,,no,https://www.zomato.com/kolkata/klubb-10-1-gariahat/info,,,no,no,no
,,,,,,,,,,,,,,,no,https://www.zomato.com/kolkata/garden-of-dreams-2-ballygunge/info,,,no,no,no
,,,,,,,,,,,,,,,no,https://www.zomato.com/kolkata/cheese-cherry-pineapple-desapriya-park/info,,,no,no,no
,,,,,,,,,,,,,,,no,https://www.zomato.com/kolkata/bonne-femme-hindustan-park/info,,,no,no,no
,,,,,,,,,,,,,,,no,https://www.zomato.com/kolkata/kuumba-a-way-of-life-desapriya-park/info,,,no,no,no
,,,,,,,,,,,,,,,no,https://www.zomato.com/kolkata/the-cube-3-southern-avenue/info,,,no,no,no
,,,,,,,,,,,,,,,no,https://www.zomato.com/kolkata/klubb-10-1-gariahat/info,,,no,no,no
,,,,,,,,,,,,,,,no,https://www.zomato.com/kolkata/garden-of-dreams-2-ballygunge/info,,,no,no,no
,,,,,,,,,,,,,,,no,https://www.zomato.com/kolkata/the-cube-3-southern-avenue/info,,,no,no,no
,,,,,,,,,,,,,,,no,https://www.zomato.com/kolkata/splash-luxorant-the-aquarium-restaurant-southern-avenue/info,,,no,no,no
,,,,,,,,,,,,,,,no,https://www.zomato.com/kolkata/cheese-cherry-pineapple-desapriya-park/info,,,no,no,no
,,,,,,,,,,,,,,,no,https://www.zomato.com/kolkata/club-aeries-gariahat/info,,,no,no,no
,,,,,,,,,,,,,,,no,https://www.zomato.com/kolkata/bonne-femme-hindustan-park/info,,,no,no,no
,,,,,,,,,,,,,,,no,https://www.zomato.com/kolkata/tall-tales-theatre-road/info,,,no,no,no
,,,,,,,,,,,,,,,no,https://www.zomato.com/kolkata/kuumba-a-way-of-life-desapriya-park/info,,,no,no,no
,,,,,,,,,,,,,,,no,https://www.zomato.com/kolkata/la-artisan-bistro-new-town/info,,,no,no,no
,,,,,,,,,,,,,,,no,https://www.zomato.com/kolkata/the-pourgattory-sector-5-salt-lake/info,,,no,no,no
,,,,,,,,,,,,,,,no,https://www.zomato.com/kolkata/mood-box-chinar-park/info,,,no,no,no
,,,,,,,,,,,,,,,no,https://www.zomato.com/kolkata/the-empty-head-sector-5-salt-lake/info,,,no,no,no
,,,,,,,,,,,,,,,no,https://www.zomato.com/kolkata/traffic-gastropub-chinar-park/info,,,no,no,no
,,,,,,,,,,,,,,,no,https://www.zomato.com/kolkata/sizzle-club-n-dine-sector-5-salt-lake/info,,,no,no,no
,,,,,,,,,,,,,,,no,https://www.zomato.com/kolkata/blue-plum-sector-2-salt-lake/info,,,no,no,no
,,,,,,,,,,,,,,,no,https://www.zomato.com/kolkata/pub-97-sector-5-salt-lake/info,,,no,no,no
,,,,,,,,,,,,,,,no,https://www.zomato.com/kolkata/liqua-rooftop-poolside-bar-sector-5-salt-lake/info,,,no,no,no
,,,,,,,,,,,,,,,no,https://www.zomato.com/kolkata/the-empty-head-sector-5-salt-lake/info,,,no,no,no
,,,,,,,,,,,,,,,no,https://www.zomato.com/kolkata/traffic-gastropub-chinar-park/info,,,no,no,no
,,,,,,,,,,,,,,,no,https://www.zomato.com/kolkata/liqua-rooftop-poolside-bar-sector-5-salt-lake/info,,,no,no,no
,,,,,,,,,,,,,,,no,https://www.zomato.com/kolkata/la-artisan-bistro-new-town/info,,,no,no,no
,,,,,,,,,,,,,,,no,https://www.zomato.com/kolkata/sizzle-club-n-dine-sector-5-salt-lake/info,,,no,no,no
,,,,,,,,,,,,,,,no,https://www.zomato.com/kolkata/the-pourgattory-sector-5-salt-lake/info,,,no,no,no
,,,,,,,,,,,,,,,no,https://www.zomato.com/kolkata/blue-plum-sector-2-salt-lake/info,,,no,no,no
,,,,,,,,,,,,,,,no,https://www.zomato.com/kolkata/mood-box-chinar-park/info,,,no,no,no
,,,,,,,,,,,,,,,no,https://www.zomato.com/kolkata/pub-97-sector-5-salt-lake/info,,,no,no,no
,,,,,,,,,,,,,,,no,https://www.zomato.com/kolkata/the-pourgattory-sector-5-salt-lake/info,,,no,no,no
,,,,,,,,,,,,,,,no,https://www.zomato.com/kolkata/the-empty-head-sector-5-salt-lake/info,,,no,no,no
,,,,,,,,,,,,,,,no,https://www.zomato.com/kolkata/sizzle-club-n-dine-sector-5-salt-lake/info,,,no,no,no
,,,,,,,,,,,,,,,no,https://www.zomato.com/kolkata/blue-plum-sector-2-salt-lake/info,,,no,no,no
,,,,,,,,,,,,,,,no,https://www.zomato.com/kolkata/pub-97-sector-5-salt-lake/info,,,no,no,no
,,,,,,,,,,,,,,,no,https://www.zomato.com/kolkata/liqua-rooftop-poolside-bar-sector-5-salt-lake/info,,,no,no,no
,,,,,,,,,,,,,,,no,https://www.zomato.com/kolkata/five-mad-men-1-sector-5-salt-lake/info,,,no,no,no
,,,,,,,,,,,,,,,no,https://www.zomato.com/kolkata/sly-fox-gastro-club-sector-5-salt-lake/info,,,no,no,no
,,,,,,,,,,,,,,,no,https://www.zomato.com/kolkata/canteen-pub-grub-sector-1-salt-lake/info,,,no,no,no
,,,,,,,,,,,,,,,no,https://www.zomato.com/kolkata/blue-plum-sector-2-salt-lake/info,,,no,no,no
,,,,,,,,,,,,,,,no,https://www.zomato.com/kolkata/pub-97-sector-5-salt-lake/info,,,no,no,no
,,,,,,,,,,,,,,,no,https://www.zomato.com/kolkata/canteen-pub-grub-sector-1-salt-lake/info,,,no,no,no
,,,,,,,,,,,,,,,no,https://www.zomato.com/kolkata/the-pourgattory-sector-5-salt-lake/info,,,no,no,no
,,,,,,,,,,,,,,,no,https://www.zomato.com/kolkata/liqua-rooftop-poolside-bar-sector-5-salt-lake/info,,,no,no,no
,,,,,,,,,,,,,,,no,https://www.zomato.com/kolkata/the-empty-head-sector-5-salt-lake/info,,,no,no,no
,,,,,,,,,,,,,,,no,https://www.zomato.com/kolkata/five-mad-men-1-sector-5-salt-lake/info,,,no,no,no
,,,,,,,,,,,,,,,no,https://www.zomato.com/kolkata/sizzle-club-n-dine-sector-5-salt-lake/info,,,no,no,no
,,,,,,,,,,,,,,,no,https://www.zomato.com/kolkata/sly-fox-gastro-club-sector-5-salt-lake/info,,,no,no,no
,,,,,,,,,,,,,,,no,https://www.zomato.com/kolkata/mood-box-chinar-park/info,,,no,no,no
,,,,,,,,,,,,,,,no,https://www.zomato.com/kolkata/traffic-gastropub-chinar-park/info,,,no,no,no
,,,,,,,,,,,,,,,no,https://www.zomato.com/kolkata/kareems-chinar-park/info,,,no,no,no
,,,,,,,,,,,,,,,no,https://www.zomato.com/kolkata/calcutta-bistro-1-chinar-park/info,,,no,no,no
,,,,,,,,,,,,,,,no,https://www.zomato.com/kolkata/nox-by-northin-dum-dum/info,,,no,no,no
,,,,,,,,,,,,,,,no,https://www.zomato.com/kolkata/aerosky-bar-kitchen-kaikhali/info,,,no,no,no
,,,,,,,,,,,,,,,no,https://www.zomato.com/kolkata/seasonal-taste-the-westin-kolkata-new-town/info,,,no,no,no
,,,,,,,,,,,,,,,no,https://www.zomato.com/kolkata/aminia-1-nagerbazar/info,,,no,no,no
,,,,,,,,,,,,,,,no,https://www.zomato.com/kolkata/chowman-1-chinar-park/info,,,no,no,no
,,,,,,,,,,,,,,,no,https://www.zomato.com/kolkata/calcutta-bistro-1-chinar-park/info,,,no,no,no
,,,,,,,,,,,,,,,no,https://www.zomato.com/kolkata/nox-by-northin-dum-dum/info,,,no,no,no
,,,,,,,,,,,,,,,no,https://www.zomato.com/kolkata/chowman-1-chinar-park/info,,,no,no,no
,,,,,,,,,,,,,,,no,https://www.zomato.com/kolkata/mood-box-chinar-park/info,,,no,no,no
,,,,,,,,,,,,,,,no,https://www.zomato.com/kolkata/aerosky-bar-kitchen-kaikhali/info,,,no,no,no
,,,,,,,,,,,,,,,no,https://www.zomato.com/kolkata/traffic-gastropub-chinar-park/info,,,no,no,no
,,,,,,,,,,,,,,,no,https://www.zomato.com/kolkata/seasonal-taste-the-westin-kolkata-new-town/info,,,no,no,no
,,,,,,,,,,,,,,,no,https://www.zomato.com/kolkata/kareems-chinar-park/info,,,no,no,no
,,,,,,,,,,,,,,,no,https://www.zomato.com/kolkata/aminia-1-nagerbazar/info,,,no,no,no
,,,,,,,,,,,,,,,no,https://www.zomato.com/goa/terra-by-ocean-palms-goa-calangute/info,,,no,no,no
,,,,,,,,,,,,,,,no,https://www.zomato.com/goa/palms-n-sands-candolim/info,,,no,no,no
,,,,,,,,,,,,,,,no,https://www.zomato.com/goa/yazu-pan-asian-beach-club-candolim/info,,,no,no,no
,,,,,,,,,,,,,,,no,https://www.zomato.com/goa/calamari-bathe-binge-candolim/info,,,no,no,no
,,,,,,,,,,,,,,,no,https://www.zomato.com/goa/the-fishermans-wharf-calangute/info,,,no,no,no
,,,,,,,,,,,,,,,no,https://www.zomato.com/goa/tomatos-beachside-kitchen-and-bar-candolim/info,,,no,no,no
,,,,,,,,,,,,,,,no,https://www.zomato.com/goa/pisco-by-the-beach-anjuna/info,,,no,no,no
,,,,,,,,,,,,,,,no,https://www.zomato.com/goa/si-nonnas-the-original-sourdough-pizza-candolim/info,,,no,no,no
,,,,,,,,,,,,,,,no,https://www.zomato.com/goa/cellar-1612-candolim/info,,,no,no,no
,,,,,,,,,,,,,,,no,https://www.zomato.com/goa/calamari-bathe-binge-candolim/info,,,no,no,no
,,,,,,,,,,,,,,,no,https://www.zomato.com/goa/the-fishermans-wharf-calangute/info,,,no,no,no
,,,,,,,,,,,,,,,no,https://www.zomato.com/goa/cellar-1612-candolim/info,,,no,no,no
,,,,,,,,,,,,,,,no,https://www.zomato.com/goa/terra-by-ocean-palms-goa-calangute/info,,,no,no,no
,,,,,,,,,,,,,,,no,https://www.zomato.com/goa/tomatos-beachside-kitchen-and-bar-candolim/info,,,no,no,no
,,,,,,,,,,,,,,,no,https://www.zomato.com/goa/palms-n-sands-candolim/info,,,no,no,no
,,,,,,,,,,,,,,,no,https://www.zomato.com/goa/pisco-by-the-beach-anjuna/info,,,no,no,no
,,,,,,,,,,,,,,,no,https://www.zomato.com/goa/yazu-pan-asian-beach-club-candolim/info,,,no,no,no
,,,,,,,,,,,,,,,no,https://www.zomato.com/goa/si-nonnas-the-original-sourdough-pizza-candolim/info,,,no,no,no
,,,,,,,,,,,,,,,no,https://www.zomato.com/goa/ritz-classic-margao/info,,,no,no,no
,,,,,,,,,,,,,,,no,https://www.zomato.com/goa/cremeux-pizza-bakery-cafe-margao/info,,,no,no,no
,,,,,,,,,,,,,,,no,https://www.zomato.com/goa/the-grounded-bean-cafe-margao/info,,,no,no,no
,,,,,,,,,,,,,,,no,https://www.zomato.com/goa/frozen-bottle-milkshakes-desserts-and-ice-cream-margao/info,,,no,no,no
,,,,,,,,,,,,,,,no,https://www.zomato.com/goa/cherry-tomato-margao/info,,,no,no,no
,,,,,,,,,,,,,,,no,https://www.zomato.com/goa/waffle-planet-navelim/info,,,no,no,no
,,,,,,,,,,,,,,,no,https://www.zomato.com/goa/espresso-foods-margao/info,,,no,no,no
,,,,,,,,,,,,,,,no,https://www.zomato.com/goa/fes-deli-margao/info,,,no,no,no
,,,,,,,,,,,,,,,no,https://www.zomato.com/goa/sweet-pink-margao/info,,,no,no,no
,,,,,,,,,,,,,,,no,https://www.zomato.com/goa/frozen-bottle-milkshakes-desserts-and-ice-cream-margao/info,,,no,no,no
,,,,,,,,,,,,,,,no,https://www.zomato.com/goa/cherry-tomato-margao/info,,,no,no,no
,,,,,,,,,,,,,,,no,https://www.zomato.com/goa/sweet-pink-margao/info,,,no,no,no
,,,,,,,,,,,,,,,no,https://www.zomato.com/goa/ritz-classic-margao/info,,,no,no,no
,,,,,,,,,,,,,,,no,https://www.zomato.com/goa/waffle-planet-navelim/info,,,no,no,no
,,,,,,,,,,,,,,,no,https://www.zomato.com/goa/cremeux-pizza-bakery-cafe-margao/info,,,no,no,no
,,,,,,,,,,,,,,,no,https://www.zomato.com/goa/espresso-foods-margao/info,,,no,no,no
,,,,,,,,,,,,,,,yes,https://www.zomato.com/goa/the-grounded-bean-cafe-margao/info,"88,430",36,no,no,no
,,,,,,,,,,,,,,,yes,https://www.zomato.com/goa/fes-deli-margao/info,"88,430",36,no,no,no
,,,,,,,,,,,,,,,yes,https://www.zomato.com/goa/one8-commune-goa-assagao/info,"88,430",36,no,no,no
,,,,,,,,,,,,,,,yes,https://www.zomato.com/goa/purple-martini-anjuna/info,"88,430",36,no,no,no
,,,,,,,,,,,,,,,yes,https://www.zomato.com/goa/titlie-vagator/info,"88,430",36,no,no,no
,,,,,,,,,,,,,,,yes,https://www.zomato.com/goa/uma-by-the-sea-morjim/info,"88,430",36,no,no,no
,,,,,,,,,,,,,,,yes,https://www.zomato.com/goa/jamun-assagao/info,"88,430",36,no,no,no
,,,,,,,,,,,,,,,yes,https://www.zomato.com/goa/hosa-siolim/info,"88,430",36,no,no,no
,,,,,,,,,,,,,,,yes,https://www.zomato.com/goa/bean-me-up-vagator/info,"88,430",36,no,no,no
,,,,,,,,,,,,,,,yes,https://www.zomato.com/goa/jugnu-assagao/info,"88,430",36,no,no,no
,,,,,,,,,,,,,,,yes,https://www.zomato.com/goa/mayan-beach-club-2-anjuna/info,"88,430",36,no,no,no
,,,,,,,,,,,,,,,yes,https://www.zomato.com/goa/uma-by-the-sea-morjim/info,"88,430",36,no,no,no
,,,,,,,,,,,,,,,yes,https://www.zomato.com/goa/jamun-assagao/info,"88,430",36,no,no,no
,,,,,,,,,,,,,,,yes,https://www.zomato.com/goa/mayan-beach-club-2-anjuna/info,"88,430",36,no,no,no
,,,,,,,,,,,,,,,yes,https://www.zomato.com/goa/one8-commune-goa-assagao/info,"88,430",36,no,no,no
,,,,,,,,,,,,,,,yes,https://www.zomato.com/goa/hosa-siolim/info,"88,430",36,no,no,no
,,,,,,,,,,,,,,,yes,https://www.zomato.com/goa/purple-martini-anjuna/info,"88,430",36,no,no,no
,,,,,,,,,,,,,,,yes,https://www.zomato.com/goa/bean-me-up-vagator/info,"88,430",36,no,no,no
,,,,,,,,,,,,,,,yes,https://www.zomato.com/goa/titlie-vagator/info,"88,430",36,no,no,no
,,,,,,,,,,,,,,,yes,https://www.zomato.com/goa/jugnu-assagao/info,"88,430",36,no,no,no
,,,,,,,,,,,,,,,yes,https://www.zomato.com/goa/fika-coffee-co-panaji/info,"88,430",36,no,no,no
,,,,,,,,,,,,,,,yes,https://www.zomato.com/goa/the-fishermans-wharf-panaji/info,"88,430",36,no,no,no
,,,,,,,,,,,,,,,yes,https://www.zomato.com/goa/cellar-1612-candolim/info,"88,430",36,no,no,no
,,,,,,,,,,,,,,,yes,https://www.zomato.com/goa/raki-modern-mezze-and-more-panaji/info,"88,430",36,no,no,no
,,,,,,,,,,,,,,,yes,https://www.zomato.com/goa/third-table-penha-de-franca/info,"88,430",36,no,no,no
,,,,,,,,,,,,,,,yes,https://www.zomato.com/goa/noras-cantina-panaji/info,"88,430",36,no,no,no
,,,,,,,,,,,,,,,yes,https://www.zomato.com/goa/@saipe-hilton-goa-resort-candolim/info,"88,430",36,no,no,no
,,,,,,,,,,,,,,,yes,https://www.zomato.com/goa/terttulia-panaji/info,"88,430",36,no,no,no
,,,,,,,,,,,,,,,yes,https://www.zomato.com/goa/anabolic-cafe-panaji/info,"88,430",36,no,no,no
,,,,,,,,,,,,,,,yes,https://www.zomato.com/goa/raki-modern-mezze-and-more-panaji/info,"88,430",36,no,no,no
,,,,,,,,,,,,,,,yes,https://www.zomato.com/goa/third-table-penha-de-franca/info,"88,430",36,no,no,no
,,,,,,,,,,,,,,,yes,https://www.zomato.com/goa/anabolic-cafe-panaji/info,"88,430",36,no,no,no
,,,,,,,,,,,,,,,yes,https://www.zomato.com/goa/fika-coffee-co-panaji/info,"88,430",36,no,no,no
,,,,,,,,,,,,,,,yes,https://www.zomato.com/goa/noras-cantina-panaji/info,"88,430",36,no,no,no
,,,,,,,,,,,,,,,yes,https://www.zomato.com/goa/the-fishermans-wharf-panaji/info,"88,430",36,no,no,no
,,,,,,,,,,,,,,,yes,https://www.zomato.com/goa/@saipe-hilton-goa-resort-candolim/info,"88,430",36,no,no,no
,,,,,,,,,,,,,,,yes,https://www.zomato.com/goa/cellar-1612-candolim/info,"88,430",36,no,no,no
,,,,,,,,,,,,,,,yes,https://www.zomato.com/goa/terttulia-panaji/info,"88,430",36,no,no,no
,,,,,,,,,,,,,,,yes,https://www.zomato.com/goa/cuebebar-on-the-beach-1-ashwem/info,"88,430",36,no,no,no
,,,,,,,,,,,,,,,yes,https://www.zomato.com/goa/thalassa-beach-ashwem/info,"88,430",36,no,no,no
,,,,,,,,,,,,,,,yes,https://www.zomato.com/goa/uma-by-the-sea-morjim/info,"88,430",36,no,no,no
,,,,,,,,,,,,,,,yes,https://www.zomato.com/goa/morjim-culture-1-morjim/info,"88,430",36,no,no,no
,,,,,,,,,,,,,,,yes,https://www.zomato.com/goa/bastian-riviera-morjim/info,"88,430",36,no,no,no
,,,,,,,,,,,,,,,yes,https://www.zomato.com/goa/jaadugari-indian-restro-and-bar-morjim/info,"88,430",36,no,no,no
,,,,,,,,,,,,,,,yes,https://www.zomato.com/goa/tikitii-morjim/info,"88,430",36,no,no,no
,,,,,,,,,,,,,,,yes,https://www.zomato.com/goa/susegado-microbrewery-arambol/info,"88,430",36,no,no,no
,,,,,,,,,,,,,,,yes,https://www.zomato.com/goa/farzi-beach-ashwem/info,"88,430",36,no,no,no
,,,,,,,,,,,,,,,yes,https://www.zomato.com/goa/morjim-culture-1-morjim/info,"88,430",36,no,no,no
,,,,,,,,,,,,,,,yes,https://www.zomato.com/goa/bastian-riviera-morjim/info,"88,430",36,no,no,no
,,,,,,,,,,,,,,,yes,https://www.zomato.com/goa/farzi-beach-ashwem/info,"88,430",36,no,no,no
,,,,,,,,,,,,,,,yes,https://www.zomato.com/goa/cuebebar-on-the-beach-1-ashwem/info,"88,430",36,no,no,no
,,,,,,,,,,,,,,,yes,https://www.zomato.com/goa/jaadugari-indian-restro-and-bar-morjim/info,"88,430",36,no,no,no
,,,,,,,,,,,,,,,yes,https://www.zomato.com/goa/thalassa-beach-ashwem/info,"88,430",36,no,no,no
,,,,,,,,,,,,,,,yes,https://www.zomato.com/goa/tikitii-morjim/info,"88,430",36,no,no,no
,,,,,,,,,,,,,,,yes,https://www.zomato.com/goa/uma-by-the-sea-morjim/info,"88,430",36,no,no,no
,,,,,,,,,,,,,,,yes,https://www.zomato.com/goa/susegado-microbrewery-arambol/info,"88,430",36,no,no,no
,,,,,,,,,,,,,,,yes,https://www.zomato.com/goa/one8-commune-goa-assagao/info,"88,430",36,no,no,no
,,,,,,,,,,,,,,,yes,https://www.zomato.com/goa/purple-martini-anjuna/info,"88,430",36,no,no,no
,,,,,,,,,,,,,,,yes,https://www.zomato.com/goa/titlie-vagator/info,"88,430",36,no,no,no
,,,,,,,,,,,,,,,yes,https://www.zomato.com/goa/jamun-assagao/info,"88,430",36,no,no,no
,,,,,,,,,,,,,,,yes,https://www.zomato.com/goa/hosa-siolim/info,"88,430",36,no,no,no
,,,,,,,,,,,,,,,yes,https://www.zomato.com/goa/bean-me-up-vagator/info,"88,430",36,no,no,no
,,,,,,,,,,,,,,,yes,https://www.zomato.com/goa/mayan-beach-club-2-anjuna/info,"88,430",36,no,no,no
,,,,,,,,,,,,,,,yes,https://www.zomato.com/goa/the-fishermans-wharf-calangute/info,"88,430",36,no,no,no
,,,,,,,,,,,,,,,yes,https://www.zomato.com/goa/fat-fish-anjuna-anjuna/info,"88,430",36,no,no,no
,,,,,,,,,,,,,,,yes,https://www.zomato.com/goa/jamun-assagao/info,"88,430",36,no,no,no
,,,,,,,,,,,,,,,yes,https://www.zomato.com/goa/hosa-siolim/info,"88,430",36,no,no,no
,,,,,,,,,,,,,,,yes,https://www.zomato.com/goa/fat-fish-anjuna-anjuna/info,"88,430",36,no,no,no
,,,,,,,,,,,,,,,yes,https://www.zomato.com/goa/one8-commune-goa-assagao/info,"88,430",36,no,no,no
,,,,,,,,,,,,,,,yes,https://www.zomato.com/goa/bean-me-up-vagator/info,"88,430",36,no,no,no
,,,,,,,,,,,,,,,yes,https://www.zomato.com/goa/titlie-vagator/info,"88,430",36,no,no,no
,,,,,,,,,,,,,,,yes,https://www.zomato.com/goa/the-fishermans-wharf-calangute/info,"88,430",36,no,no,no
,,,,,,,,,,,,,,,yes,https://www.zomato.com/goa/pisco-by-the-beach-anjuna/info,"88,430",36,no,no,no
,,,,,,,,,,,,,,,yes,https://www.zomato.com/goa/purple-martini-anjuna/info,"88,430",36,no,no,no
,,,,,,,,,,,,,,,yes,https://www.zomato.com/goa/mayan-beach-club-2-anjuna/info,"88,430",36,no,no,no
,,,,,,,,,,,,,,,yes,https://www.zomato.com/goa/terra-by-ocean-palms-goa-calangute/info,"88,430",36,no,no,no
,,,,,,,,,,,,,,,yes,https://www.zomato.com/goa/purple-martini-anjuna/info,"88,430",36,no,no,no
,,,,,,,,,,,,,,,yes,https://www.zomato.com/goa/titlie-vagator/info,"88,430",36,no,no,no
,,,,,,,,,,,,,,,yes,https://www.zomato.com/goa/jamun-assagao/info,"88,430",36,no,no,no
,,,,,,,,,,,,,,,yes,https://www.zomato.com/goa/bean-me-up-vagator/info,"88,430",36,no,no,no
,,,,,,,,,,,,,,,yes,https://www.zomato.com/goa/mayan-beach-club-2-anjuna/info,"88,430",36,no,no,no
,,,,,,,,,,,,,,,yes,https://www.zomato.com/goa/the-fishermans-wharf-calangute/info,"88,430",36,no,no,no
,,,,,,,,,,,,,,,yes,https://www.zomato.com/goa/fat-fish-anjuna-anjuna/info,"88,430",36,no,no,no
,,,,,,,,,,,,,,,yes,https://www.zomato.com/goa/tomatos-beachside-kitchen-and-bar-candolim/info,"88,430",36,no,no,no
,,,,,,,,,,,,,,,yes,https://www.zomato.com/goa/jamun-assagao/info,"88,430",36,no,no,no
,,,,,,,,,,,,,,,yes,https://www.zomato.com/goa/bean-me-up-vagator/info,"88,430",36,no,no,no
,,,,,,,,,,,,,,,yes,https://www.zomato.com/goa/tomatos-beachside-kitchen-and-bar-candolim/info,"88,430",36,no,no,no
,,,,,,,,,,,,,,,yes,https://www.zomato.com/goa/purple-martini-anjuna/info,"88,430",36,no,no,no
,,,,,,,,,,,,,,,yes,https://www.zomato.com/goa/the-fishermans-wharf-calangute/info,"88,430",36,no,no,no
,,,,,,,,,,,,,,,yes,https://www.zomato.com/goa/pisco-by-the-beach-anjuna/info,"88,430",36,no,no,no
,,,,,,,,,,,,,,,yes,https://www.zomato.com/goa/titlie-vagator/info,"88,430",36,no,no,no
,,,,,,,,,,,,,,,yes,https://www.zomato.com/goa/fat-fish-anjuna-anjuna/info,"88,430",36,no,no,no
,,,,,,,,,,,,,,,yes,https://www.zomato.com/goa/mayan-beach-club-2-anjuna/info,"88,430",36,no,no,no
,,,,,,,,,,,,,,,yes,https://www.zomato.com/goa/terra-by-ocean-palms-goa-calangute/info,"88,430",36,no,no,no
,,,,,,,,,,,,,,,yes,https://www.zomato.com/goa/palms-n-sands-candolim/info,"88,430",36,no,no,no
,,,,,,,,,,,,,,,yes,https://www.zomato.com/goa/yazu-pan-asian-beach-club-candolim/info,"88,430",36,no,no,no
,,,,,,,,,,,,,,,yes,https://www.zomato.com/goa/calamari-bathe-binge-candolim/info,"88,430",36,no,no,no
,,,,,,,,,,,,,,,yes,https://www.zomato.com/goa/the-fishermans-wharf-calangute/info,"88,430",36,no,no,no
,,,,,,,,,,,,,,,yes,https://www.zomato.com/goa/tomatos-beachside-kitchen-and-bar-candolim/info,"88,430",36,no,no,no
,,,,,,,,,,,,,,,yes,https://www.zomato.com/goa/si-nonnas-the-original-sourdough-pizza-candolim/info,"88,430",36,no,no,no
,,,,,,,,,,,,,,,yes,https://www.zomato.com/goa/cellar-1612-candolim/info,"88,430",36,no,no,no
,,,,,,,,,,,,,,,yes,https://www.zomato.com/goa/toula-bar-kitchen-candolim/info,"88,430",36,no,no,no
,,,,,,,,,,,,,,,yes,https://www.zomato.com/goa/souza-lobo-since-1932-calangute/info,"88,430",36,no,no,no
,,,,,,,,,,,,,,,yes,https://www.zomato.com/goa/terra-by-ocean-palms-goa-calangute/info,"88,430",36,no,no,no
,,,,,,,,,,,,,,,yes,https://www.zomato.com/goa/terra-by-ocean-palms-goa-calangute/info,"88,430",36,no,no,no
,,,,,,,,,,,,,,,yes,https://www.zomato.com/goa/the-fishermans-wharf-calangute/info,"88,430",36,no,no,no
,,,,,,,,,,,,,,,yes,https://www.zomato.com/goa/tomatos-beachside-kitchen-and-bar-candolim/info,"88,430",36,no,no,no
,,,,,,,,,,,,,,,yes,https://www.zomato.com/goa/yazu-pan-asian-beach-club-candolim/info,"88,430",36,no,no,no
,,,,,,,,,,,,,,,yes,https://www.zomato.com/goa/cellar-1612-candolim/info,"88,430",36,no,no,no
,,,,,,,,,,,,,,,yes,https://www.zomato.com/goa/souza-lobo-since-1932-calangute/info,"88,430",36,no,no,no
,,,,,,,,,,,,,,,yes,https://www.zomato.com/goa/calamari-bathe-binge-candolim/info,"88,430",36,no,no,no
,,,,,,,,,,,,,,,yes,https://www.zomato.com/goa/toula-bar-kitchen-candolim/info,"88,430",36,no,no,no
,,,,,,,,,,,,,,,yes,https://www.zomato.com/goa/palms-n-sands-candolim/info,"88,430",36,no,no,no
,,,,,,,,,,,,,,,yes,https://www.zomato.com/goa/si-nonnas-the-original-sourdough-pizza-candolim/info,"88,430",36,no,no,no
,,,,,,,,,,,,,,,yes,https://www.zomato.com/coimbatore/bazaar-zone-by-the-park-lakshmi-mills/info,"88,430",36,no,no,no
,,,,,,,,,,,,,,,yes,https://www.zomato.com/coimbatore/the-living-room-peelamedu/info,"88,430",36,no,no,no
,,,,,,,,,,,,,,,yes,https://www.zomato.com/coimbatore/ss-hyderabad-biryani-coimbatore-gandhipuram/info,"88,430",36,no,no,no
,,,,,,,,,,,,,,,yes,https://www.zomato.com/coimbatore/cafe-locus-peelamedu/info,"88,430",36,no,no,no
,,,,,,,,,,,,,,,yes,https://www.zomato.com/coimbatore/lord-of-the-drinks-peelamedu/info,"88,430",36,no,no,no
,,,,,,,,,,,,,,,yes,https://www.zomato.com/coimbatore/mufasa-race-course/info,"88,430",36,no,no,no
,,,,,,,,,,,,,,,yes,https://www.zomato.com/coimbatore/sherlocks-lounge-kitchen-rs-puram/info,"88,430",36,no,no,no
,,,,,,,,,,,,,,,yes,https://www.zomato.com/coimbatore/the-bermuda-rs-puram/info,"88,430",36,no,no,no
,,,,,,,,,,,,,,,yes,https://www.zomato.com/coimbatore/rajapalayam-anandas-lakshmi-mills/info,"88,430",36,no,no,no
,,,,,,,,,,,,,,,yes,https://www.zomato.com/coimbatore/cafe-locus-peelamedu/info,"88,430",36,no,no,no
,,,,,,,,,,,,,,,yes,https://www.zomato.com/coimbatore/lord-of-the-drinks-peelamedu/info,"88,430",36,no,no,no
,,,,,,,,,,,,,,,yes,https://www.zomato.com/coimbatore/rajapalayam-anandas-lakshmi-mills/info,"88,430",36,no,no,no
,,,,,,,,,,,,,,,yes,https://www.zomato.com/coimbatore/bazaar-zone-by-the-park-lakshmi-mills/info,"88,430",36,no,no,no
,,,,,,,,,,,,,,,yes,https://www.zomato.com/coimbatore/mufasa-race-course/info,"88,430",36,no,no,no
,,,,,,,,,,,,,,,yes,https://www.zomato.com/coimbatore/ss-hyderabad-biryani-coimbatore-gandhipuram/info,"88,430",36,no,no,no
,,,,,,,,,,,,,,,yes,https://www.zomato.com/coimbatore/the-bermuda-rs-puram/info,"88,430",36,no,no,no
,,,,,,,,,,,,,,,yes,https://www.zomato.com/coimbatore/trevizo-race-course/info,"88,430",36,no,no,no
,,,,,,,,,,,,,,,yes,https://www.zomato.com/coimbatore/the-living-room-peelamedu/info,"88,430",36,no,no,no
,,,,,,,,,,,,,,,yes,https://www.zomato.com/coimbatore/sherlocks-lounge-kitchen-rs-puram/info,"88,430",36,no,no,no
,,,,,,,,,,,,,,,yes,https://www.zomato.com/coimbatore/bazaar-zone-by-the-park-lakshmi-mills/info,"88,430",36,no,no,no
,,,,,,,,,,,,,,,yes,https://www.zomato.com/coimbatore/beyond-the-stories-saibaba-colony/info,"88,430",36,no,no,no
,,,,,,,,,,,,,,,yes,https://www.zomato.com/coimbatore/ss-hyderabad-biryani-coimbatore-gandhipuram/info,"88,430",36,no,no,no
,,,,,,,,,,,,,,,yes,https://www.zomato.com/coimbatore/cafe-locus-peelamedu/info,"88,430",36,no,no,no
,,,,,,,,,,,,,,,yes,https://www.zomato.com/coimbatore/mufasa-race-course/info,"88,430",36,no,no,no
,,,,,,,,,,,,,,,yes,https://www.zomato.com/coimbatore/sherlocks-lounge-kitchen-rs-puram/info,"88,430",36,no,no,no
,,,,,,,,,,,,,,,yes,https://www.zomato.com/coimbatore/the-bermuda-rs-puram/info,"88,430",36,no,no,no
,,,,,,,,,,,,,,,yes,https://www.zomato.com/coimbatore/rajapalayam-anandas-lakshmi-mills/info,"88,430",36,no,no,no
,,,,,,,,,,,,,,,yes,https://www.zomato.com/coimbatore/trevizo-race-course/info,"88,430",36,no,no,no
,,,,,,,,,,,,,,,yes,https://www.zomato.com/coimbatore/cafe-locus-peelamedu/info,"88,430",36,no,no,no
,,,,,,,,,,,,,,,yes,https://www.zomato.com/coimbatore/mufasa-race-course/info,"88,430",36,no,no,no
,,,,,,,,,,,,,,,yes,https://www.zomato.com/coimbatore/trevizo-race-course/info,"88,430",36,no,no,no
,,,,,,,,,,,,,,,yes,https://www.zomato.com/coimbatore/bazaar-zone-by-the-park-lakshmi-mills/info,"88,430",36,no,no,no
,,,,,,,,,,,,,,,yes,https://www.zomato.com/coimbatore/sherlocks-lounge-kitchen-rs-puram/info,"88,430",36,no,no,no
,,,,,,,,,,,,,,,yes,https://www.zomato.com/coimbatore/beyond-the-stories-saibaba-colony/info,"88,430",36,no,no,no
,,,,,,,,,,,,,,,yes,https://www.zomato.com/coimbatore/the-bermuda-rs-puram/info,"88,430",36,no,no,no
,,,,,,,,,,,,,,,yes,https://www.zomato.com/coimbatore/ss-hyderabad-biryani-coimbatore-gandhipuram/info,"88,430",36,no,no,no
,,,,,,,,,,,,,,,yes,https://www.zomato.com/coimbatore/rajapalayam-anandas-lakshmi-mills/info,"88,430",36,no,no,no
,,,,,,,,,,,,,,,yes,https://www.zomato.com/coimbatore/on-the-rocks-kalapatti/info,"88,430",36,no,no,no
,,,,,,,,,,,,,,,yes,https://www.zomato.com/coimbatore/warehouse-kalapatti/info,"88,430",36,no,no,no
,,,,,,,,,,,,,,,yes,https://www.zomato.com/coimbatore/hide-in-heaven-saravanampatty/info,"88,430",36,no,no,no
,,,,,,,,,,,,,,,yes,https://www.zomato.com/coimbatore/wow-momo-1-saravanampatty/info,"88,430",36,no,no,no
,,,,,,,,,,,,,,,yes,https://www.zomato.com/coimbatore/sahara-restaurant-saravanampatty/info,"88,430",36,no,no,no
,,,,,,,,,,,,,,,yes,https://www.zomato.com/coimbatore/hifive-cafe-saravanampatty/info,"88,430",36,no,no,no
,,,,,,,,,,,,,,,yes,https://www.zomato.com/coimbatore/copper-coupe-resto-bar-saravanampatty/info,"88,430",36,no,no,no
,,,,,,,,,,,,,,,yes,https://www.zomato.com/coimbatore/cardiff-cafe-peelamedu/info,"88,430",36,no,no,no
,,,,,,,,,,,,,,,yes,https://www.zomato.com/coimbatore/green-leaf-restaurant-kalapatti/info,"88,430",36,no,no,no
,,,,,,,,,,,,,,,yes,https://www.zomato.com/coimbatore/wow-momo-1-saravanampatty/info,"88,430",36,no,no,no
,,,,,,,,,,,,,,,yes,https://www.zomato.com/coimbatore/sahara-restaurant-saravanampatty/info,"88,430",36,no,no,no
,,,,,,,,,,,,,,,yes,https://www.zomato.com/coimbatore/green-leaf-restaurant-kalapatti/info,"88,430",36,no,no,no
,,,,,,,,,,,,,,,yes,https://www.zomato.com/coimbatore/on-the-rocks-kalapatti/info,"88,430",36,no,no,no
,,,,,,,,,,,,,,,yes,https://www.zomato.com/coimbatore/hifive-cafe-saravanampatty/info,"88,430",36,no,no,no
,,,,,,,,,,,,,,,yes,https://www.zomato.com/coimbatore/warehouse-kalapatti/info,"88,430",36,no,no,no
,,,,,,,,,,,,,,,yes,https://www.zomato.com/coimbatore/copper-coupe-resto-bar-saravanampatty/info,"88,430",36,no,no,no
,,,,,,,,,,,,,,,yes,https://www.zomato.com/coimbatore/hide-in-heaven-saravanampatty/info,"88,430",36,no,no,no
,,,,,,,,,,,,,,,yes,https://www.zomato.com/coimbatore/cardiff-cafe-peelamedu/info,"88,430",36,no,no,no
,,,,,,,,,,,,,,,yes,https://www.zomato.com/coimbatore/mercano-merlis-hotel-sitra/info,"88,430",36,no,no,no
,,,,,,,,,,,,,,,yes,https://www.zomato.com/coimbatore/bazaar-zone-by-the-park-lakshmi-mills/info,"88,430",36,no,no,no
,,,,,,,,,,,,,,,yes,https://www.zomato.com/coimbatore/on-the-rocks-kalapatti/info,"88,430",36,no,no,no
,,,,,,,,,,,,,,,yes,https://www.zomato.com/coimbatore/the-living-room-peelamedu/info,"88,430",36,no,no,no
,,,,,,,,,,,,,,,yes,https://www.zomato.com/coimbatore/cafe-locus-peelamedu/info,"88,430",36,no,no,no
,,,,,,,,,,,,,,,yes,https://www.zomato.com/coimbatore/kovai-kitchen-fairfield-by-marriott-1-sitra/info,"88,430",36,no,no,no
,,,,,,,,,,,,,,,yes,https://www.zomato.com/coimbatore/lord-of-the-drinks-peelamedu/info,"88,430",36,no,no,no
,,,,,,,,,,,,,,,yes,https://www.zomato.com/coimbatore/kovai-lounge-sitra/info,"88,430",36,no,no,no
,,,,,,,,,,,,,,,yes,https://www.zomato.com/coimbatore/mufasa-race-course/info,"88,430",36,no,no,no
,,,,,,,,,,,,,,,yes,https://www.zomato.com/coimbatore/the-living-room-peelamedu/info,"88,430",36,no,no,no
,,,,,,,,,,,,,,,yes,https://www.zomato.com/coimbatore/cafe-locus-peelamedu/info,"88,430",36,no,no,no
,,,,,,,,,,,,,,,yes,https://www.zomato.com/coimbatore/mufasa-race-course/info,"88,430",36,no,no,no
,,,,,,,,,,,,,,,yes,https://www.zomato.com/coimbatore/mercano-merlis-hotel-sitra/info,"88,430",36,no,no,no
,,,,,,,,,,,,,,,yes,https://www.zomato.com/coimbatore/kovai-kitchen-fairfield-by-marriott-1-sitra/info,"88,430",36,no,no,no
,,,,,,,,,,,,,,,yes,https://www.zomato.com/coimbatore/bazaar-zone-by-the-park-lakshmi-mills/info,"88,430",36,no,no,no
,,,,,,,,,,,,,,,yes,https://www.zomato.com/coimbatore/lord-of-the-drinks-peelamedu/info,"88,430",36,no,no,no
,,,,,,,,,,,,,,,yes,https://www.zomato.com/coimbatore/on-the-rocks-kalapatti/info,"88,430",36,no,no,no
,,,,,,,,,,,,,,,yes,https://www.zomato.com/coimbatore/kovai-lounge-sitra/info,"88,430",36,no,no,no
,,,,,,,,,,,,,,,yes,https://www.zomato.com/coimbatore/bazaar-zone-by-the-park-lakshmi-mills/info,"88,430",36,no,no,no
,,,,,,,,,,,,,,,yes,https://www.zomato.com/coimbatore/the-living-room-peelamedu/info,"88,430",36,no,no,no
,,,,,,,,,,,,,,,yes,https://www.zomato.com/coimbatore/beyond-the-stories-saibaba-colony/info,"88,430",36,no,no,no
,,,,,,,,,,,,,,,yes,https://www.zomato.com/coimbatore/ss-hyderabad-biryani-coimbatore-gandhipuram/info,"88,430",36,no,no,no
,,,,,,,,,,,,,,,yes,https://www.zomato.com/coimbatore/cafe-locus-peelamedu/info,"88,430",36,no,no,no
,,,,,,,,,,,,,,,yes,https://www.zomato.com/coimbatore/mufasa-race-course/info,"88,430",36,no,no,no
,,,,,,,,,,,,,,,yes,https://www.zomato.com/coimbatore/sherlocks-lounge-kitchen-rs-puram/info,"88,430",36,no,no,no
,,,,,,,,,,,,,,,yes,https://www.zomato.com/coimbatore/the-bermuda-rs-puram/info,"88,430",36,no,no,no
,,,,,,,,,,,,,,,yes,https://www.zomato.com/coimbatore/rajapalayam-anandas-lakshmi-mills/info,"88,430",36,no,no,no
,,,,,,,,,,,,,,,yes,https://www.zomato.com/coimbatore/ss-hyderabad-biryani-coimbatore-gandhipuram/info,"88,430",36,no,no,no
,,,,,,,,,,,,,,,yes,https://www.zomato.com/coimbatore/cafe-locus-peelamedu/info,"88,430",36,no,no,no
,,,,,,,,,,,,,,,yes,https://www.zomato.com/coimbatore/rajapalayam-anandas-lakshmi-mills/info,"88,430",36,no,no,no
,,,,,,,,,,,,,,,yes,https://www.zomato.com/coimbatore/bazaar-zone-by-the-park-lakshmi-mills/info,"88,430",36,no,no,no
,,,,,,,,,,,,,,,yes,https://www.zomato.com/coimbatore/mufasa-race-course/info,"88,430",36,no,no,no
,,,,,,,,,,,,,,,yes,https://www.zomato.com/coimbatore/the-living-room-peelamedu/info,"88,430",36,no,no,no
,,,,,,,,,,,,,,,yes,https://www.zomato.com/coimbatore/sherlocks-lounge-kitchen-rs-puram/info,"88,430",36,no,no,no
,,,,,,,,,,,,,,,yes,https://www.zomato.com/coimbatore/beyond-the-stories-saibaba-colony/info,"88,430",36,no,no,no
,,,,,,,,,,,,,,,yes,https://www.zomato.com/coimbatore/the-bermuda-rs-puram/info,"88,430",36,no,no,no
,,,,,,,,,,,,,,,yes,https://www.zomato.com/coimbatore/bazaar-zone-by-the-park-lakshmi-mills/info,"88,430",36,no,no,no
,,,,,,,,,,,,,,,yes,https://www.zomato.com/coimbatore/beyond-the-stories-saibaba-colony/info,"88,430",36,no,no,no
,,,,,,,,,,,,,,,yes,https://www.zomato.com/coimbatore/ss-hyderabad-biryani-coimbatore-gandhipuram/info,"88,430",36,no,no,no
,,,,,,,,,,,,,,,yes,https://www.zomato.com/coimbatore/mufasa-race-course/info,"88,430",36,no,no,no
,,,,,,,,,,,,,,,yes,https://www.zomato.com/coimbatore/sherlocks-lounge-kitchen-rs-puram/info,"88,430",36,no,no,no
,,,,,,,,,,,,,,,yes,https://www.zomato.com/coimbatore/the-bermuda-rs-puram/info,"88,430",36,no,no,no
,,,,,,,,,,,,,,,yes,https://www.zomato.com/coimbatore/rajapalayam-anandas-lakshmi-mills/info,"88,430",36,no,no,no
,,,,,,,,,,,,,,,yes,https://www.zomato.com/coimbatore/trevizo-race-course/info,"88,430",36,no,no,no
,,,,,,,,,,,,,,,yes,https://www.zomato.com/coimbatore/britain-to-bombay-1800-rs-puram/info,"88,430",36,no,no,no
,,,,,,,,,,,,,,,yes,https://www.zomato.com/coimbatore/mufasa-race-course/info,"88,430",36,no,no,no
,,,,,,,,,,,,,,,yes,https://www.zomato.com/coimbatore/sherlocks-lounge-kitchen-rs-puram/info,"88,430",36,no,no,no
,,,,,,,,,,,,,,,yes,https://www.zomato.com/coimbatore/britain-to-bombay-1800-rs-puram/info,"9,20,550",286,yes,no,no
,,,,,,,,,,,,,,,yes,https://www.zomato.com/coimbatore/bazaar-zone-by-the-park-lakshmi-mills/info,"9,20,550",286,yes,no,no
,,,,,,,,,,,,,,,yes,https://www.zomato.com/coimbatore/the-bermuda-rs-puram/info,"9,20,550",286,yes,no,no
,,,,,,,,,,,,,,,yes,https://www.zomato.com/coimbatore/beyond-the-stories-saibaba-colony/info,"9,20,550",286,yes,no,no
,,,,,,,,,,,,,,,yes,https://www.zomato.com/coimbatore/rajapalayam-anandas-lakshmi-mills/info,"9,20,550",286,yes,no,no
,,,,,,,,,,,,,,,yes,https://www.zomato.com/coimbatore/ss-hyderabad-biryani-coimbatore-gandhipuram/info,"9,20,550",286,yes,no,no
,,,,,,,,,,,,,,,yes,https://www.zomato.com/coimbatore/trevizo-race-course/info,"9,20,550",286,yes,no,no
,,,,,,,,,,,,,,,yes,https://www.zomato.com/coimbatore/bazaar-zone-by-the-park-lakshmi-mills/info,"9,20,550",286,yes,no,no
,,,,,,,,,,,,,,,yes,https://www.zomato.com/coimbatore/the-living-room-peelamedu/info,"9,20,550",286,yes,no,no
,,,,,,,,,,,,,,,yes,https://www.zomato.com/coimbatore/beyond-the-stories-saibaba-colony/info,"9,20,550",286,yes,no,no
,,,,,,,,,,,,,,,yes,https://www.zomato.com/coimbatore/ss-hyderabad-biryani-coimbatore-gandhipuram/info,"9,20,550",286,yes,no,no
,,,,,,,,,,,,,,,yes,https://www.zomato.com/coimbatore/cafe-locus-peelamedu/info,"9,20,550",286,yes,no,no
,,,,,,,,,,,,,,,yes,https://www.zomato.com/coimbatore/lord-of-the-drinks-peelamedu/info,"9,20,550",286,yes,no,no
,,,,,,,,,,,,,,,yes,https://www.zomato.com/coimbatore/mufasa-race-course/info,"9,20,550",286,yes,no,no
,,,,,,,,,,,,,,,yes,https://www.zomato.com/coimbatore/sherlocks-lounge-kitchen-rs-puram/info,"9,20,550",286,yes,no,no
,,,,,,,,,,,,,,,yes,https://www.zomato.com/coimbatore/the-bermuda-rs-puram/info,"9,20,550",286,yes,no,no
,,,,,,,,,,,,,,,yes,https://www.zomato.com/coimbatore/ss-hyderabad-biryani-coimbatore-gandhipuram/info,"9,20,550",286,yes,no,no
,,,,,,,,,,,,,,,yes,https://www.zomato.com/coimbatore/cafe-locus-peelamedu/info,"9,20,550",286,yes,no,no
,,,,,,,,,,,,,,,yes,https://www.zomato.com/coimbatore/the-bermuda-rs-puram/info,"9,20,550",286,yes,no,no
,,,,,,,,,,,,,,,yes,https://www.zomato.com/coimbatore/bazaar-zone-by-the-park-lakshmi-mills/info,"9,20,550",286,yes,no,no
,,,,,,,,,,,,,,,yes,https://www.zomato.com/coimbatore/lord-of-the-drinks-peelamedu/info,"9,20,550",286,yes,no,no
,,,,,,,,,,,,,,,yes,https://www.zomato.com/coimbatore/the-living-room-peelamedu/info,"9,20,550",286,yes,no,no
,,,,,,,,,,,,,,,yes,https://www.zomato.com/coimbatore/mufasa-race-course/info,"9,20,550",286,yes,no,no
,,,,,,,,,,,,,,,yes,https://www.zomato.com/coimbatore/beyond-the-stories-saibaba-colony/info,"9,20,550",286,yes,no,no
,,,,,,,,,,,,,,,yes,https://www.zomato.com/coimbatore/sherlocks-lounge-kitchen-rs-puram/info,"9,20,550",286,yes,no,no
,,,,,,,,,,,,,,,yes,https://www.zomato.com/coimbatore/bazaar-zone-by-the-park-lakshmi-mills/info,"9,20,550",286,yes,no,no
,,,,,,,,,,,,,,,yes,https://www.zomato.com/coimbatore/the-living-room-peelamedu/info,"9,20,550",286,yes,no,no
,,,,,,,,,,,,,,,yes,https://www.zomato.com/coimbatore/beyond-the-stories-saibaba-colony/info,"9,20,550",286,yes,no,no
,,,,,,,,,,,,,,,yes,https://www.zomato.com/coimbatore/ss-hyderabad-biryani-coimbatore-gandhipuram/info,"9,20,550",286,yes,no,no
,,,,,,,,,,,,,,,yes,https://www.zomato.com/coimbatore/cafe-locus-peelamedu/info,"9,20,550",286,yes,no,no
,,,,,,,,,,,,,,,yes,https://www.zomato.com/coimbatore/lord-of-the-drinks-peelamedu/info,"9,20,550",286,yes,no,no
,,,,,,,,,,,,,,,yes,https://www.zomato.com/coimbatore/mufasa-race-course/info,"9,20,550",286,yes,no,no
,,,,,,,,,,,,,,,yes,https://www.zomato.com/coimbatore/sherlocks-lounge-kitchen-rs-puram/info,"9,20,550",286,yes,no,no
,,,,,,,,,,,,,,,yes,https://www.zomato.com/coimbatore/the-bermuda-rs-puram/info,"9,20,550",286,yes,no,no
,,,,,,,,,,,,,,,yes,https://www.zomato.com/coimbatore/ss-hyderabad-biryani-coimbatore-gandhipuram/info,"9,20,550",286,yes,no,no
,,,,,,,,,,,,,,,yes,https://www.zomato.com/coimbatore/cafe-locus-peelamedu/info,"9,20,550",286,yes,no,no
,,,,,,,,,,,,,,,yes,https://www.zomato.com/coimbatore/the-bermuda-rs-puram/info,"9,20,550",286,yes,no,no
,,,,,,,,,,,,,,,yes,https://www.zomato.com/coimbatore/bazaar-zone-by-the-park-lakshmi-mills/info,"9,20,550",286,yes,no,no
,,,,,,,,,,,,,,,yes,https://www.zomato.com/coimbatore/lord-of-the-drinks-peelamedu/info,"9,20,550",286,yes,no,no
,,,,,,,,,,,,,,,yes,https://www.zomato.com/coimbatore/the-living-room-peelamedu/info,"9,20,550",286,yes,no,no
,,,,,,,,,,,,,,,yes,https://www.zomato.com/coimbatore/mufasa-race-course/info,"9,20,550",286,yes,no,no
,,,,,,,,,,,,,,,yes,https://www.zomato.com/coimbatore/beyond-the-stories-saibaba-colony/info,"9,20,550",286,yes,no,no
,,,,,,,,,,,,,,,yes,https://www.zomato.com/coimbatore/sherlocks-lounge-kitchen-rs-puram/info,"9,20,550",286,yes,no,no
,,,,,,,,,,,,,,,yes,https://www.zomato.com/amritsar/bontastic-by-bon-gateau-ranjit-avenue/info,"9,20,550",286,yes,no,no
,,,,,,,,,,,,,,,yes,https://www.zomato.com/amritsar/the-bagh-gourmet-garden-bar-maquboolpura/info,"9,20,550",286,yes,no,no
,,,,,,,,,,,,,,,yes,https://www.zomato.com/amritsar/brick-house-kitchen-bhk-ranjit-avenue/info,"9,20,550",286,yes,no,no
,,,,,,,,,,,,,,,yes,https://www.zomato.com/amritsar/tepah-by-the-bagh-ranjit-avenue/info,"9,20,550",286,yes,no,no
,,,,,,,,,,,,,,,yes,https://www.zomato.com/amritsar/blink-ranjit-avenue/info,"9,20,550",286,yes,no,no
,,,,,,,,,,,,,,,yes,https://www.zomato.com/amritsar/grain-by-elgin-1-ranjit-avenue/info,"9,20,550",286,yes,no,no
,,,,,,,,,,,,,,,yes,https://www.zomato.com/amritsar/housewood-villas-ranjit-avenue/info,"9,20,550",286,yes,no,no
,,,,,,,,,,,,,,,yes,https://www.zomato.com/amritsar/diago-ranjit-avenue/info,"9,20,550",286,yes,no,no
,,,,,,,,,,,,,,,yes,https://www.zomato.com/amritsar/the-brewmaster-ranjit-avenue/info,"9,20,550",286,yes,no,no
,,,,,,,,,,,,,,,yes,https://www.zomato.com/amritsar/tepah-by-the-bagh-ranjit-avenue/info,"9,20,550",286,yes,no,no
,,,,,,,,,,,,,,,yes,https://www.zomato.com/amritsar/blink-ranjit-avenue/info,"9,20,550",286,yes,no,no
,,,,,,,,,,,,,,,yes,https://www.zomato.com/amritsar/the-brewmaster-ranjit-avenue/info,"9,20,550",286,yes,no,no
,,,,,,,,,,,,,,,yes,https://www.zomato.com/amritsar/bontastic-by-bon-gateau-ranjit-avenue/info,"9,20,550",286,yes,no,no
,,,,,,,,,,,,,,,yes,https://www.zomato.com/amritsar/grain-by-elgin-1-ranjit-avenue/info,"9,20,550",286,yes,no,no
,,,,,,,,,,,,,,,yes,https://www.zomato.com/amritsar/the-bagh-gourmet-garden-bar-maquboolpura/info,"9,20,550",286,yes,no,no
,,,,,,,,,,,,,,,yes,https://www.zomato.com/amritsar/housewood-villas-ranjit-avenue/info,"9,20,550",286,yes,no,no
,,,,,,,,,,,,,,,yes,https://www.zomato.com/amritsar/brick-house-kitchen-bhk-ranjit-avenue/info,"9,20,550",286,yes,no,no
,,,,,,,,,,,,,,,yes,https://www.zomato.com/amritsar/diago-ranjit-avenue/info,"9,20,550",286,yes,no,no
,,,,,,,,,,,,,,,yes,https://www.zomato.com/amritsar/bontastic-by-bon-gateau-ranjit-avenue/info,"9,20,550",286,yes,no,no
,,,,,,,,,,,,,,,yes,https://www.zomato.com/amritsar/the-bagh-gourmet-garden-bar-maquboolpura/info,"9,20,550",286,yes,no,no
,,,,,,,,,,,,,,,yes,https://www.zomato.com/amritsar/brick-house-kitchen-bhk-ranjit-avenue/info,"9,20,550",286,yes,no,no
,,,,,,,,,,,,,,,yes,https://www.zomato.com/amritsar/tepah-by-the-bagh-ranjit-avenue/info,"9,20,550",286,yes,no,no
,,,,,,,,,,,,,,,yes,https://www.zomato.com/amritsar/blink-ranjit-avenue/info,"9,20,550",286,yes,no,no
,,,,,,,,,,,,,,,yes,https://www.zomato.com/amritsar/grain-by-elgin-1-ranjit-avenue/info,"9,20,550",286,yes,no,no
,,,,,,,,,,,,,,,yes,https://www.zomato.com/amritsar/housewood-villas-ranjit-avenue/info,"9,20,550",286,yes,no,no
,,,,,,,,,,,,,,,yes,https://www.zomato.com/amritsar/diago-ranjit-avenue/info,"9,20,550",286,yes,no,no
,,,,,,,,,,,,,,,yes,https://www.zomato.com/amritsar/the-brewmaster-ranjit-avenue/info,"9,20,550",286,yes,no,no
,,,,,,,,,,,,,,,yes,https://www.zomato.com/amritsar/tepah-by-the-bagh-ranjit-avenue/info,"9,20,550",286,yes,no,no
,,,,,,,,,,,,,,,yes,https://www.zomato.com/amritsar/blink-ranjit-avenue/info,"9,20,550",286,yes,no,no
,,,,,,,,,,,,,,,yes,https://www.zomato.com/amritsar/the-brewmaster-ranjit-avenue/info,"9,20,550",286,yes,no,no
,,,,,,,,,,,,,,,yes,https://www.zomato.com/amritsar/bontastic-by-bon-gateau-ranjit-avenue/info,"9,20,550",286,yes,no,no
,,,,,,,,,,,,,,,yes,https://www.zomato.com/amritsar/grain-by-elgin-1-ranjit-avenue/info,"9,20,550",286,yes,no,no
,,,,,,,,,,,,,,,yes,https://www.zomato.com/amritsar/the-bagh-gourmet-garden-bar-maquboolpura/info,"9,20,550",286,yes,no,no
,,,,,,,,,,,,,,,yes,https://www.zomato.com/amritsar/housewood-villas-ranjit-avenue/info,"9,20,550",286,yes,no,no
,,,,,,,,,,,,,,,yes,https://www.zomato.com/amritsar/brick-house-kitchen-bhk-ranjit-avenue/info,"9,20,550",286,yes,no,no
,,,,,,,,,,,,,,,yes,https://www.zomato.com/amritsar/diago-ranjit-avenue/info,"9,20,550",286,yes,no,no
,,,,,,,,,,,,,,,yes,https://www.zomato.com/amritsar/bontastic-by-bon-gateau-ranjit-avenue/info,"9,20,550",286,yes,no,no
,,,,,,,,,,,,,,,yes,https://www.zomato.com/amritsar/brick-house-kitchen-bhk-ranjit-avenue/info,"9,20,550",286,yes,no,no
,,,,,,,,,,,,,,,yes,https://www.zomato.com/amritsar/tepah-by-the-bagh-ranjit-avenue/info,"9,20,550",286,yes,no,no
,,,,,,,,,,,,,,,yes,https://www.zomato.com/amritsar/blink-ranjit-avenue/info,"9,20,550",286,yes,no,no
,,,,,,,,,,,,,,,yes,https://www.zomato.com/amritsar/grain-by-elgin-1-ranjit-avenue/info,"9,20,550",286,yes,no,no
,,,,,,,,,,,,,,,yes,https://www.zomato.com/amritsar/housewood-villas-ranjit-avenue/info,"9,20,550",286,yes,no,no
,,,,,,,,,,,,,,,yes,https://www.zomato.com/amritsar/diago-ranjit-avenue/info,"9,20,550",286,yes,no,no
,,,,,,,,,,,,,,,yes,https://www.zomato.com/amritsar/the-brewmaster-ranjit-avenue/info,"9,20,550",286,yes,no,no
,,,,,,,,,,,,,,,yes,https://www.zomato.com/amritsar/olive-97-ranjit-avenue/info,"9,20,550",286,yes,no,no
,,,,,,,,,,,,,,,yes,https://www.zomato.com/amritsar/blink-ranjit-avenue/info,"9,20,550",286,yes,no,no
,,,,,,,,,,,,,,,yes,https://www.zomato.com/amritsar/grain-by-elgin-1-ranjit-avenue/info,"9,20,550",286,yes,no,no
,,,,,,,,,,,,,,,yes,https://www.zomato.com/amritsar/olive-97-ranjit-avenue/info,"9,20,550",286,yes,no,no
,,,,,,,,,,,,,,,yes,https://www.zomato.com/amritsar/bontastic-by-bon-gateau-ranjit-avenue/info,"9,20,550",286,yes,no,no
,,,,,,,,,,,,,,,yes,https://www.zomato.com/amritsar/housewood-villas-ranjit-avenue/info,"9,20,550",286,yes,no,no
,,,,,,,,,,,,,,,yes,https://www.zomato.com/amritsar/brick-house-kitchen-bhk-ranjit-avenue/info,"9,20,550",286,yes,no,no
,,,,,,,,,,,,,,,yes,https://www.zomato.com/amritsar/diago-ranjit-avenue/info,"9,20,550",286,yes,no,no
,,,,,,,,,,,,,,,yes,https://www.zomato.com/amritsar/tepah-by-the-bagh-ranjit-avenue/info,"9,20,550",286,yes,no,no
,,,,,,,,,,,,,,,yes,https://www.zomato.com/amritsar/the-brewmaster-ranjit-avenue/info,"9,20,550",286,yes,no,no
,,,,,,,,,,,,,,,yes,https://www.zomato.com/amritsar/bontastic-by-bon-gateau-ranjit-avenue/info,"9,20,550",286,yes,no,no
,,,,,,,,,,,,,,,yes,https://www.zomato.com/amritsar/the-bagh-gourmet-garden-bar-maquboolpura/info,"9,20,550",286,yes,no,no
,,,,,,,,,,,,,,,yes,https://www.zomato.com/amritsar/brick-house-kitchen-bhk-ranjit-avenue/info,"9,20,550",286,yes,no,no
,,,,,,,,,,,,,,,yes,https://www.zomato.com/amritsar/tepah-by-the-bagh-ranjit-avenue/info,"9,20,550",286,yes,no,no
,,,,,,,,,,,,,,,yes,https://www.zomato.com/amritsar/blink-ranjit-avenue/info,"9,20,550",286,yes,no,no
,,,,,,,,,,,,,,,yes,https://www.zomato.com/amritsar/grain-by-elgin-1-ranjit-avenue/info,"9,20,550",286,yes,no,no
,,,,,,,,,,,,,,,yes,https://www.zomato.com/amritsar/housewood-villas-ranjit-avenue/info,"9,20,550",286,yes,no,no
,,,,,,,,,,,,,,,yes,https://www.zomato.com/amritsar/diago-ranjit-avenue/info,"9,20,550",286,yes,no,no
,,,,,,,,,,,,,,,yes,https://www.zomato.com/amritsar/the-brewmaster-ranjit-avenue/info,"9,20,550",286,yes,no,no
,,,,,,,,,,,,,,,yes,https://www.zomato.com/amritsar/tepah-by-the-bagh-ranjit-avenue/info,"9,20,550",286,yes,no,no
,,,,,,,,,,,,,,,yes,https://www.zomato.com/amritsar/blink-ranjit-avenue/info,"9,20,550",286,yes,no,no
,,,,,,,,,,,,,,,yes,https://www.zomato.com/amritsar/the-brewmaster-ranjit-avenue/info,"9,20,550",286,yes,no,no
,,,,,,,,,,,,,,,yes,https://www.zomato.com/amritsar/bontastic-by-bon-gateau-ranjit-avenue/info,"9,20,550",286,yes,no,no
,,,,,,,,,,,,,,,yes,https://www.zomato.com/amritsar/grain-by-elgin-1-ranjit-avenue/info,"9,20,550",286,yes,no,no
,,,,,,,,,,,,,,,yes,https://www.zomato.com/amritsar/the-bagh-gourmet-garden-bar-maquboolpura/info,"9,20,550",286,yes,no,no
,,,,,,,,,,,,,,,yes,https://www.zomato.com/amritsar/housewood-villas-ranjit-avenue/info,"9,20,550",286,yes,no,no
,,,,,,,,,,,,,,,yes,https://www.zomato.com/amritsar/brick-house-kitchen-bhk-ranjit-avenue/info,"9,20,550",286,yes,no,no
,,,,,,,,,,,,,,,yes,https://www.zomato.com/amritsar/diago-ranjit-avenue/info,"9,20,550",286,yes,no,no
,,,,,,,,,,,,,,,yes,https://www.zomato.com/amritsar/bontastic-by-bon-gateau-ranjit-avenue/info,"9,20,550",286,yes,no,no
,,,,,,,,,,,,,,,yes,https://www.zomato.com/amritsar/brick-house-kitchen-bhk-ranjit-avenue/info,"9,20,550",286,yes,no,no
,,,,,,,,,,,,,,,yes,https://www.zomato.com/amritsar/tepah-by-the-bagh-ranjit-avenue/info,"9,20,550",286,yes,no,no
,,,,,,,,,,,,,,,yes,https://www.zomato.com/amritsar/blink-ranjit-avenue/info,"9,20,550",286,yes,no,no
,,,,,,,,,,,,,,,yes,https://www.zomato.com/amritsar/grain-by-elgin-1-ranjit-avenue/info,"9,20,550",286,yes,no,no
,,,,,,,,,,,,,,,yes,https://www.zomato.com/amritsar/housewood-villas-ranjit-avenue/info,"9,20,550",286,yes,no,no
,,,,,,,,,,,,,,,yes,https://www.zomato.com/amritsar/diago-ranjit-avenue/info,"9,20,550",286,yes,no,no
,,,,,,,,,,,,,,,yes,https://www.zomato.com/amritsar/the-brewmaster-ranjit-avenue/info,"9,20,550",286,yes,no,no
,,,,,,,,,,,,,,,yes,https://www.zomato.com/amritsar/olive-97-ranjit-avenue/info,"9,20,550",286,yes,no,no
,,,,,,,,,,,,,,,yes,https://www.zomato.com/amritsar/blink-ranjit-avenue/info,"9,20,550",286,yes,no,no
,,,,,,,,,,,,,,,yes,https://www.zomato.com/amritsar/grain-by-elgin-1-ranjit-avenue/info,"9,20,550",286,yes,no,no
,,,,,,,,,,,,,,,yes,https://www.zomato.com/amritsar/olive-97-ranjit-avenue/info,"9,20,550",286,yes,no,no
,,,,,,,,,,,,,,,yes,https://www.zomato.com/amritsar/bontastic-by-bon-gateau-ranjit-avenue/info,"9,20,550",286,yes,no,no
,,,,,,,,,,,,,,,yes,https://www.zomato.com/amritsar/housewood-villas-ranjit-avenue/info,"9,20,550",286,yes,no,no
,,,,,,,,,,,,,,,yes,https://www.zomato.com/amritsar/brick-house-kitchen-bhk-ranjit-avenue/info,"9,20,550",286,yes,no,no
,,,,,,,,,,,,,,,yes,https://www.zomato.com/amritsar/diago-ranjit-avenue/info,"9,20,550",286,yes,no,no
,,,,,,,,,,,,,,,yes,https://www.zomato.com/amritsar/tepah-by-the-bagh-ranjit-avenue/info,"9,20,550",286,yes,no,no
,,,,,,,,,,,,,,,yes,https://www.zomato.com/amritsar/the-brewmaster-ranjit-avenue/info,"9,20,550",286,yes,no,no
,,,,,,,,,,,,,,,yes,https://www.zomato.com/amritsar/the-bagh-gourmet-garden-bar-maquboolpura/info,"9,20,550",286,yes,no,no
,,,,,,,,,,,,,,,yes,https://www.zomato.com/amritsar/oasis-hotel-city-klyde-inn-mohan-nagar/info,"9,20,550",286,yes,no,no
,,,,,,,,,,,,,,,yes,https://www.zomato.com/amritsar/365-all-day-dining-sarovar-premiere-rani-ka-bagh/info,"9,20,550",286,yes,no,no
,,,,,,,,,,,,,,,yes,https://www.zomato.com/amritsar/tuscana-cafe-and-resto-bar-new-amritsar/info,"9,20,550",286,yes,no,no
,,,,,,,,,,,,,,,yes,https://www.zomato.com/amritsar/crystal-restaurant-plaza-ina-colony/info,"9,20,550",286,yes,no,no
,,,,,,,,,,,,,,,yes,https://www.zomato.com/amritsar/kava-grill-lounge-fairfield-by-marriott-ina-colony/info,"9,20,550",286,yes,no,no
,,,,,,,,,,,,,,,yes,https://www.zomato.com/amritsar/kitchen-1574-four-points-by-sheraton-marriott-mall-road/info,"9,20,550",286,yes,no,no
,,,,,,,,,,,,,,,yes,https://www.zomato.com/amritsar/flour-fairy-cafe-majitha-road/info,"9,20,550",286,yes,no,no
,,,,,,,,,,,,,,,yes,https://www.zomato.com/amritsar/chefs-theory-white-avenue/info,"9,20,550",286,yes,no,no
,,,,,,,,,,,,,,,yes,https://www.zomato.com/amritsar/tuscana-cafe-and-resto-bar-new-amritsar/info,"9,20,550",286,yes,no,no
,,,,,,,,,,,,,,,yes,https://www.zomato.com/amritsar/crystal-restaurant-plaza-ina-colony/info,"9,20,550",286,yes,no,no
,,,,,,,,,,,,,,,yes,https://www.zomato.com/amritsar/chefs-theory-white-avenue/info,"9,20,550",286,yes,no,no
,,,,,,,,,,,,,,,yes,https://www.zomato.com/amritsar/the-bagh-gourmet-garden-bar-maquboolpura/info,"9,20,550",286,yes,no,no
,,,,,,,,,,,,,,,yes,https://www.zomato.com/amritsar/kava-grill-lounge-fairfield-by-marriott-ina-colony/info,"9,20,550",286,yes,no,no
,,,,,,,,,,,,,,,yes,https://www.zomato.com/amritsar/oasis-hotel-city-klyde-inn-mohan-nagar/info,"9,20,550",286,yes,no,no
,,,,,,,,,,,,,,,yes,https://www.zomato.com/amritsar/kitchen-1574-four-points-by-sheraton-marriott-mall-road/info,"9,20,550",286,yes,no,no
,,,,,,,,,,,,,,,yes,https://www.zomato.com/amritsar/365-all-day-dining-sarovar-premiere-rani-ka-bagh/info,"9,20,550",286,yes,no,no
,,,,,,,,,,,,,,,yes,https://www.zomato.com/amritsar/flour-fairy-cafe-majitha-road/info,"9,20,550",286,yes,no,no
,,,,,,,,,,,,,,,yes,https://www.zomato.com/amritsar/bontastic-by-bon-gateau-ranjit-avenue/info,"9,20,550",286,yes,no,no
,,,,,,,,,,,,,,,yes,https://www.zomato.com/amritsar/brick-house-kitchen-bhk-ranjit-avenue/info,"9,20,550",286,yes,no,no
,,,,,,,,,,,,,,,yes,https://www.zomato.com/amritsar/tepah-by-the-bagh-ranjit-avenue/info,"9,20,550",286,yes,no,no
,,,,,,,,,,,,,,,yes,https://www.zomato.com/amritsar/blink-ranjit-avenue/info,"9,20,550",286,yes,no,no
,,,,,,,,,,,,,,,yes,https://www.zomato.com/amritsar/grain-by-elgin-1-ranjit-avenue/info,"9,20,550",286,yes,no,no
,,,,,,,,,,,,,,,yes,https://www.zomato.com/amritsar/housewood-villas-ranjit-avenue/info,"9,20,550",286,yes,no,no
,,,,,,,,,,,,,,,yes,https://www.zomato.com/amritsar/diago-ranjit-avenue/info,"9,20,550",286,yes,no,no
,,,,,,,,,,,,,,,yes,https://www.zomato.com/amritsar/the-brewmaster-ranjit-avenue/info,"9,20,550",286,yes,no,no
,,,,,,,,,,,,,,,yes,https://www.zomato.com/amritsar/olive-97-ranjit-avenue/info,"9,20,550",286,yes,no,no
,,,,,,,,,,,,,,,yes,https://www.zomato.com/amritsar/blink-ranjit-avenue/info,"9,20,550",286,yes,no,no
,,,,,,,,,,,,,,,yes,https://www.zomato.com/amritsar/grain-by-elgin-1-ranjit-avenue/info,"9,20,550",286,yes,no,no
,,,,,,,,,,,,,,,yes,https://www.zomato.com/amritsar/olive-97-ranjit-avenue/info,"9,20,550",286,yes,no,no
,,,,,,,,,,,,,,,yes,https://www.zomato.com/amritsar/bontastic-by-bon-gateau-ranjit-avenue/info,"9,20,550",286,yes,no,no
,,,,,,,,,,,,,,,yes,https://www.zomato.com/amritsar/housewood-villas-ranjit-avenue/info,"9,20,550",286,yes,no,no
,,,,,,,,,,,,,,,yes,https://www.zomato.com/amritsar/brick-house-kitchen-bhk-ranjit-avenue/info,"9,20,550",286,yes,no,no
,,,,,,,,,,,,,,,yes,https://www.zomato.com/amritsar/diago-ranjit-avenue/info,"9,20,550",286,yes,no,no
,,,,,,,,,,,,,,,yes,https://www.zomato.com/amritsar/tepah-by-the-bagh-ranjit-avenue/info,"9,20,550",286,yes,no,no
,,,,,,,,,,,,,,,yes,https://www.zomato.com/amritsar/the-brewmaster-ranjit-avenue/info,"9,20,550",286,yes,no,no
,,,,,,,,,,,,,,,yes,https://www.zomato.com/amritsar/bontastic-by-bon-gateau-ranjit-avenue/info,"9,20,550",286,yes,no,no
,,,,,,,,,,,,,,,yes,https://www.zomato.com/amritsar/brick-house-kitchen-bhk-ranjit-avenue/info,"9,20,550",286,yes,no,no
,,,,,,,,,,,,,,,yes,https://www.zomato.com/amritsar/tepah-by-the-bagh-ranjit-avenue/info,"9,20,550",286,yes,no,no
,,,,,,,,,,,,,,,yes,https://www.zomato.com/amritsar/blink-ranjit-avenue/info,"9,20,550",286,yes,no,no
,,,,,,,,,,,,,,,yes,https://www.zomato.com/amritsar/grain-by-elgin-1-ranjit-avenue/info,"9,20,550",286,yes,no,no
,,,,,,,,,,,,,,,yes,https://www.zomato.com/amritsar/housewood-villas-ranjit-avenue/info,"9,20,550",286,yes,no,no
,,,,,,,,,,,,,,,yes,https://www.zomato.com/amritsar/bon-chic-ranjit-avenue/info,"9,20,550",286,yes,no,no
,,,,,,,,,,,,,,,yes,https://www.zomato.com/amritsar/elgin-cafe-2-ranjit-avenue/info,"9,20,550",286,yes,no,no
,,,,,,,,,,,,,,,yes,https://www.zomato.com/amritsar/kazan-raja-sansi/info,"9,20,550",286,yes,no,no
,,,,,,,,,,,,,,,yes,https://www.zomato.com/amritsar/blink-ranjit-avenue/info,"9,20,550",286,yes,no,no
,,,,,,,,,,,,,,,yes,https://www.zomato.com/amritsar/grain-by-elgin-1-ranjit-avenue/info,"9,20,550",286,yes,no,no
,,,,,,,,,,,,,,,yes,https://www.zomato.com/amritsar/kazan-raja-sansi/info,"9,20,550",286,yes,no,no
,,,,,,,,,,,,,,,yes,https://www.zomato.com/amritsar/bontastic-by-bon-gateau-ranjit-avenue/info,"9,20,550",286,yes,no,no
,,,,,,,,,,,,,,,yes,https://www.zomato.com/amritsar/housewood-villas-ranjit-avenue/info,"9,20,550",286,yes,no,no
,,,,,,,,,,,,,,,yes,https://www.zomato.com/amritsar/brick-house-kitchen-bhk-ranjit-avenue/info,"9,20,550",286,yes,no,no
,,,,,,,,,,,,,,,yes,https://www.zomato.com/amritsar/bon-chic-ranjit-avenue/info,"9,20,550",286,yes,no,no
,,,,,,,,,,,,,,,yes,https://www.zomato.com/amritsar/tepah-by-the-bagh-ranjit-avenue/info,"9,20,550",286,yes,no,no
,,,,,,,,,,,,,,,yes,https://www.zomato.com/amritsar/elgin-cafe-2-ranjit-avenue/info,"9,20,550",286,yes,no,no
,,,,,,,,,,,,,,,yes,https://www.zomato.com/agra/the-salt-cafe-kitchen-bar-tajganj/info,"9,20,550",286,yes,no,no
,,,,,,,,,,,,,,,yes,https://www.zomato.com/agra/beep-rakabganj/info,"9,20,550",286,yes,no,no
,,,,,,,,,,,,,,,yes,https://www.zomato.com/agra/incanto-civil-lines/info,"9,20,550",286,yes,no,no
,,,,,,,,,,,,,,,yes,https://www.zomato.com/agra/molecule-air-bar-tajganj/info,"9,20,550",286,yes,no,no
,,,,,,,,,,,,,,,yes,https://www.zomato.com/agra/the-nawaabs-tajganj/info,"9,20,550",286,yes,no,no
,,,,,,,,,,,,,,,yes,https://www.zomato.com/agra/palm-burj-rakabganj/info,"9,20,550",286,yes,no,no
,,,,,,,,,,,,,,,yes,https://www.zomato.com/agra/qairo-tajganj/info,"9,20,550",286,yes,no,no
,,,,,,,,,,,,,,,yes,https://www.zomato.com/agra/unplugged-courtyard-tajganj/info,"9,20,550",286,yes,no,no
,,,,,,,,,,,,,,,yes,https://www.zomato.com/agra/my-bar-headquarters-khandari/info,"9,20,550",286,yes,no,no
,,,,,,,,,,,,,,,yes,https://www.zomato.com/agra/molecule-air-bar-tajganj/info,"9,20,550",286,yes,no,no
,,,,,,,,,,,,,,,yes,https://www.zomato.com/agra/the-nawaabs-tajganj/info,"9,20,550",286,yes,no,no
,,,,,,,,,,,,,,,yes,https://www.zomato.com/agra/my-bar-headquarters-khandari/info,"9,20,550",286,yes,no,no
,,,,,,,,,,,,,,,yes,https://www.zomato.com/agra/the-salt-cafe-kitchen-bar-tajganj/info,"9,20,550",286,yes,no,no
,,,,,,,,,,,,,,,yes,https://www.zomato.com/agra/palm-burj-rakabganj/info,"9,20,550",286,yes,no,no
,,,,,,,,,,,,,,,yes,https://www.zomato.com/agra/beep-rakabganj/info,"9,20,550",286,yes,no,no
,,,,,,,,,,,,,,,yes,https://www.zomato.com/agra/qairo-tajganj/info,"9,20,550",286,yes,no,no
,,,,,,,,,,,,,,,yes,https://www.zomato.com/agra/incanto-civil-lines/info,"9,20,550",286,yes,no,no
,,,,,,,,,,,,,,,yes,https://www.zomato.com/agra/unplugged-courtyard-tajganj/info,"9,20,550",286,yes,no,no
,,,,,,,,,,,,,,,yes,https://www.zomato.com/agra/incanto-civil-lines/info,"9,20,550",286,yes,no,no
,,,,,,,,,,,,,,,yes,https://www.zomato.com/agra/my-bar-headquarters-khandari/info,"9,20,550",286,yes,no,no
,,,,,,,,,,,,,,,yes,https://www.zomato.com/agra/cosmos-cafe-bar-fairfield-by-marriott-civil-lines/info,"9,20,550",286,yes,no,no
,,,,,,,,,,,,,,,yes,https://www.zomato.com/agra/karchi-kamla-nagar/info,"9,20,550",286,yes,no,no
,,,,,,,,,,,,,,,yes,https://www.zomato.com/agra/the-sahebs-realm-1-lohamandi/info,"9,20,550",286,yes,no,no
,,,,,,,,,,,,,,,yes,https://www.zomato.com/agra/hotel-orange-rakabganj/info,"9,20,550",286,yes,no,no
,,,,,,,,,,,,,,,yes,https://www.zomato.com/agra/cafe-g-holiday-inn-civil-lines/info,"9,20,550",286,yes,no,no
,,,,,,,,,,,,,,,yes,https://www.zomato.com/agra/downtown-cafe-rakabganj/info,"9,20,550",286,yes,no,no
,,,,,,,,,,,,,,,yes,https://www.zomato.com/agra/the-escape-khandari/info,"9,20,550",286,yes,no,no
,,,,,,,,,,,,,,,yes,https://www.zomato.com/agra/karchi-kamla-nagar/info,"9,20,550",286,yes,no,no
,,,,,,,,,,,,,,,yes,https://www.zomato.com/agra/the-sahebs-realm-1-lohamandi/info,"9,20,550",286,yes,no,no
,,,,,,,,,,,,,,,yes,https://www.zomato.com/agra/the-escape-khandari/info,"9,20,550",286,yes,no,no
,,,,,,,,,,,,,,,yes,https://www.zomato.com/agra/incanto-civil-lines/info,"9,20,550",286,yes,no,no
,,,,,,,,,,,,,,,yes,https://www.zomato.com/agra/hotel-orange-rakabganj/info,"9,20,550",286,yes,no,no
,,,,,,,,,,,,,,,yes,https://www.zomato.com/agra/my-bar-headquarters-khandari/info,"9,20,550",286,yes,no,no
,,,,,,,,,,,,,,,yes,https://www.zomato.com/agra/cafe-g-holiday-inn-civil-lines/info,"9,20,550",286,yes,no,no
,,,,,,,,,,,,,,,yes,https://www.zomato.com/agra/cosmos-cafe-bar-fairfield-by-marriott-civil-lines/info,"9,20,550",286,yes,no,no
,,,,,,,,,,,,,,,yes,https://www.zomato.com/agra/downtown-cafe-rakabganj/info,"9,20,550",286,yes,no,no
,,,,,,,,,,,,,,,yes,https://www.zomato.com/agra/the-salt-cafe-kitchen-bar-tajganj/info,"9,20,550",286,yes,no,no
,,,,,,,,,,,,,,,yes,https://www.zomato.com/agra/beep-rakabganj/info,"9,20,550",286,yes,no,no
,,,,,,,,,,,,,,,yes,https://www.zomato.com/agra/molecule-air-bar-tajganj/info,"9,20,550",286,yes,no,no
,,,,,,,,,,,,,,,yes,https://www.zomato.com/agra/the-nawaabs-tajganj/info,"9,20,550",286,yes,no,no
,,,,,,,,,,,,,,,yes,https://www.zomato.com/agra/palm-burj-rakabganj/info,"9,20,550",286,yes,no,no
,,,,,,,,,,,,,,,yes,https://www.zomato.com/agra/qairo-tajganj/info,"9,20,550",286,yes,no,no
,,,,,,,,,,,,,,,yes,https://www.zomato.com/agra/unplugged-courtyard-tajganj/info,"9,20,550",286,yes,no,no
,,,,,,,,,,,,,,,yes,https://www.zomato.com/agra/sidewalk-bakehouse-cafe-tajganj/info,"9,20,550",286,yes,no,no
,,,,,,,,,,,,,,,yes,https://www.zomato.com/agra/desi-vibes-tajganj/info,"9,20,550",286,yes,no,no
,,,,,,,,,,,,,,,yes,https://www.zomato.com/agra/the-nawaabs-tajganj/info,"9,20,550",286,yes,no,no
,,,,,,,,,,,,,,,yes,https://www.zomato.com/agra/palm-burj-rakabganj/info,"9,20,550",286,yes,no,no
,,,,,,,,,,,,,,,yes,https://www.zomato.com/agra/desi-vibes-tajganj/info,"9,20,550",286,yes,no,no
,,,,,,,,,,,,,,,yes,https://www.zomato.com/agra/the-salt-cafe-kitchen-bar-tajganj/info,"9,20,550",286,yes,no,no
,,,,,,,,,,,,,,,yes,https://www.zomato.com/agra/qairo-tajganj/info,"9,20,550",286,yes,no,no
,,,,,,,,,,,,,,,yes,https://www.zomato.com/agra/beep-rakabganj/info,"9,20,550",286,yes,no,no
,,,,,,,,,,,,,,,yes,https://www.zomato.com/agra/unplugged-courtyard-tajganj/info,"9,20,550",286,yes,no,no
,,,,,,,,,,,,,,,yes,https://www.zomato.com/agra/molecule-air-bar-tajganj/info,"9,20,550",286,yes,no,no
,,,,,,,,,,,,,,,yes,https://www.zomato.com/agra/sidewalk-bakehouse-cafe-tajganj/info,"9,20,550",286,yes,no,no
,,,,,,,,,,,,,,,yes,https://www.zomato.com/agra/incanto-civil-lines/info,"9,20,550",286,yes,no,no
,,,,,,,,,,,,,,,yes,https://www.zomato.com/agra/my-bar-headquarters-khandari/info,"9,20,550",286,yes,no,no
,,,,,,,,,,,,,,,yes,https://www.zomato.com/agra/cosmos-cafe-bar-fairfield-by-marriott-civil-lines/info,"9,20,550",286,yes,no,no
,,,,,,,,,,,,,,,yes,https://www.zomato.com/agra/karchi-kamla-nagar/info,"9,20,550",286,yes,no,no
,,,,,,,,,,,,,,,yes,https://www.zomato.com/agra/cafe-g-holiday-inn-civil-lines/info,"9,20,550",286,yes,no,no
,,,,,,,,,,,,,,,yes,https://www.zomato.com/agra/spiced-brew-khandari/info,"9,20,550",286,yes,no,no
,,,,,,,,,,,,,,,yes,https://www.zomato.com/agra/eight-herbs-café-1-civil-lines/info,"9,20,550",286,yes,no,no
,,,,,,,,,,,,,,,yes,https://www.zomato.com/agra/folks-pub-khandari/info,"9,20,550",286,yes,no,no
,,,,,,,,,,,,,,,yes,https://www.zomato.com/agra/citrus-cafe-by-lemon-tree-khandari/info,"9,20,550",286,yes,no,no
,,,,,,,,,,,,,,,yes,https://www.zomato.com/agra/karchi-kamla-nagar/info,"9,20,550",286,yes,no,no
,,,,,,,,,,,,,,,yes,https://www.zomato.com/agra/cafe-g-holiday-inn-civil-lines/info,"9,20,550",286,yes,no,no
,,,,,,,,,,,,,,,yes,https://www.zomato.com/agra/citrus-cafe-by-lemon-tree-khandari/info,"9,20,550",286,yes,no,no
,,,,,,,,,,,,,,,yes,https://www.zomato.com/agra/incanto-civil-lines/info,"9,20,550",286,yes,no,no
,,,,,,,,,,,,,,,yes,https://www.zomato.com/agra/spiced-brew-khandari/info,"9,20,550",286,yes,no,no
,,,,,,,,,,,,,,,yes,https://www.zomato.com/agra/my-bar-headquarters-khandari/info,"9,20,550",286,yes,no,no
,,,,,,,,,,,,,,,yes,https://www.zomato.com/agra/eight-herbs-café-1-civil-lines/info,"9,20,550",286,yes,no,no
,,,,,,,,,,,,,,,yes,https://www.zomato.com/agra/cosmos-cafe-bar-fairfield-by-marriott-civil-lines/info,"9,20,550",286,yes,no,no
,,,,,,,,,,,,,,,yes,https://www.zomato.com/agra/folks-pub-khandari/info,"9,20,550",286,yes,no,no
,,,,,,,,,,,,,,,yes,https://www.zomato.com/agra/the-salt-cafe-kitchen-bar-tajganj/info,"9,20,550",286,yes,no,no
,,,,,,,,,,,,,,,yes,https://www.zomato.com/agra/beep-rakabganj/info,"9,20,550",286,yes,no,no
,,,,,,,,,,,,,,,yes,https://www.zomato.com/agra/molecule-air-bar-tajganj/info,"9,20,550",286,yes,no,no
,,,,,,,,,,,,,,,yes,https://www.zomato.com/agra/the-nawaabs-tajganj/info,"9,20,550",286,yes,no,no
,,,,,,,,,,,,,,,yes,https://www.zomato.com/agra/palm-burj-rakabganj/info,"9,20,550",286,yes,no,no
,,,,,,,,,,,,,,,yes,https://www.zomato.com/agra/qairo-tajganj/info,"9,20,550",286,yes,no,no
,,,,,,,,,,,,,,,yes,https://www.zomato.com/agra/sidewalk-bakehouse-cafe-tajganj/info,"9,20,550",286,yes,no,no
,,,,,,,,,,,,,,,yes,https://www.zomato.com/agra/cosmos-cafe-bar-fairfield-by-marriott-civil-lines/info,"9,20,550",286,yes,no,no
,,,,,,,,,,,,,,,yes,https://www.zomato.com/agra/hotel-orange-rakabganj/info,"9,20,550",286,yes,no,no
,,,,,,,,,,,,,,,yes,https://www.zomato.com/agra/the-nawaabs-tajganj/info,"9,20,550",286,yes,no,no
,,,,,,,,,,,,,,,yes,https://www.zomato.com/agra/palm-burj-rakabganj/info,"9,20,550",286,yes,no,no
,,,,,,,,,,,,,,,yes,https://www.zomato.com/agra/hotel-orange-rakabganj/info,"9,20,550",286,yes,no,no
,,,,,,,,,,,,,,,yes,https://www.zomato.com/agra/the-salt-cafe-kitchen-bar-tajganj/info,"9,20,550",286,yes,no,no
,,,,,,,,,,,,,,,yes,https://www.zomato.com/agra/qairo-tajganj/info,"9,20,550",286,yes,no,no
,,,,,,,,,,,,,,,yes,https://www.zomato.com/agra/beep-rakabganj/info,"9,20,550",286,yes,no,no
,,,,,,,,,,,,,,,yes,https://www.zomato.com/agra/sidewalk-bakehouse-cafe-tajganj/info,"9,20,550",286,yes,no,no
,,,,,,,,,,,,,,,yes,https://www.zomato.com/agra/molecule-air-bar-tajganj/info,"9,20,550",286,yes,no,no
,,,,,,,,,,,,,,,yes,https://www.zomato.com/agra/cosmos-cafe-bar-fairfield-by-marriott-civil-lines/info,"9,20,550",286,yes,no,no
,,,,,,,,,,,,,,,yes,https://www.zomato.com/agra/the-sahebs-realm-1-lohamandi/info,"9,20,550",286,yes,no,no
,,,,,,,,,,,,,,,yes,https://www.zomato.com/agra/the-escape-khandari/info,"9,20,550",286,yes,no,no
,,,,,,,,,,,,,,,yes,https://www.zomato.com/agra/citrus-cafe-by-lemon-tree-khandari/info,"9,20,550",286,yes,no,no
,,,,,,,,,,,,,,,yes,https://www.zomato.com/agra/beep-2-0-gastro-pub-lohamandi/info,"9,20,550",286,yes,no,no
,,,,,,,,,,,,,,,yes,https://www.zomato.com/agra/the-numberdaars-2-sikandra/info,"9,20,550",286,yes,no,no
,,,,,,,,,,,,,,,yes,https://www.zomato.com/agra/bercos-if-you-love-chinese-1-lohamandi/info,"9,20,550",286,yes,no,no
,,,,,,,,,,,,,,,yes,https://www.zomato.com/agra/sasural-the-restro-sikandra/info,"9,20,550",286,yes,no,no
,,,,,,,,,,,,,,,yes,https://www.zomato.com/agra/city-dhaba-khandari/info,"9,20,550",286,yes,no,no
,,,,,,,,,,,,,,,yes,https://www.zomato.com/agra/wow-momo-sikandra/info,"9,20,550",286,yes,no,no
,,,,,,,,,,,,,,,yes,https://www.zomato.com/agra/beep-2-0-gastro-pub-lohamandi/info,"9,20,550",286,yes,no,no
,,,,,,,,,,,,,,,yes,https://www.zomato.com/agra/the-numberdaars-2-sikandra/info,"9,20,550",286,yes,no,no
,,,,,,,,,,,,,,,no,https://www.zomato.com/agra/wow-momo-sikandra/info,,,no,no,no
,,,,,,,,,,,,,,,no,https://www.zomato.com/agra/the-sahebs-realm-1-lohamandi/info,,,no,no,no
,,,,,,,,,,,,,,,no,https://www.zomato.com/agra/bercos-if-you-love-chinese-1-lohamandi/info,,,no,no,no
,,,,,,,,,,,,,,,no,https://www.zomato.com/agra/the-escape-khandari/info,,,no,no,no
,,,,,,,,,,,,,,,no,https://www.zomato.com/agra/sasural-the-restro-sikandra/info,,,no,no,no
,,,,,,,,,,,,,,,no,https://www.zomato.com/agra/citrus-cafe-by-lemon-tree-khandari/info,,,no,no,no
,,,,,,,,,,,,,,,no,https://www.zomato.com/agra/city-dhaba-khandari/info,,,no,no,no
,,,,,,,,,,,,,,,no,https://www.zomato.com/agra/beep-rakabganj/info,,,no,no,no
,,,,,,,,,,,,,,,no,https://www.zomato.com/agra/incanto-civil-lines/info,,,no,no,no
,,,,,,,,,,,,,,,no,https://www.zomato.com/agra/palm-burj-rakabganj/info,,,no,no,no
,,,,,,,,,,,,,,,no,https://www.zomato.com/agra/qairo-tajganj/info,,,no,no,no
,,,,,,,,,,,,,,,no,https://www.zomato.com/agra/my-bar-headquarters-khandari/info,,,no,no,no
,,,,,,,,,,,,,,,no,https://www.zomato.com/agra/cosmos-cafe-bar-fairfield-by-marriott-civil-lines/info,,,no,no,no
,,,,,,,,,,,,,,,no,https://www.zomato.com/agra/karchi-kamla-nagar/info,,,no,no,no
,,,,,,,,,,,,,,,no,https://www.zomato.com/agra/the-sahebs-realm-1-lohamandi/info,,,no,no,no
,,,,,,,,,,,,,,,no,https://www.zomato.com/agra/hotel-orange-rakabganj/info,,,no,no,no
,,,,,,,,,,,,,,,no,https://www.zomato.com/agra/qairo-tajganj/info,,,no,no,no
,,,,,,,,,,,,,,,no,https://www.zomato.com/agra/my-bar-headquarters-khandari/info,,,no,no,no
,,,,,,,,,,,,,,,no,https://www.zomato.com/agra/hotel-orange-rakabganj/info,,,no,no,no
,,,,,,,,,,,,,,,no,https://www.zomato.com/agra/beep-rakabganj/info,,,no,no,no
,,,,,,,,,,,,,,,no,https://www.zomato.com/agra/cosmos-cafe-bar-fairfield-by-marriott-civil-lines/info,,,no,no,no
,,,,,,,,,,,,,,,no,https://www.zomato.com/agra/incanto-civil-lines/info,,,no,no,no
,,,,,,,,,,,,,,,no,https://www.zomato.com/agra/karchi-kamla-nagar/info,,,no,no,no
,,,,,,,,,,,,,,,no,https://www.zomato.com/agra/palm-burj-rakabganj/info,,,no,no,no
,,,,,,,,,,,,,,,no,https://www.zomato.com/agra/the-sahebs-realm-1-lohamandi/info,,,no,no,no
,,,,,,,,,,,,,,,no,https://www.zomato.com/agra/the-salt-cafe-kitchen-bar-tajganj/info,,,no,no,no
,,,,,,,,,,,,,,,no,https://www.zomato.com/agra/beep-rakabganj/info,,,no,no,no
,,,,,,,,,,,,,,,no,https://www.zomato.com/agra/incanto-civil-lines/info,,,no,no,no
,,,,,,,,,,,,,,,no,https://www.zomato.com/agra/the-nawaabs-tajganj/info,,,no,no,no
,,,,,,,,,,,,,,,no,https://www.zomato.com/agra/palm-burj-rakabganj/info,,,no,no,no
,,,,,,,,,,,,,,,no,https://www.zomato.com/agra/qairo-tajganj/info,,,no,no,no
,,,,,,,,,,,,,,,no,https://www.zomato.com/agra/my-bar-headquarters-khandari/info,,,no,no,no
,,,,,,,,,,,,,,,no,https://www.zomato.com/agra/cosmos-cafe-bar-fairfield-by-marriott-civil-lines/info,,,no,no,no
,,,,,,,,,,,,,,,no,https://www.zomato.com/agra/karchi-kamla-nagar/info,,,no,no,no
,,,,,,,,,,,,,,,no,https://www.zomato.com/agra/the-nawaabs-tajganj/info,,,no,no,no
,,,,,,,,,,,,,,,no,https://www.zomato.com/agra/palm-burj-rakabganj/info,,,no,no,no
,,,,,,,,,,,,,,,no,https://www.zomato.com/agra/karchi-kamla-nagar/info,,,no,no,no
,,,,,,,,,,,,,,,no,https://www.zomato.com/agra/the-salt-cafe-kitchen-bar-tajganj/info,,,no,no,no
,,,,,,,,,,,,,,,no,https://www.zomato.com/agra/qairo-tajganj/info,,,no,no,no
,,,,,,,,,,,,,,,no,https://www.zomato.com/agra/beep-rakabganj/info,,,no,no,no
,,,,,,,,,,,,,,,no,https://www.zomato.com/agra/my-bar-headquarters-khandari/info,,,no,no,no
,,,,,,,,,,,,,,,no,https://www.zomato.com/agra/incanto-civil-lines/info,,,no,no,no
,,,,,,,,,,,,,,,no,https://www.zomato.com/agra/cosmos-cafe-bar-fairfield-by-marriott-civil-lines/info,,,no,no,no
,,,,,,,,,,,,,,,no,https://www.zomato.com/kochi/kubaba-edappally/info,,,no,no,no
,,,,,,,,,,,,,,,no,https://www.zomato.com/kochi/kochi-kitchen-kochi-marriott-hotel-edappally/info,,,no,no,no
,,,,,,,,,,,,,,,no,https://www.zomato.com/kochi/punjab-grill-edappally/info,,,no,no,no
,,,,,,,,,,,,,,,no,https://www.zomato.com/kochi/roastown-edappally/info,,,no,no,no
,,,,,,,,,,,,,,,no,https://www.zomato.com/kochi/kyra-vennala/info,,,no,no,no
,,,,,,,,,,,,,,,no,https://www.zomato.com/kochi/bektash-edappally/info,,,no,no,no
,,,,,,,,,,,,,,,no,https://www.zomato.com/kochi/smoke-culture-by-steve-ernakulam-city/info,,,no,no,no
,,,,,,,,,,,,,,,no,https://www.zomato.com/kochi/fress-trees-garden-cafe-edappally/info,,,no,no,no
,,,,,,,,,,,,,,,no,https://www.zomato.com/kochi/tot-talk-of-the-town-edappally/info,,,no,no,no
,,,,,,,,,,,,,,,no,https://www.zomato.com/kochi/roastown-edappally/info,,,no,no,no
,,,,,,,,,,,,,,,no,https://www.zomato.com/kochi/kyra-vennala/info,,,no,no,no
,,,,,,,,,,,,,,,no,https://www.zomato.com/kochi/tot-talk-of-the-town-edappally/info,,,no,no,no
,,,,,,,,,,,,,,,no,https://www.zomato.com/kochi/kubaba-edappally/info,,,no,no,no
,,,,,,,,,,,,,,,no,https://www.zomato.com/kochi/bektash-edappally/info,,,no,no,no
,,,,,,,,,,,,,,,no,https://www.zomato.com/kochi/kochi-kitchen-kochi-marriott-hotel-edappally/info,,,no,no,no
,,,,,,,,,,,,,,,no,https://www.zomato.com/kochi/smoke-culture-by-steve-ernakulam-city/info,,,no,no,no
,,,,,,,,,,,,,,,no,https://www.zomato.com/kochi/punjab-grill-edappally/info,,,no,no,no
,,,,,,,,,,,,,,,no,https://www.zomato.com/kochi/fress-trees-garden-cafe-edappally/info,,,no,no,no
,,,,,,,,,,,,,,,no,https://www.zomato.com/kochi/malabar-cafe-grand-hyatt-kochi-bolgatty-marine-drive/info,,,no,no,no
,,,,,,,,,,,,,,,no,https://www.zomato.com/kochi/cafe-de-bangkok-ernakulam-city/info,,,no,no,no
,,,,,,,,,,,,,,,no,https://www.zomato.com/kochi/kyra-vennala/info,,,no,no,no
,,,,,,,,,,,,,,,no,https://www.zomato.com/kochi/punjab-grill-ernakulam-city/info,,,no,no,no
,,,,,,,,,,,,,,,no,https://www.zomato.com/kochi/grand-pavillion-by-grand-hotel-mg-road/info,,,no,no,no
,,,,,,,,,,,,,,,no,https://www.zomato.com/kochi/karthiyayini-marad/info,,,no,no,no
,,,,,,,,,,,,,,,no,https://www.zomato.com/kochi/meen-by-chef-pillai-marad/info,,,no,no,no
,,,,,,,,,,,,,,,no,https://www.zomato.com/kochi/cocoa-tree-the-avenue-regent-mg-road/info,,,no,no,no
,,,,,,,,,,,,,,,no,https://www.zomato.com/kochi/artiste-the-restaurant-marad/info,,,no,no,no
,,,,,,,,,,,,,,,no,https://www.zomato.com/kochi/punjab-grill-ernakulam-city/info,,,no,no,no
,,,,,,,,,,,,,,,no,https://www.zomato.com/kochi/grand-pavillion-by-grand-hotel-mg-road/info,,,no,no,no
,,,,,,,,,,,,,,,no,https://www.zomato.com/kochi/artiste-the-restaurant-marad/info,,,no,no,no
,,,,,,,,,,,,,,,no,https://www.zomato.com/kochi/malabar-cafe-grand-hyatt-kochi-bolgatty-marine-drive/info,,,no,no,no
,,,,,,,,,,,,,,,no,https://www.zomato.com/kochi/karthiyayini-marad/info,,,no,no,no
,,,,,,,,,,,,,,,no,https://www.zomato.com/kochi/cafe-de-bangkok-ernakulam-city/info,,,no,no,no
,,,,,,,,,,,,,,,no,https://www.zomato.com/kochi/meen-by-chef-pillai-marad/info,,,no,no,no
,,,,,,,,,,,,,,,no,https://www.zomato.com/kochi/kyra-vennala/info,,,no,no,no
,,,,,,,,,,,,,,,no,https://www.zomato.com/kochi/cocoa-tree-the-avenue-regent-mg-road/info,,,no,no,no
,,,,,,,,,,,,,,,no,https://www.zomato.com/kochi/hotel-seagull-fort-kochi/info,,,no,no,no
,,,,,,,,,,,,,,,no,https://www.zomato.com/kochi/malabar-cafe-grand-hyatt-kochi-bolgatty-marine-drive/info,,,no,no,no
,,,,,,,,,,,,,,,no,https://www.zomato.com/kochi/roastown-edappally/info,,,no,no,no
,,,,,,,,,,,,,,,no,https://www.zomato.com/kochi/cafe-de-bangkok-ernakulam-city/info,,,no,no,no
,,,,,,,,,,,,,,,no,https://www.zomato.com/kochi/kyra-vennala/info,,,no,no,no
,,,,,,,,,,,,,,,no,https://www.zomato.com/kochi/grand-pavillion-by-grand-hotel-mg-road/info,,,no,no,no
,,,,,,,,,,,,,,,no,https://www.zomato.com/kochi/kashi-art-cafe-fort-kochi/info,,,no,no,no
,,,,,,,,,,,,,,,no,https://www.zomato.com/kochi/fusion-bay-fort-kochi/info,,,no,no,no
,,,,,,,,,,,,,,,no,https://www.zomato.com/kochi/armoury-cafe-brunton-boatyard-fort-kochi/info,,,no,no,no
,,,,,,,,,,,,,,,no,https://www.zomato.com/kochi/cafe-de-bangkok-ernakulam-city/info,,,no,no,no
,,,,,,,,,,,,,,,no,https://www.zomato.com/kochi/kyra-vennala/info,,,no,no,no
,,,,,,,,,,,,,,,no,https://www.zomato.com/kochi/armoury-cafe-brunton-boatyard-fort-kochi/info,,,no,no,no
,,,,,,,,,,,,,,,no,https://www.zomato.com/kochi/hotel-seagull-fort-kochi/info,,,no,no,no
,,,,,,,,,,,,,,,no,https://www.zomato.com/kochi/grand-pavillion-by-grand-hotel-mg-road/info,,,no,no,no
,,,,,,,,,,,,,,,no,https://www.zomato.com/kochi/malabar-cafe-grand-hyatt-kochi-bolgatty-marine-drive/info,,,no,no,no
,,,,,,,,,,,,,,,no,https://www.zomato.com/kochi/kashi-art-cafe-fort-kochi/info,,,no,no,no
,,,,,,,,,,,,,,,no,https://www.zomato.com/kochi/roastown-edappally/info,,,no,no,no
,,,,,,,,,,,,,,,no,https://www.zomato.com/kochi/fusion-bay-fort-kochi/info,,,no,no,no
,,,,,,,,,,,,,,,no,https://www.zomato.com/kochi/cafe-de-bangkok-ernakulam-city/info,,,no,no,no
,,,,,,,,,,,,,,,no,https://www.zomato.com/kochi/kyra-vennala/info,,,no,no,no
,,,,,,,,,,,,,,,no,https://www.zomato.com/kochi/punjab-grill-ernakulam-city/info,,,no,no,no
,,,,,,,,,,,,,,,no,https://www.zomato.com/kochi/grand-pavillion-by-grand-hotel-mg-road/info,,,no,no,no
,,,,,,,,,,,,,,,no,https://www.zomato.com/kochi/karthiyayini-marad/info,,,no,no,no
,,,,,,,,,,,,,,,no,https://www.zomato.com/kochi/meen-by-chef-pillai-marad/info,,,no,no,no
,,,,,,,,,,,,,,,no,https://www.zomato.com/kochi/tot-talk-of-the-town-edappally/info,,,no,no,no
,,,,,,,,,,,,,,,no,https://www.zomato.com/kochi/cocoa-tree-the-avenue-regent-mg-road/info,,,no,no,no
,,,,,,,,,,,,,,,no,https://www.zomato.com/kochi/artiste-the-restaurant-marad/info,,,no,no,no
,,,,,,,,,,,,,,,no,https://www.zomato.com/kochi/grand-pavillion-by-grand-hotel-mg-road/info,,,no,no,no
,,,,,,,,,,,,,,,no,https://www.zomato.com/kochi/karthiyayini-marad/info,,,no,no,no
,,,,,,,,,,,,,,,yes,https://www.zomato.com/kochi/artiste-the-restaurant-marad/info,"7,24,159",170,yes,no,no
,,,,,,,,,,,,,,,yes,https://www.zomato.com/kochi/cafe-de-bangkok-ernakulam-city/info,"7,24,159",170,yes,no,no
,,,,,,,,,,,,,,,yes,https://www.zomato.com/kochi/meen-by-chef-pillai-marad/info,"7,24,159",170,yes,no,no
,,,,,,,,,,,,,,,yes,https://www.zomato.com/kochi/kyra-vennala/info,"7,24,159",170,yes,no,no
,,,,,,,,,,,,,,,yes,https://www.zomato.com/kochi/tot-talk-of-the-town-edappally/info,"7,24,159",170,yes,no,no
,,,,,,,,,,,,,,,yes,https://www.zomato.com/kochi/punjab-grill-ernakulam-city/info,"7,24,159",170,yes,no,no
,,,,,,,,,,,,,,,yes,https://www.zomato.com/kochi/cocoa-tree-the-avenue-regent-mg-road/info,"7,24,159",170,yes,no,no
,,,,,,,,,,,,,,,yes,https://www.zomato.com/kochi/hotel-seagull-fort-kochi/info,"7,24,159",170,yes,no,no
,,,,,,,,,,,,,,,yes,https://www.zomato.com/kochi/malabar-cafe-grand-hyatt-kochi-bolgatty-marine-drive/info,"7,24,159",170,yes,no,no
,,,,,,,,,,,,,,,yes,https://www.zomato.com/kochi/grand-pavillion-by-grand-hotel-mg-road/info,"7,24,159",170,yes,no,no
,,,,,,,,,,,,,,,yes,https://www.zomato.com/kochi/kashi-art-cafe-fort-kochi/info,"7,24,159",170,yes,no,no
,,,,,,,,,,,,,,,yes,https://www.zomato.com/kochi/fusion-bay-fort-kochi/info,"7,24,159",170,yes,no,no
,,,,,,,,,,,,,,,yes,https://www.zomato.com/kochi/armoury-cafe-brunton-boatyard-fort-kochi/info,"7,24,159",170,yes,no,no
,,,,,,,,,,,,,,,yes,https://www.zomato.com/kochi/lila-art-cafe-fort-kochi/info,"7,24,159",170,yes,no,no
,,,,,,,,,,,,,,,yes,https://www.zomato.com/kochi/jetty-1-fort-kochi/info,"7,24,159",170,yes,no,no
,,,,,,,,,,,,,,,yes,https://www.zomato.com/kochi/pandhal-café-deli-david-hall-fort-kochi/info,"7,24,159",170,yes,no,no
,,,,,,,,,,,,,,,yes,https://www.zomato.com/kochi/kashi-art-cafe-fort-kochi/info,"7,24,159",170,yes,no,no
,,,,,,,,,,,,,,,yes,https://www.zomato.com/kochi/fusion-bay-fort-kochi/info,"7,24,159",170,yes,no,no
,,,,,,,,,,,,,,,yes,https://www.zomato.com/kochi/pandhal-café-deli-david-hall-fort-kochi/info,"7,24,159",170,yes,no,no
,,,,,,,,,,,,,,,yes,https://www.zomato.com/kochi/hotel-seagull-fort-kochi/info,"7,24,159",170,yes,no,no
,,,,,,,,,,,,,,,yes,https://www.zomato.com/kochi/armoury-cafe-brunton-boatyard-fort-kochi/info,"7,24,159",170,yes,no,no
,,,,,,,,,,,,,,,yes,https://www.zomato.com/kochi/malabar-cafe-grand-hyatt-kochi-bolgatty-marine-drive/info,"7,24,159",170,yes,no,no
,,,,,,,,,,,,,,,yes,https://www.zomato.com/kochi/lila-art-cafe-fort-kochi/info,"7,24,159",170,yes,no,no
,,,,,,,,,,,,,,,yes,https://www.zomato.com/kochi/grand-pavillion-by-grand-hotel-mg-road/info,"7,24,159",170,yes,no,no
,,,,,,,,,,,,,,,yes,https://www.zomato.com/kochi/jetty-1-fort-kochi/info,"7,24,159",170,yes,no,no
,,,,,,,,,,,,,,,yes,https://www.zomato.com/kochi/kubaba-edappally/info,"7,24,159",170,yes,no,no
,,,,,,,,,,,,,,,yes,https://www.zomato.com/kochi/kochi-kitchen-kochi-marriott-hotel-edappally/info,"7,24,159",170,yes,no,no
,,,,,,,,,,,,,,,yes,https://www.zomato.com/kochi/punjab-grill-edappally/info,"7,24,159",170,yes,no,no
,,,,,,,,,,,,,,,yes,https://www.zomato.com/kochi/roastown-edappally/info,"7,24,159",170,yes,no,no
,,,,,,,,,,,,,,,yes,https://www.zomato.com/kochi/cafe-de-bangkok-ernakulam-city/info,"7,24,159",170,yes,no,no
,,,,,,,,,,,,,,,yes,https://www.zomato.com/kochi/kyra-vennala/info,"7,24,159",170,yes,no,no
,,,,,,,,,,,,,,,yes,https://www.zomato.com/kochi/grand-pavillion-by-grand-hotel-mg-road/info,"7,24,159",170,yes,no,no
,,,,,,,,,,,,,,,yes,https://www.zomato.com/kochi/smoke-culture-by-steve-ernakulam-city/info,"7,24,159",170,yes,no,no
,,,,,,,,,,,,,,,yes,https://www.zomato.com/kochi/fress-trees-garden-cafe-edappally/info,"7,24,159",170,yes,no,no
,,,,,,,,,,,,,,,yes,https://www.zomato.com/kochi/roastown-edappally/info,"7,24,159",170,yes,no,no
,,,,,,,,,,,,,,,yes,https://www.zomato.com/kochi/cafe-de-bangkok-ernakulam-city/info,"7,24,159",170,yes,no,no
,,,,,,,,,,,,,,,yes,https://www.zomato.com/kochi/fress-trees-garden-cafe-edappally/info,"7,24,159",170,yes,no,no
,,,,,,,,,,,,,,,yes,https://www.zomato.com/kochi/kubaba-edappally/info,"7,24,159",170,yes,no,no
,,,,,,,,,,,,,,,yes,https://www.zomato.com/kochi/kyra-vennala/info,"7,24,159",170,yes,no,no
,,,,,,,,,,,,,,,yes,https://www.zomato.com/kochi/kochi-kitchen-kochi-marriott-hotel-edappally/info,"7,24,159",170,yes,no,no
,,,,,,,,,,,,,,,yes,https://www.zomato.com/kochi/grand-pavillion-by-grand-hotel-mg-road/info,"7,24,159",170,yes,no,no
,,,,,,,,,,,,,,,yes,https://www.zomato.com/kochi/punjab-grill-edappally/info,"7,24,159",170,yes,no,no
,,,,,,,,,,,,,,,yes,https://www.zomato.com/kochi/smoke-culture-by-steve-ernakulam-city/info,"7,24,159",170,yes,no,no
,,,,,,,,,,,,,,,yes,https://www.zomato.com/kochi/kubaba-edappally/info,"7,24,159",170,yes,no,no
,,,,,,,,,,,,,,,yes,https://www.zomato.com/kochi/kochi-kitchen-kochi-marriott-hotel-edappally/info,"7,24,159",170,yes,no,no
,,,,,,,,,,,,,,,yes,https://www.zomato.com/kochi/punjab-grill-edappally/info,"7,24,159",170,yes,no,no
,,,,,,,,,,,,,,,yes,https://www.zomato.com/kochi/roastown-edappally/info,"7,24,159",170,yes,no,no
,,,,,,,,,,,,,,,yes,https://www.zomato.com/kochi/kyra-vennala/info,"7,24,159",170,yes,no,no
,,,,,,,,,,,,,,,yes,https://www.zomato.com/kochi/smoke-culture-by-steve-ernakulam-city/info,"7,24,159",170,yes,no,no
,,,,,,,,,,,,,,,yes,https://www.zomato.com/kochi/fress-trees-garden-cafe-edappally/info,"7,24,159",170,yes,no,no
,,,,,,,,,,,,,,,yes,https://www.zomato.com/kochi/tot-talk-of-the-town-edappally/info,"7,24,159",170,yes,no,no
,,,,,,,,,,,,,,,yes,https://www.zomato.com/kochi/cassava-kochi-marriott-hotel-edappally/info,"7,24,159",170,yes,no,no
,,,,,,,,,,,,,,,yes,https://www.zomato.com/kochi/roastown-edappally/info,"7,24,159",170,yes,no,no
,,,,,,,,,,,,,,,yes,https://www.zomato.com/kochi/kyra-vennala/info,"7,24,159",170,yes,no,no
,,,,,,,,,,,,,,,yes,https://www.zomato.com/kochi/cassava-kochi-marriott-hotel-edappally/info,"7,24,159",170,yes,no,no
,,,,,,,,,,,,,,,yes,https://www.zomato.com/kochi/kubaba-edappally/info,"7,24,159",170,yes,no,no
,,,,,,,,,,,,,,,yes,https://www.zomato.com/kochi/smoke-culture-by-steve-ernakulam-city/info,"7,24,159",170,yes,no,no
,,,,,,,,,,,,,,,yes,https://www.zomato.com/kochi/kochi-kitchen-kochi-marriott-hotel-edappally/info,"7,24,159",170,yes,no,no
,,,,,,,,,,,,,,,yes,https://www.zomato.com/kochi/fress-trees-garden-cafe-edappally/info,"7,24,159",170,yes,no,no
,,,,,,,,,,,,,,,yes,https://www.zomato.com/kochi/punjab-grill-edappally/info,"7,24,159",170,yes,no,no
,,,,,,,,,,,,,,,yes,https://www.zomato.com/kochi/tot-talk-of-the-town-edappally/info,"7,24,159",170,yes,no,no
,,,,,,,,,,,,,,,yes,https://www.zomato.com/kochi/hotel-seagull-fort-kochi/info,"7,24,159",170,yes,no,no
,,,,,,,,,,,,,,,yes,https://www.zomato.com/kochi/malabar-cafe-grand-hyatt-kochi-bolgatty-marine-drive/info,"7,24,159",170,yes,no,no
,,,,,,,,,,,,,,,yes,https://www.zomato.com/kochi/cafe-de-bangkok-ernakulam-city/info,"7,24,159",170,yes,no,no
,,,,,,,,,,,,,,,yes,https://www.zomato.com/kochi/kyra-vennala/info,"7,24,159",170,yes,no,no
,,,,,,,,,,,,,,,yes,https://www.zomato.com/kochi/grand-pavillion-by-grand-hotel-mg-road/info,"7,24,159",170,yes,no,no
,,,,,,,,,,,,,,,yes,https://www.zomato.com/kochi/kashi-art-cafe-fort-kochi/info,"7,24,159",170,yes,no,no
,,,,,,,,,,,,,,,yes,https://www.zomato.com/kochi/fusion-bay-fort-kochi/info,"7,24,159",170,yes,no,no
,,,,,,,,,,,,,,,yes,https://www.zomato.com/kochi/armoury-cafe-brunton-boatyard-fort-kochi/info,"7,24,159",170,yes,no,no
,,,,,,,,,,,,,,,yes,https://www.zomato.com/kochi/lila-art-cafe-fort-kochi/info,"7,24,159",170,yes,no,no
,,,,,,,,,,,,,,,yes,https://www.zomato.com/kochi/kyra-vennala/info,"7,24,159",170,yes,no,no
,,,,,,,,,,,,,,,yes,https://www.zomato.com/kochi/grand-pavillion-by-grand-hotel-mg-road/info,"7,24,159",170,yes,no,no
,,,,,,,,,,,,,,,yes,https://www.zomato.com/kochi/lila-art-cafe-fort-kochi/info,"7,24,159",170,yes,no,no
,,,,,,,,,,,,,,,yes,https://www.zomato.com/kochi/hotel-seagull-fort-kochi/info,"7,24,159",170,yes,no,no
,,,,,,,,,,,,,,,yes,https://www.zomato.com/kochi/kashi-art-cafe-fort-kochi/info,"7,24,159",170,yes,no,no
,,,,,,,,,,,,,,,yes,https://www.zomato.com/kochi/malabar-cafe-grand-hyatt-kochi-bolgatty-marine-drive/info,"7,24,159",170,yes,no,no
,,,,,,,,,,,,,,,yes,https://www.zomato.com/kochi/fusion-bay-fort-kochi/info,"7,24,159",170,yes,no,no
,,,,,,,,,,,,,,,yes,https://www.zomato.com/kochi/cafe-de-bangkok-ernakulam-city/info,"7,24,159",170,yes,no,no
,,,,,,,,,,,,,,,yes,https://www.zomato.com/kochi/armoury-cafe-brunton-boatyard-fort-kochi/info,"7,24,159",170,yes,no,no
,,,,,,,,,,,,,,,yes,https://www.zomato.com/jamshedpur/dishaayen-pure-veg-golmuri/info,"7,24,159",170,yes,no,no
,,,,,,,,,,,,,,,yes,https://www.zomato.com/jamshedpur/riverview-multicuisine-restro-2-birsanagar/info,"7,24,159",170,yes,no,no
,,,,,,,,,,,,,,,yes,https://www.zomato.com/jamshedpur/riverview-multicuisine-restro-telco-colony/info,"7,24,159",170,yes,no,no
,,,,,,,,,,,,,,,yes,https://www.zomato.com/jamshedpur/the-star-beans-1-telco-colony/info,"7,24,159",170,yes,no,no
,,,,,,,,,,,,,,,yes,https://www.zomato.com/jamshedpur/mikelle-fast-food-birsanagar/info,"7,24,159",170,yes,no,no
,,,,,,,,,,,,,,,yes,https://www.zomato.com/jamshedpur/shake-shook-cafe-birsanagar/info,"7,24,159",170,yes,no,no
,,,,,,,,,,,,,,,yes,https://www.zomato.com/jamshedpur/quest-regency-golmuri/info,"7,24,159",170,yes,no,no
,,,,,,,,,,,,,,,yes,https://www.zomato.com/jamshedpur/sher-e-punjab-golmuri/info,"7,24,159",170,yes,no,no
,,,,,,,,,,,,,,,yes,https://www.zomato.com/jamshedpur/the-satkar-hotel-1-golmuri/info,"7,24,159",170,yes,no,no
,,,,,,,,,,,,,,,yes,https://www.zomato.com/jamshedpur/the-star-beans-1-telco-colony/info,"7,24,159",170,yes,no,no
,,,,,,,,,,,,,,,yes,https://www.zomato.com/jamshedpur/mikelle-fast-food-birsanagar/info,"7,24,159",170,yes,no,no
,,,,,,,,,,,,,,,yes,https://www.zomato.com/jamshedpur/the-satkar-hotel-1-golmuri/info,"7,24,159",170,yes,no,no
,,,,,,,,,,,,,,,yes,https://www.zomato.com/jamshedpur/dishaayen-pure-veg-golmuri/info,"7,24,159",170,yes,no,no
,,,,,,,,,,,,,,,yes,https://www.zomato.com/jamshedpur/shake-shook-cafe-birsanagar/info,"7,24,159",170,yes,no,no
,,,,,,,,,,,,,,,yes,https://www.zomato.com/jamshedpur/riverview-multicuisine-restro-2-birsanagar/info,"7,24,159",170,yes,no,no
,,,,,,,,,,,,,,,yes,https://www.zomato.com/jamshedpur/quest-regency-golmuri/info,"7,24,159",170,yes,no,no
,,,,,,,,,,,,,,,yes,https://www.zomato.com/jamshedpur/riverview-multicuisine-restro-telco-colony/info,"7,24,159",170,yes,no,no
,,,,,,,,,,,,,,,yes,https://www.zomato.com/jamshedpur/sher-e-punjab-golmuri/info,"7,24,159",170,yes,no,no
,,,,,,,,,,,,,,,yes,https://www.zomato.com/jamshedpur/mocha-cafe-bar-bistupur/info,"7,24,159",170,yes,no,no
,,,,,,,,,,,,,,,yes,https://www.zomato.com/jamshedpur/moon-brewery-and-restaurant-bistupur/info,"7,24,159",170,yes,no,no
,,,,,,,,,,,,,,,yes,https://www.zomato.com/jamshedpur/guild-45-1-bistupur/info,"7,24,159",170,yes,no,no
,,,,,,,,,,,,,,,yes,https://www.zomato.com/jamshedpur/aurous-restro-lounge-bistupur/info,"7,24,159",170,yes,no,no
,,,,,,,,,,,,,,,yes,https://www.zomato.com/jamshedpur/pizza-hut-sakchi/info,"7,24,159",170,yes,no,no
,,,,,,,,,,,,,,,yes,https://www.zomato.com/jamshedpur/haridra-by-dehamray-sakchi/info,"7,24,159",170,yes,no,no
,,,,,,,,,,,,,,,yes,https://www.zomato.com/jamshedpur/hasapi-sakchi/info,"7,24,159",170,yes,no,no
,,,,,,,,,,,,,,,yes,https://www.zomato.com/jamshedpur/kadhi-patta-pure-veg-restaurant-sakchi/info,"7,24,159",170,yes,no,no
,,,,,,,,,,,,,,,yes,https://www.zomato.com/jamshedpur/kfc-bistupur/info,"7,24,159",170,yes,no,no
,,,,,,,,,,,,,,,yes,https://www.zomato.com/jamshedpur/aurous-restro-lounge-bistupur/info,"7,24,159",170,yes,no,no
,,,,,,,,,,,,,,,yes,https://www.zomato.com/jamshedpur/pizza-hut-sakchi/info,"7,24,159",170,yes,no,no
,,,,,,,,,,,,,,,yes,https://www.zomato.com/jamshedpur/kfc-bistupur/info,"7,24,159",170,yes,no,no
,,,,,,,,,,,,,,,yes,https://www.zomato.com/jamshedpur/mocha-cafe-bar-bistupur/info,"7,24,159",170,yes,no,no
,,,,,,,,,,,,,,,yes,https://www.zomato.com/jamshedpur/haridra-by-dehamray-sakchi/info,"7,24,159",170,yes,no,no
,,,,,,,,,,,,,,,yes,https://www.zomato.com/jamshedpur/moon-brewery-and-restaurant-bistupur/info,"7,24,159",170,yes,no,no
,,,,,,,,,,,,,,,yes,https://www.zomato.com/jamshedpur/hasapi-sakchi/info,"7,24,159",170,yes,no,no
,,,,,,,,,,,,,,,yes,https://www.zomato.com/jamshedpur/guild-45-1-bistupur/info,"7,24,159",170,yes,no,no
,,,,,,,,,,,,,,,yes,https://www.zomato.com/jamshedpur/kadhi-patta-pure-veg-restaurant-sakchi/info,"7,24,159",170,yes,no,no
,,,,,,,,,,,,,,,yes,https://www.zomato.com/jamshedpur/mocha-cafe-bar-bistupur/info,"7,24,159",170,yes,no,no
,,,,,,,,,,,,,,,yes,https://www.zomato.com/jamshedpur/moon-brewery-and-restaurant-bistupur/info,"7,24,159",170,yes,no,no
,,,,,,,,,,,,,,,yes,https://www.zomato.com/jamshedpur/guild-45-1-bistupur/info,"7,24,159",170,yes,no,no
,,,,,,,,,,,,,,,yes,https://www.zomato.com/jamshedpur/aurous-restro-lounge-bistupur/info,"7,24,159",170,yes,no,no
,,,,,,,,,,,,,,,yes,https://www.zomato.com/jamshedpur/pizza-hut-sakchi/info,"7,24,159",170,yes,no,no
,,,,,,,,,,,,,,,yes,https://www.zomato.com/jamshedpur/haridra-by-dehamray-sakchi/info,"7,24,159",170,yes,no,no
,,,,,,,,,,,,,,,yes,https://www.zomato.com/jamshedpur/hasapi-sakchi/info,"7,24,159",170,yes,no,no
,,,,,,,,,,,,,,,yes,https://www.zomato.com/jamshedpur/kadhi-patta-pure-veg-restaurant-sakchi/info,"7,24,159",170,yes,no,no
,,,,,,,,,,,,,,,yes,https://www.zomato.com/jamshedpur/kfc-bistupur/info,"7,24,159",170,yes,no,no
,,,,,,,,,,,,,,,yes,https://www.zomato.com/jamshedpur/aurous-restro-lounge-bistupur/info,"7,24,159",170,yes,no,no
,,,,,,,,,,,,,,,yes,https://www.zomato.com/jamshedpur/pizza-hut-sakchi/info,"7,24,159",170,yes,no,no
,,,,,,,,,,,,,,,yes,https://www.zomato.com/jamshedpur/kfc-bistupur/info,"7,24,159",170,yes,no,no
,,,,,,,,,,,,,,,yes,https://www.zomato.com/jamshedpur/mocha-cafe-bar-bistupur/info,"7,24,159",170,yes,no,no
,,,,,,,,,,,,,,,yes,https://www.zomato.com/jamshedpur/haridra-by-dehamray-sakchi/info,"7,24,159",170,yes,no,no
,,,,,,,,,,,,,,,yes,https://www.zomato.com/jamshedpur/moon-brewery-and-restaurant-bistupur/info,"7,24,159",170,yes,no,no
,,,,,,,,,,,,,,,yes,https://www.zomato.com/jamshedpur/hasapi-sakchi/info,"7,24,159",170,yes,no,no
,,,,,,,,,,,,,,,yes,https://www.zomato.com/jamshedpur/guild-45-1-bistupur/info,"7,24,159",170,yes,no,no
,,,,,,,,,,,,,,,yes,https://www.zomato.com/jamshedpur/kadhi-patta-pure-veg-restaurant-sakchi/info,"7,24,159",170,yes,no,no
,,,,,,,,,,,,,,,yes,https://www.zomato.com/jamshedpur/mocha-cafe-bar-bistupur/info,"7,24,159",170,yes,no,no
,,,,,,,,,,,,,,,yes,https://www.zomato.com/jamshedpur/moon-brewery-and-restaurant-bistupur/info,"7,24,159",170,yes,no,no
,,,,,,,,,,,,,,,yes,https://www.zomato.com/jamshedpur/guild-45-1-bistupur/info,"7,24,159",170,yes,no,no
,,,,,,,,,,,,,,,yes,https://www.zomato.com/jamshedpur/aurous-restro-lounge-bistupur/info,"7,24,159",170,yes,no,no
,,,,,,,,,,,,,,,yes,https://www.zomato.com/jamshedpur/pizza-hut-sakchi/info,"7,24,159",170,yes,no,no
,,,,,,,,,,,,,,,yes,https://www.zomato.com/jamshedpur/haridra-by-dehamray-sakchi/info,"7,24,159",170,yes,no,no
,,,,,,,,,,,,,,,yes,https://www.zomato.com/jamshedpur/hasapi-sakchi/info,"7,24,159",170,yes,no,no
,,,,,,,,,,,,,,,yes,https://www.zomato.com/jamshedpur/kadhi-patta-pure-veg-restaurant-sakchi/info,"7,24,159",170,yes,no,no
,,,,,,,,,,,,,,,yes,https://www.zomato.com/jamshedpur/kfc-bistupur/info,"7,24,159",170,yes,no,no
,,,,,,,,,,,,,,,yes,https://www.zomato.com/jamshedpur/aurous-restro-lounge-bistupur/info,"7,24,159",170,yes,no,no
,,,,,,,,,,,,,,,yes,https://www.zomato.com/jamshedpur/pizza-hut-sakchi/info,"7,24,159",170,yes,no,no
,,,,,,,,,,,,,,,yes,https://www.zomato.com/jamshedpur/kfc-bistupur/info,"7,24,159",170,yes,no,no
,,,,,,,,,,,,,,,yes,https://www.zomato.com/jamshedpur/mocha-cafe-bar-bistupur/info,"7,24,159",170,yes,no,no
,,,,,,,,,,,,,,,yes,https://www.zomato.com/jamshedpur/haridra-by-dehamray-sakchi/info,"7,24,159",170,yes,no,no
,,,,,,,,,,,,,,,yes,https://www.zomato.com/jamshedpur/moon-brewery-and-restaurant-bistupur/info,"7,24,159",170,yes,no,no
,,,,,,,,,,,,,,,yes,https://www.zomato.com/jamshedpur/hasapi-sakchi/info,"7,24,159",170,yes,no,no
,,,,,,,,,,,,,,,yes,https://www.zomato.com/jamshedpur/guild-45-1-bistupur/info,"7,24,159",170,yes,no,no
,,,,,,,,,,,,,,,yes,https://www.zomato.com/jamshedpur/kadhi-patta-pure-veg-restaurant-sakchi/info,"7,24,159",170,yes,no,no
,,,,,,,,,,,,,,,yes,https://www.zomato.com/jamshedpur/berojgar-biryani-dhaba-gamharia/info,"7,24,159",170,yes,no,no
,,,,,,,,,,,,,,,yes,https://www.zomato.com/jamshedpur/pearl-delight-gamharia/info,"7,24,159",170,yes,no,no
,,,,,,,,,,,,,,,yes,https://www.zomato.com/jamshedpur/kolkata-umpire-biryani-gamharia/info,"7,24,159",170,yes,no,no
,,,,,,,,,,,,,,,yes,https://www.zomato.com/jamshedpur/m-momos-point-2-gamharia/info,"7,24,159",170,yes,no,no
,,,,,,,,,,,,,,,yes,https://www.zomato.com/jamshedpur/cloud-245-2-gamharia/info,"7,24,159",170,yes,no,no
,,,,,,,,,,,,,,,yes,https://www.zomato.com/jamshedpur/motel-madhuban-gamharia/info,"7,24,159",170,yes,no,no
,,,,,,,,,,,,,,,yes,https://www.zomato.com/jamshedpur/dolphin-restaurant-gamharia/info,"7,24,159",170,yes,no,no
,,,,,,,,,,,,,,,yes,https://www.zomato.com/jamshedpur/annas-kitchen-gamharia/info,"7,24,159",170,yes,no,no
,,,,,,,,,,,,,,,yes,https://www.zomato.com/jamshedpur/dominos-pizza-gamharia/info,"7,24,159",170,yes,no,no
,,,,,,,,,,,,,,,yes,https://www.zomato.com/jamshedpur/m-momos-point-2-gamharia/info,"7,24,159",170,yes,no,no
,,,,,,,,,,,,,,,yes,https://www.zomato.com/jamshedpur/cloud-245-2-gamharia/info,"7,24,159",170,yes,no,no
,,,,,,,,,,,,,,,yes,https://www.zomato.com/jamshedpur/dominos-pizza-gamharia/info,"7,24,159",170,yes,no,no
,,,,,,,,,,,,,,,yes,https://www.zomato.com/jamshedpur/berojgar-biryani-dhaba-gamharia/info,"7,24,159",170,yes,no,no
,,,,,,,,,,,,,,,yes,https://www.zomato.com/jamshedpur/motel-madhuban-gamharia/info,"7,24,159",170,yes,no,no
,,,,,,,,,,,,,,,yes,https://www.zomato.com/jamshedpur/pearl-delight-gamharia/info,"7,24,159",170,yes,no,no
,,,,,,,,,,,,,,,yes,https://www.zomato.com/jamshedpur/dolphin-restaurant-gamharia/info,"7,24,159",170,yes,no,no
,,,,,,,,,,,,,,,yes,https://www.zomato.com/jamshedpur/kolkata-umpire-biryani-gamharia/info,"7,24,159",170,yes,no,no
,,,,,,,,,,,,,,,yes,https://www.zomato.com/jamshedpur/annas-kitchen-gamharia/info,"7,24,159",170,yes,no,no
,,,,,,,,,,,,,,,yes,https://www.zomato.com/jamshedpur/mocha-cafe-bar-bistupur/info,"7,24,159",170,yes,no,no
,,,,,,,,,,,,,,,yes,https://www.zomato.com/jamshedpur/moon-brewery-and-restaurant-bistupur/info,"7,24,159",170,yes,no,no
,,,,,,,,,,,,,,,yes,https://www.zomato.com/jamshedpur/guild-45-1-bistupur/info,"7,24,159",170,yes,no,no
,,,,,,,,,,,,,,,yes,https://www.zomato.com/jamshedpur/aurous-restro-lounge-bistupur/info,"7,24,159",170,yes,no,no
,,,,,,,,,,,,,,,yes,https://www.zomato.com/jamshedpur/pizza-hut-sakchi/info,"7,24,159",170,yes,no,no
,,,,,,,,,,,,,,,yes,https://www.zomato.com/jamshedpur/haridra-by-dehamray-sakchi/info,"7,24,159",170,yes,no,no
,,,,,,,,,,,,,,,yes,https://www.zomato.com/jamshedpur/hasapi-sakchi/info,"7,24,159",170,yes,no,no
,,,,,,,,,,,,,,,yes,https://www.zomato.com/jamshedpur/kadhi-patta-pure-veg-restaurant-sakchi/info,"7,24,159",170,yes,no,no
,,,,,,,,,,,,,,,yes,https://www.zomato.com/jamshedpur/kfc-bistupur/info,"7,24,159",170,yes,no,no
,,,,,,,,,,,,,,,yes,https://www.zomato.com/jamshedpur/aurous-restro-lounge-bistupur/info,"7,24,159",170,yes,no,no
,,,,,,,,,,,,,,,yes,https://www.zomato.com/jamshedpur/pizza-hut-sakchi/info,"7,24,159",170,yes,no,no
,,,,,,,,,,,,,,,yes,https://www.zomato.com/jamshedpur/kfc-bistupur/info,"7,24,159",170,yes,no,no
,,,,,,,,,,,,,,,yes,https://www.zomato.com/jamshedpur/mocha-cafe-bar-bistupur/info,"7,24,159",170,yes,no,no
,,,,,,,,,,,,,,,yes,https://www.zomato.com/jamshedpur/haridra-by-dehamray-sakchi/info,"7,24,159",170,yes,no,no
,,,,,,,,,,,,,,,yes,https://www.zomato.com/jamshedpur/moon-brewery-and-restaurant-bistupur/info,"7,24,159",170,yes,no,no
,,,,,,,,,,,,,,,yes,https://www.zomato.com/jamshedpur/hasapi-sakchi/info,"7,24,159",170,yes,no,no
,,,,,,,,,,,,,,,yes,https://www.zomato.com/jamshedpur/guild-45-1-bistupur/info,"7,24,159",170,yes,no,no
,,,,,,,,,,,,,,,yes,https://www.zomato.com/jamshedpur/kadhi-patta-pure-veg-restaurant-sakchi/info,"7,24,159",170,yes,no,no
,,,,,,,,,,,,,,,yes,https://www.zomato.com/jamshedpur/pizza-hut-sakchi/info,"7,24,159",170,yes,no,no
,,,,,,,,,,,,,,,yes,https://www.zomato.com/jamshedpur/haridra-by-dehamray-sakchi/info,"7,24,159",170,yes,no,no
,,,,,,,,,,,,,,,yes,https://www.zomato.com/jamshedpur/hasapi-sakchi/info,"7,24,159",170,yes,no,no
,,,,,,,,,,,,,,,yes,https://www.zomato.com/jamshedpur/kadhi-patta-pure-veg-restaurant-sakchi/info,"7,24,159",170,yes,no,no
,,,,,,,,,,,,,,,yes,https://www.zomato.com/jamshedpur/meraki-by-the-wave-international-resort-mango/info,"7,24,159",170,yes,no,no
,,,,,,,,,,,,,,,yes,https://www.zomato.com/jamshedpur/dominos-pizza-mango/info,"7,24,159",170,yes,no,no
,,,,,,,,,,,,,,,yes,https://www.zomato.com/jamshedpur/dishaayen-pure-veg-golmuri/info,"7,24,159",170,yes,no,no
,,,,,,,,,,,,,,,yes,https://www.zomato.com/jamshedpur/cava-by-hotel-ganga-regency-sakchi/info,"7,24,159",170,yes,no,no
,,,,,,,,,,,,,,,yes,https://www.zomato.com/jamshedpur/pizza-99-sakchi/info,"7,24,159",170,yes,no,no
,,,,,,,,,,,,,,,yes,https://www.zomato.com/jamshedpur/kadhi-patta-pure-veg-restaurant-sakchi/info,"7,24,159",170,yes,no,no
,,,,,,,,,,,,,,,yes,https://www.zomato.com/jamshedpur/meraki-by-the-wave-international-resort-mango/info,"7,24,159",170,yes,no,no
,,,,,,,,,,,,,,,yes,https://www.zomato.com/jamshedpur/pizza-99-sakchi/info,"7,24,159",170,yes,no,no
,,,,,,,,,,,,,,,yes,https://www.zomato.com/jamshedpur/pizza-hut-sakchi/info,"7,24,159",170,yes,no,no
,,,,,,,,,,,,,,,yes,https://www.zomato.com/jamshedpur/dominos-pizza-mango/info,"7,24,159",170,yes,no,no
,,,,,,,,,,,,,,,yes,https://www.zomato.com/jamshedpur/haridra-by-dehamray-sakchi/info,"7,24,159",170,yes,no,no
,,,,,,,,,,,,,,,yes,https://www.zomato.com/jamshedpur/dishaayen-pure-veg-golmuri/info,"7,24,159",170,yes,no,no
,,,,,,,,,,,,,,,yes,https://www.zomato.com/jamshedpur/hasapi-sakchi/info,"7,24,159",170,yes,no,no
,,,,,,,,,,,,,,,yes,https://www.zomato.com/jamshedpur/cava-by-hotel-ganga-regency-sakchi/info,"7,24,159",170,yes,no,no
,,,,,,,,,,,,,,,yes,https://www.zomato.com/jamshedpur/pizza-hut-sakchi/info,"7,24,159",170,yes,no,no
,,,,,,,,,,,,,,,yes,https://www.zomato.com/jamshedpur/haridra-by-dehamray-sakchi/info,"7,24,159",170,yes,no,no
,,,,,,,,,,,,,,,yes,https://www.zomato.com/jamshedpur/hasapi-sakchi/info,"7,24,159",170,yes,no,no
,,,,,,,,,,,,,,,yes,https://www.zomato.com/jamshedpur/kadhi-patta-pure-veg-restaurant-sakchi/info,"7,24,159",170,yes,no,no
,,,,,,,,,,,,,,,yes,https://www.zomato.com/jamshedpur/dishaayen-pure-veg-golmuri/info,"7,24,159",170,yes,no,no
,,,,,,,,,,,,,,,yes,https://www.zomato.com/jamshedpur/cava-by-hotel-ganga-regency-sakchi/info,"7,24,159",170,yes,no,no
,,,,,,,,,,,,,,,yes,https://www.zomato.com/jamshedpur/pizza-99-sakchi/info,"7,24,159",170,yes,no,no
,,,,,,,,,,,,,,,yes,https://www.zomato.com/jamshedpur/the-combo-house-sakchi/info,"7,24,159",170,yes,no,no
,,,,,,,,,,,,,,,yes,https://www.zomato.com/jamshedpur/riverview-multicuisine-restro-2-birsanagar/info,"7,24,159",170,yes,no,no
,,,,,,,,,,,,,,,yes,https://www.zomato.com/jamshedpur/kadhi-patta-pure-veg-restaurant-sakchi/info,"7,24,159",170,yes,no,no
,,,,,,,,,,,,,,,yes,https://www.zomato.com/jamshedpur/dishaayen-pure-veg-golmuri/info,"7,24,159",170,yes,no,no
,,,,,,,,,,,,,,,yes,https://www.zomato.com/jamshedpur/riverview-multicuisine-restro-2-birsanagar/info,"7,24,159",170,yes,no,no
,,,,,,,,,,,,,,,yes,https://www.zomato.com/jamshedpur/pizza-hut-sakchi/info,"7,24,159",170,yes,no,no
,,,,,,,,,,,,,,,yes,https://www.zomato.com/jamshedpur/cava-by-hotel-ganga-regency-sakchi/info,"7,24,159",170,yes,no,no
,,,,,,,,,,,,,,,yes,https://www.zomato.com/jamshedpur/haridra-by-dehamray-sakchi/info,"7,24,159",170,yes,no,no
,,,,,,,,,,,,,,,yes,https://www.zomato.com/jamshedpur/pizza-99-sakchi/info,"7,24,159",170,yes,no,no
,,,,,,,,,,,,,,,yes,https://www.zomato.com/jamshedpur/hasapi-sakchi/info,"7,24,159",170,yes,no,no
,,,,,,,,,,,,,,,yes,https://www.zomato.com/jamshedpur/the-combo-house-sakchi/info,"7,24,159",170,yes,no,no
,,,,,,,,,,,,,,,yes,,"7,24,159",170,yes,no,no
,,,,,,,,,,,,,,,yes,,"7,24,159",170,yes,no,no
,,,,,,,,,,,,,,,yes,,"7,24,159",170,yes,no,no
,,,,,,,,,,,,,,,yes,,"7,24,159",170,yes,no,no
,,,,,,,,,,,,,,,yes,,"7,24,159",170,yes,no,no
,,,,,,,,,,,,,,,yes,,"7,24,159",170,yes,no,no
,,,,,,,,,,,,,,,yes,,"7,24,159",170,yes,no,no
,,,,,,,,,,,,,,,yes,,"7,24,159",170,yes,no,no
,,,,,,,,,,,,,,,yes,,"7,24,159",170,yes,no,no
,,,,,,,,,,,,,,,yes,,"7,24,159",170,yes,no,no
,,,,,,,,,,,,,,,yes,,"7,24,159",170,yes,no,no
,,,,,,,,,,,,,,,yes,,"7,24,159",170,yes,no,no
,,,,,,,,,,,,,,,yes,,"7,24,159",170,yes,no,no
,,,,,,,,,,,,,,,yes,,"7,24,159",170,yes,no,no
,,,,,,,,,,,,,,,yes,,"7,24,159",170,yes,no,no
,,,,,,,,,,,,,,,yes,,"7,24,159",170,yes,no,no
,,,,,,,,,,,,,,,yes,,"7,24,159",170,yes,no,no
,,,,,,,,,,,,,,,yes,,"7,24,159",170,yes,no,no
,,,,,,,,,,,,,,,yes,,"7,24,159",170,yes,no,no
,,,,,,,,,,,,,,,yes,,"7,24,159",170,yes,no,no
,,,,,,,,,,,,,,,yes,,"7,24,159",170,yes,no,no
,,,,,,,,,,,,,,,yes,,"7,24,159",170,yes,no,no
,,,,,,,,,,,,,,,yes,,"7,24,159",170,yes,no,no
,,,,,,,,,,,,,,,yes,,"7,24,159",170,yes,no,no
,,,,,,,,,,,,,,,yes,,"7,24,159",170,yes,no,no
,,,,,,,,,,,,,,,yes,,"7,24,159",170,yes,no,no
,,,,,,,,,,,,,,,yes,,"7,24,159",170,yes,no,no
,,,,,,,,,,,,,,,yes,,"7,24,159",170,yes,no,no
,,,,,,,,,,,,,,,yes,,"7,24,159",170,yes,no,no
,,,,,,,,,,,,,,,yes,,"7,24,159",170,yes,no,no
,,,,,,,,,,,,,,,yes,,"7,24,159",170,yes,no,no
,,,,,,,,,,,,,,,yes,,"7,24,159",170,yes,no,no
,,,,,,,,,,,,,,,yes,,"7,24,159",170,yes,no,no
,,,,,,,,,,,,,,,yes,,"7,24,159",170,yes,no,no
,,,,,,,,,,,,,,,yes,,"7,24,159",170,yes,no,no
,,,,,,,,,,,,,,,yes,,"7,24,159",170,yes,no,no
,,,,,,,,,,,,,,,yes,,"7,24,159",170,yes,no,no
,,,,,,,,,,,,,,,yes,,"7,24,159",170,yes,no,no
,,,,,,,,,,,,,,,yes,,"7,24,159",170,yes,no,no
,,,,,,,,,,,,,,,yes,,"7,24,159",170,yes,no,no
,,,,,,,,,,,,,,,yes,,"7,24,159",170,yes,no,no
,,,,,,,,,,,,,,,yes,,"7,24,159",170,yes,no,no
,,,,,,,,,,,,,,,yes,,"7,24,159",170,yes,no,no
,,,,,,,,,,,,,,,yes,,"7,24,159",170,yes,no,no
,,,,,,,,,,,,,,,yes,,"7,24,159",170,yes,no,no
,,,,,,,,,,,,,,,yes,,"7,24,159",170,yes,no,no
,,,,,,,,,,,,,,,yes,,"7,24,159",170,yes,no,no
,,,,,,,,,,,,,,,yes,,"7,24,159",170,yes,no,no
,,,,,,,,,,,,,,,yes,,"7,24,159",170,yes,no,no
,,,,,,,,,,,,,,,yes,,"7,24,159",170,yes,no,no
,,,,,,,,,,,,,,,yes,,"7,24,159",170,yes,no,no
,,,,,,,,,,,,,,,yes,,"7,24,159",170,yes,no,no
,,,,,,,,,,,,,,,yes,,"7,24,159",170,yes,no,no
,,,,,,,,,,,,,,,yes,,"7,24,159",170,yes,no,no
,,,,,,,,,,,,,,,yes,,"7,24,159",170,yes,no,no
,,,,,,,,,,,,,,,yes,,"7,24,159",170,yes,no,no
,,,,,,,,,,,,,,,yes,,"7,24,159",170,yes,no,no
,,,,,,,,,,,,,,,yes,,"7,24,159",170,yes,no,no
,,,,,,,,,,,,,,,yes,,"7,24,159",170,yes,no,no
,,,,,,,,,,,,,,,yes,,"7,24,159",170,yes,no,no
,,,,,,,,,,,,,,,yes,,"7,24,159",170,yes,no,no
,,,,,,,,,,,,,,,yes,,"7,24,159",170,yes,no,no
,,,,,,,,,,,,,,,yes,,"7,24,159",170,yes,no,no
,,,,,,,,,,,,,,,yes,,"7,24,159",170,yes,no,no
,,,,,,,,,,,,,,,yes,,"7,24,159",170,yes,no,no
,,,,,,,,,,,,,,,yes,,"10,17,865",97,yes,no,no
,,,,,,,,,,,,,,,yes,,"10,17,865",97,yes,no,no
,,,,,,,,,,,,,,,yes,,"10,17,865",97,yes,no,no
,,,,,,,,,,,,,,,yes,,"10,17,865",97,yes,no,no
,,,,,,,,,,,,,,,yes,,"10,17,865",97,yes,no,no
,,,,,,,,,,,,,,,yes,,"10,17,865",97,yes,no,no
,,,,,,,,,,,,,,,yes,,"10,17,865",97,yes,no,no
,,,,,,,,,,,,,,,yes,,"10,17,865",97,yes,no,no
,,,,,,,,,,,,,,,yes,,"10,17,865",97,yes,no,no
,,,,,,,,,,,,,,,yes,,"10,17,865",97,yes,no,no
,,,,,,,,,,,,,,,yes,,"10,17,865",97,yes,no,no
,,,,,,,,,,,,,,,yes,,"10,17,865",97,yes,no,no
,,,,,,,,,,,,,,,yes,,"10,17,865",97,yes,no,no
,,,,,,,,,,,,,,,yes,,"10,17,865",97,yes,no,no
,,,,,,,,,,,,,,,yes,,"10,17,865",97,yes,no,no
,,,,,,,,,,,,,,,yes,,"10,17,865",97,yes,no,no
,,,,,,,,,,,,,,,yes,,"10,17,865",97,yes,no,no
,,,,,,,,,,,,,,,yes,,"10,17,865",97,yes,no,no
,,,,,,,,,,,,,,,yes,,"10,17,865",97,yes,no,no
,,,,,,,,,,,,,,,yes,,"10,17,865",97,yes,no,no
,,,,,,,,,,,,,,,yes,,"10,17,865",97,yes,no,no
,,,,,,,,,,,,,,,yes,,"10,17,865",97,yes,no,no
,,,,,,,,,,,,,,,yes,,"10,17,865",97,yes,no,no
,,,,,,,,,,,,,,,yes,,"10,17,865",97,yes,no,no
,,,,,,,,,,,,,,,yes,,"10,17,865",97,yes,no,no
,,,,,,,,,,,,,,,yes,,"10,17,865",97,yes,no,no
,,,,,,,,,,,,,,,yes,,"10,17,865",97,yes,no,no
,,,,,,,,,,,,,,,yes,,"10,17,865",97,yes,no,no
,,,,,,,,,,,,,,,yes,,"10,17,865",97,yes,no,no
,,,,,,,,,,,,,,,yes,,"10,17,865",97,yes,no,no
,,,,,,,,,,,,,,,yes,,"10,17,865",97,yes,no,no
,,,,,,,,,,,,,,,yes,,"10,17,865",97,yes,no,no
,,,,,,,,,,,,,,,yes,,"10,17,865",97,yes,no,no
,,,,,,,,,,,,,,,yes,,"10,17,865",97,yes,no,no
,,,,,,,,,,,,,,,yes,,"10,17,865",97,yes,no,no
,,,,,,,,,,,,,,,yes,,"10,17,865",97,yes,no,no
,,,,,,,,,,,,,,,yes,,"10,17,865",97,yes,no,no
,,,,,,,,,,,,,,,yes,,"10,17,865",97,yes,no,no
,,,,,,,,,,,,,,,yes,,"10,17,865",97,yes,no,no
,,,,,,,,,,,,,,,yes,,"10,17,865",97,yes,no,no
,,,,,,,,,,,,,,,yes,,"10,17,865",97,yes,no,no
,,,,,,,,,,,,,,,yes,,"10,17,865",97,yes,no,no
,,,,,,,,,,,,,,,yes,,"10,17,865",97,yes,no,no
,,,,,,,,,,,,,,,yes,,"10,17,865",97,yes,no,no
,,,,,,,,,,,,,,,yes,,"10,17,865",97,yes,no,no
,,,,,,,,,,,,,,,yes,,"10,17,865",97,yes,no,no
,,,,,,,,,,,,,,,yes,,"10,17,865",97,yes,no,no
,,,,,,,,,,,,,,,yes,,"10,17,865",97,yes,no,no
,,,,,,,,,,,,,,,yes,,"10,17,865",97,yes,no,no
,,,,,,,,,,,,,,,yes,,"10,17,865",97,yes,no,no
,,,,,,,,,,,,,,,yes,,"10,17,865",97,yes,no,no
,,,,,,,,,,,,,,,yes,,"10,17,865",97,yes,no,no
,,,,,,,,,,,,,,,yes,,"10,17,865",97,yes,no,no
,,,,,,,,,,,,,,,yes,,"10,17,865",97,yes,no,no
,,,,,,,,,,,,,,,yes,,"10,17,865",97,yes,no,no
,,,,,,,,,,,,,,,yes,,"10,17,865",97,yes,no,no
,,,,,,,,,,,,,,,yes,,"10,17,865",97,yes,no,no
,,,,,,,,,,,,,,,yes,,"10,17,865",97,yes,no,no
,,,,,,,,,,,,,,,yes,,"10,17,865",97,yes,no,no
,,,,,,,,,,,,,,,yes,,"10,17,865",97,yes,no,no
,,,,,,,,,,,,,,,yes,,"10,17,865",97,yes,no,no
,,,,,,,,,,,,,,,yes,,"10,17,865",97,yes,no,no
,,,,,,,,,,,,,,,yes,,"10,17,865",97,yes,no,no
,,,,,,,,,,,,,,,yes,,"10,17,865",97,yes,no,no
,,,,,,,,,,,,,,,yes,,"10,17,865",97,yes,no,no
,,,,,,,,,,,,,,,yes,,"10,17,865",97,yes,no,no
,,,,,,,,,,,,,,,yes,,"10,17,865",97,yes,no,no
,,,,,,,,,,,,,,,yes,,"10,17,865",97,yes,no,no
,,,,,,,,,,,,,,,yes,,"10,17,865",97,yes,no,no
,,,,,,,,,,,,,,,yes,,"10,17,865",97,yes,no,no
,,,,,,,,,,,,,,,yes,,"10,17,865",97,yes,no,no
,,,,,,,,,,,,,,,yes,,"10,17,865",97,yes,no,no
,,,,,,,,,,,,,,,yes,,"10,17,865",97,yes,no,no
,,,,,,,,,,,,,,,yes,,"10,17,865",97,yes,no,no
,,,,,,,,,,,,,,,yes,,"10,17,865",97,yes,no,no
,,,,,,,,,,,,,,,yes,,"10,17,865",97,yes,no,no
,,,,,,,,,,,,,,,yes,,"10,17,865",97,yes,no,no
,,,,,,,,,,,,,,,yes,,"10,17,865",97,yes,no,no
,,,,,,,,,,,,,,,yes,,"10,17,865",97,yes,no,no
,,,,,,,,,,,,,,,yes,,"10,17,865",97,yes,no,no
,,,,,,,,,,,,,,,yes,,"10,17,865",97,yes,no,no
,,,,,,,,,,,,,,,yes,,"10,17,865",97,yes,no,no
,,,,,,,,,,,,,,,yes,,"10,17,865",97,yes,no,no
,,,,,,,,,,,,,,,yes,,"10,17,865",97,yes,no,no
,,,,,,,,,,,,,,,yes,,"10,17,865",97,yes,no,no
,,,,,,,,,,,,,,,yes,,"10,17,865",97,yes,no,no
,,,,,,,,,,,,,,,yes,,"10,17,865",97,yes,no,no
,,,,,,,,,,,,,,,yes,,"10,17,865",97,yes,no,no
,,,,,,,,,,,,,,,yes,,"10,17,865",97,yes,no,no
,,,,,,,,,,,,,,,yes,,"10,17,865",97,yes,no,no
,,,,,,,,,,,,,,,yes,,"10,17,865",97,yes,no,no
,,,,,,,,,,,,,,,yes,,"10,17,865",97,yes,no,no
,,,,,,,,,,,,,,,yes,,"10,17,865",97,yes,no,no
,,,,,,,,,,,,,,,yes,,"10,17,865",97,yes,no,no
,,,,,,,,,,,,,,,yes,,"10,17,865",97,yes,no,no
,,,,,,,,,,,,,,,yes,,"10,17,865",97,yes,no,no
,,,,,,,,,,,,,,,yes,,"10,17,865",97,yes,no,no
,,,,,,,,,,,,,,,yes,,"10,17,865",97,yes,no,no
,,,,,,,,,,,,,,,yes,,"10,17,865",97,yes,no,no
,,,,,,,,,,,,,,,yes,,"10,17,865",97,yes,no,no
,,,,,,,,,,,,,,,yes,,"10,17,865",97,yes,no,no
,,,,,,,,,,,,,,,yes,,"10,17,865",97,yes,no,no
,,,,,,,,,,,,,,,yes,,"10,17,865",97,yes,no,no
,,,,,,,,,,,,,,,yes,,"10,17,865",97,yes,no,no
,,,,,,,,,,,,,,,yes,,"10,17,865",97,yes,no,no
,,,,,,,,,,,,,,,yes,,"10,17,865",97,yes,no,no
,,,,,,,,,,,,,,,yes,,"10,17,865",97,yes,no,no
,,,,,,,,,,,,,,,yes,,"10,17,865",97,yes,no,no
,,,,,,,,,,,,,,,yes,,"10,17,865",97,yes,no,no
,,,,,,,,,,,,,,,yes,,"10,17,865",97,yes,no,no
,,,,,,,,,,,,,,,yes,,"10,17,865",97,yes,no,no
,,,,,,,,,,,,,,,yes,,"10,17,865",97,yes,no,no
,,,,,,,,,,,,,,,yes,,"10,17,865",97,yes,no,no
,,,,,,,,,,,,,,,yes,,"10,17,865",97,yes,no,no
,,,,,,,,,,,,,,,yes,,"10,17,865",97,yes,no,no
,,,,,,,,,,,,,,,yes,,"10,17,865",97,yes,no,no
,,,,,,,,,,,,,,,yes,,"10,17,865",97,yes,no,no
,,,,,,,,,,,,,,,yes,,"10,17,865",97,yes,no,no
,,,,,,,,,,,,,,,yes,,"10,17,865",97,yes,no,no
,,,,,,,,,,,,,,,yes,,"10,17,865",97,yes,no,no
,,,,,,,,,,,,,,,yes,,"10,17,865",97,yes,no,no
,,,,,,,,,,,,,,,yes,,"10,17,865",97,yes,no,no
,,,,,,,,,,,,,,,yes,,"10,17,865",97,yes,no,no
,,,,,,,,,,,,,,,yes,,"10,17,865",97,yes,no,no
,,,,,,,,,,,,,,,yes,,"10,17,865",97,yes,no,no
,,,,,,,,,,,,,,,yes,,"10,17,865",97,yes,no,no
,,,,,,,,,,,,,,,yes,,"10,17,865",97,yes,no,no
,,,,,,,,,,,,,,,yes,,"10,17,865",97,yes,no,no
,,,,,,,,,,,,,,,yes,,"10,17,865",97,yes,no,no
,,,,,,,,,,,,,,,yes,,"10,17,865",97,yes,no,no
,,,,,,,,,,,,,,,yes,,"10,17,865",97,yes,no,no
,,,,,,,,,,,,,,,yes,,"10,17,865",97,yes,no,no
,,,,,,,,,,,,,,,yes,,"10,17,865",97,yes,no,no
,,,,,,,,,,,,,,,yes,,"10,17,865",97,yes,no,no
,,,,,,,,,,,,,,,yes,,"10,17,865",97,yes,no,no
,,,,,,,,,,,,,,,yes,,"10,17,865",97,yes,no,no
,,,,,,,,,,,,,,,yes,,"10,17,865",97,yes,no,no
,,,,,,,,,,,,,,,yes,,"10,17,865",97,yes,no,no
,,,,,,,,,,,,,,,yes,,"10,17,865",97,yes,no,no
,,,,,,,,,,,,,,,yes,,"10,17,865",97,yes,no,no
,,,,,,,,,,,,,,,yes,,"10,17,865",97,yes,no,no
,,,,,,,,,,,,,,,yes,,"10,17,865",97,yes,no,no
,,,,,,,,,,,,,,,yes,,"10,17,865",97,yes,no,no
,,,,,,,,,,,,,,,yes,,"10,17,865",97,yes,no,no
,,,,,,,,,,,,,,,yes,,"10,17,865",97,yes,no,no
,,,,,,,,,,,,,,,yes,,"10,17,865",97,yes,no,no
,,,,,,,,,,,,,,,yes,,"10,17,865",97,yes,no,no
,,,,,,,,,,,,,,,yes,,"10,17,865",97,yes,no,no
,,,,,,,,,,,,,,,yes,,"10,17,865",97,yes,no,no
,,,,,,,,,,,,,,,yes,,"10,17,865",97,yes,no,no
,,,,,,,,,,,,,,,yes,,"10,17,865",97,yes,no,no
,,,,,,,,,,,,,,,yes,,"10,17,865",97,yes,no,no
,,,,,,,,,,,,,,,yes,,"10,17,865",97,yes,no,no
,,,,,,,,,,,,,,,yes,,"10,17,865",97,yes,no,no
,,,,,,,,,,,,,,,yes,,"10,17,865",97,yes,no,no
,,,,,,,,,,,,,,,yes,,"10,17,865",97,yes,no,no
,,,,,,,,,,,,,,,yes,,"10,17,865",97,yes,no,no
,,,,,,,,,,,,,,,yes,,"10,17,865",97,yes,no,no
,,,,,,,,,,,,,,,yes,,"10,17,865",97,yes,no,no
,,,,,,,,,,,,,,,yes,,"10,17,865",97,yes,no,no
,,,,,,,,,,,,,,,yes,,"10,17,865",97,yes,no,no
,,,,,,,,,,,,,,,yes,,"10,17,865",97,yes,no,no
,,,,,,,,,,,,,,,yes,,"10,17,865",97,yes,no,no
,,,,,,,,,,,,,,,yes,,"10,17,865",97,yes,no,no
,,,,,,,,,,,,,,,yes,,"10,17,865",97,yes,no,no
,,,,,,,,,,,,,,,yes,,"10,17,865",97,yes,no,no
,,,,,,,,,,,,,,,yes,,"10,17,865",97,yes,no,no
,,,,,,,,,,,,,,,yes,,"10,17,865",97,yes,no,no
,,,,,,,,,,,,,,,yes,,"10,17,865",97,yes,no,no
,,,,,,,,,,,,,,,yes,,"10,17,865",97,yes,no,no
,,,,,,,,,,,,,,,yes,,"10,17,865",97,yes,no,no
,,,,,,,,,,,,,,,yes,,"10,17,865",97,yes,no,no
,,,,,,,,,,,,,,,yes,,"10,17,865",97,yes,no,no
,,,,,,,,,,,,,,,yes,,"10,17,865",97,yes,no,no
,,,,,,,,,,,,,,,yes,,"10,17,865",97,yes,no,no
,,,,,,,,,,,,,,,yes,,"10,17,865",97,yes,no,no
,,,,,,,,,,,,,,,yes,,"10,17,865",97,yes,no,no
,,,,,,,,,,,,,,,yes,,"10,17,865",97,yes,no,no
,,,,,,,,,,,,,,,yes,,"10,17,865",97,yes,no,no
,,,,,,,,,,,,,,,yes,,"10,17,865",97,yes,no,no
,,,,,,,,,,,,,,,yes,,"10,17,865",97,yes,no,no
,,,,,,,,,,,,,,,yes,,"10,17,865",97,yes,no,no
,,,,,,,,,,,,,,,yes,,"10,17,865",97,yes,no,no
,,,,,,,,,,,,,,,yes,,"10,17,865",97,yes,no,no
,,,,,,,,,,,,,,,yes,,"10,17,865",97,yes,no,no
,,,,,,,,,,,,,,,yes,,"10,17,865",97,yes,no,no
,,,,,,,,,,,,,,,yes,,"10,17,865",97,yes,no,no
,,,,,,,,,,,,,,,yes,,"10,17,865",97,yes,no,no
,,,,,,,,,,,,,,,yes,,"10,17,865",97,yes,no,no
,,,,,,,,,,,,,,,yes,,"10,17,865",97,yes,no,no
,,,,,,,,,,,,,,,yes,,"10,17,865",97,yes,no,no
,,,,,,,,,,,,,,,yes,,"10,17,865",97,yes,no,no
,,,,,,,,,,,,,,,yes,,"10,17,865",97,yes,no,no
,,,,,,,,,,,,,,,yes,,"10,17,865",97,yes,no,no
,,,,,,,,,,,,,,,yes,,"10,17,865",97,yes,no,no
,,,,,,,,,,,,,,,yes,,"10,17,865",97,yes,no,no
,,,,,,,,,,,,,,,yes,,"10,17,865",97,yes,no,no
,,,,,,,,,,,,,,,yes,,"10,17,865",97,yes,no,no
,,,,,,,,,,,,,,,yes,,"10,17,865",97,yes,no,no
,,,,,,,,,,,,,,,yes,,"10,17,865",97,yes,no,no
,,,,,,,,,,,,,,,yes,,"10,17,865",97,yes,no,no
,,,,,,,,,,,,,,,yes,,"10,17,865",97,yes,no,no
,,,,,,,,,,,,,,,yes,,"10,17,865",97,yes,no,no
,,,,,,,,,,,,,,,yes,,"10,17,865",97,yes,no,no
,,,,,,,,,,,,,,,yes,,"10,17,865",97,yes,no,no
,,,,,,,,,,,,,,,yes,,"10,17,865",97,yes,no,no
,,,,,,,,,,,,,,,yes,,"10,17,865",97,yes,no,no
,,,,,,,,,,,,,,,yes,,"10,17,865",97,yes,no,no
,,,,,,,,,,,,,,,yes,,"10,17,865",97,yes,no,no
,,,,,,,,,,,,,,,yes,,"10,17,865",97,yes,no,no
,,,,,,,,,,,,,,,yes,,"10,17,865",97,yes,no,no
,,,,,,,,,,,,,,,yes,,"10,17,865",97,yes,no,no
,,,,,,,,,,,,,,,yes,,"10,17,865",97,yes,no,no
,,,,,,,,,,,,,,,yes,,"10,17,865",97,yes,no,no
,,,,,,,,,,,,,,,yes,,"10,17,865",97,yes,no,no
,,,,,,,,,,,,,,,yes,,"10,17,865",97,yes,no,no
,,,,,,,,,,,,,,,yes,,"10,17,865",97,yes,no,no
,,,,,,,,,,,,,,,yes,,"10,17,865",97,yes,no,no
,,,,,,,,,,,,,,,yes,,"10,17,865",97,yes,no,no
,,,,,,,,,,,,,,,yes,,"10,17,865",97,yes,no,no
,,,,,,,,,,,,,,,yes,,"10,17,865",97,yes,no,no
,,,,,,,,,,,,,,,yes,,"10,17,865",97,yes,no,no
,,,,,,,,,,,,,,,yes,,"10,17,865",97,yes,no,no
,,,,,,,,,,,,,,,yes,,"10,17,865",97,yes,no,no
,,,,,,,,,,,,,,,yes,,"10,17,865",97,yes,no,no
,,,,,,,,,,,,,,,yes,,"10,17,865",97,yes,no,no
,,,,,,,,,,,,,,,yes,,"10,17,865",97,yes,no,no
,,,,,,,,,,,,,,,yes,,"10,17,865",97,yes,no,no
,,,,,,,,,,,,,,,yes,,"10,17,865",97,yes,no,no
,,,,,,,,,,,,,,,yes,,"10,17,865",97,yes,no,no
,,,,,,,,,,,,,,,yes,,"10,17,865",97,yes,no,no
,,,,,,,,,,,,,,,yes,,"10,17,865",97,yes,no,no
,,,,,,,,,,,,,,,yes,,"10,17,865",97,yes,no,no
,,,,,,,,,,,,,,,yes,,"10,17,865",97,yes,no,no
,,,,,,,,,,,,,,,yes,,"10,17,865",97,yes,no,no
,,,,,,,,,,,,,,,yes,,"10,17,865",97,yes,no,no
,,,,,,,,,,,,,,,yes,,"10,17,865",97,yes,no,no
,,,,,,,,,,,,,,,yes,,"10,17,865",97,yes,no,no
,,,,,,,,,,,,,,,yes,,"10,17,865",97,yes,no,no
,,,,,,,,,,,,,,,yes,,"10,17,865",97,yes,no,no
,,,,,,,,,,,,,,,yes,,"10,17,865",97,yes,no,no
,,,,,,,,,,,,,,,yes,,"10,17,865",97,yes,no,no
,,,,,,,,,,,,,,,yes,,"10,17,865",97,yes,no,no
,,,,,,,,,,,,,,,yes,,"10,17,865",97,yes,no,no
,,,,,,,,,,,,,,,yes,,"10,17,865",97,yes,no,no
,,,,,,,,,,,,,,,yes,,"10,17,865",97,yes,no,no
,,,,,,,,,,,,,,,yes,,"10,17,865",97,yes,no,no
,,,,,,,,,,,,,,,yes,,"10,17,865",97,yes,no,no
,,,,,,,,,,,,,,,yes,,"10,17,865",97,yes,no,no
,,,,,,,,,,,,,,,yes,,"10,17,865",97,yes,no,no
,,,,,,,,,,,,,,,yes,,"10,17,865",97,yes,no,no
,,,,,,,,,,,,,,,yes,,"10,17,865",97,yes,no,no
,,,,,,,,,,,,,,,yes,,"10,17,865",97,yes,no,no
,,,,,,,,,,,,,,,yes,,"10,17,865",97,yes,no,no
,,,,,,,,,,,,,,,yes,,"10,17,865",97,yes,no,no
,,,,,,,,,,,,,,,yes,,"10,17,865",97,yes,no,no
,,,,,,,,,,,,,,,yes,,"10,17,865",97,yes,no,no
,,,,,,,,,,,,,,,yes,,"10,17,865",97,yes,no,no
,,,,,,,,,,,,,,,yes,,"10,17,865",97,yes,no,no
,,,,,,,,,,,,,,,yes,,"10,17,865",97,yes,no,no
,,,,,,,,,,,,,,,yes,,"10,17,865",97,yes,no,no
,,,,,,,,,,,,,,,yes,,"10,17,865",97,yes,no,no
,,,,,,,,,,,,,,,yes,,"10,17,865",97,yes,no,no
,,,,,,,,,,,,,,,yes,,"10,17,865",97,yes,no,no
,,,,,,,,,,,,,,,yes,,"10,17,865",97,yes,no,no
,,,,,,,,,,,,,,,yes,,"10,17,865",97,yes,no,no
,,,,,,,,,,,,,,,yes,,"10,17,865",97,yes,no,no
,,,,,,,,,,,,,,,yes,,"10,17,865",97,yes,no,no
,,,,,,,,,,,,,,,yes,,"10,17,865",97,yes,no,no
,,,,,,,,,,,,,,,yes,,"10,17,865",97,yes,no,no
,,,,,,,,,,,,,,,yes,,"10,17,865",97,yes,no,no
,,,,,,,,,,,,,,,yes,,"10,17,865",97,yes,no,no
,,,,,,,,,,,,,,,yes,,"10,17,865",97,yes,no,no
,,,,,,,,,,,,,,,yes,,"10,17,865",97,yes,no,no
,,,,,,,,,,,,,,,yes,,"10,17,865",97,yes,no,no
,,,,,,,,,,,,,,,yes,,"10,17,865",97,yes,no,no
,,,,,,,,,,,,,,,yes,,"10,17,865",97,yes,no,no
,,,,,,,,,,,,,,,yes,,"10,17,865",97,yes,no,no
,,,,,,,,,,,,,,,yes,,"10,17,865",97,yes,no,no
,,,,,,,,,,,,,,,yes,,"10,17,865",97,yes,no,no
,,,,,,,,,,,,,,,yes,,"10,17,865",97,yes,no,no
,,,,,,,,,,,,,,,yes,,"10,17,865",97,yes,no,no
,,,,,,,,,,,,,,,yes,,"10,17,865",97,yes,no,no
,,,,,,,,,,,,,,,yes,,"10,17,865",97,yes,no,no
,,,,,,,,,,,,,,,yes,,"10,17,865",97,yes,no,no
,,,,,,,,,,,,,,,yes,,"10,17,865",97,yes,no,no
,,,,,,,,,,,,,,,yes,,"10,17,865",97,yes,no,no
,,,,,,,,,,,,,,,yes,,"10,17,865",97,yes,no,no
,,,,,,,,,,,,,,,yes,,"29,02,601",631,yes,no,no
,,,,,,,,,,,,,,,yes,,"29,02,601",631,yes,no,no
,,,,,,,,,,,,,,,yes,,"29,02,601",631,yes,no,no
,,,,,,,,,,,,,,,yes,,"29,02,601",631,yes,no,no
,,,,,,,,,,,,,,,yes,,"29,02,601",631,yes,no,no
,,,,,,,,,,,,,,,yes,,"29,02,601",631,yes,no,no
,,,,,,,,,,,,,,,yes,,"29,02,601",631,yes,no,no
,,,,,,,,,,,,,,,yes,,"29,02,601",631,yes,no,no
,,,,,,,,,,,,,,,yes,,"29,02,601",631,yes,no,no
,,,,,,,,,,,,,,,yes,,"29,02,601",631,yes,no,no
,,,,,,,,,,,,,,,yes,,"29,02,601",631,yes,no,no
,,,,,,,,,,,,,,,yes,,"29,02,601",631,yes,no,no
,,,,,,,,,,,,,,,yes,,"29,02,601",631,yes,no,no
,,,,,,,,,,,,,,,yes,,"29,02,601",631,yes,no,no
,,,,,,,,,,,,,,,yes,,"29,02,601",631,yes,no,no
,,,,,,,,,,,,,,,yes,,"29,02,601",631,yes,no,no
,,,,,,,,,,,,,,,yes,,"29,02,601",631,yes,no,no
,,,,,,,,,,,,,,,yes,,"29,02,601",631,yes,no,no
,,,,,,,,,,,,,,,yes,,"29,02,601",631,yes,no,no
,,,,,,,,,,,,,,,yes,,"29,02,601",631,yes,no,no
,,,,,,,,,,,,,,,yes,,"29,02,601",631,yes,no,no
,,,,,,,,,,,,,,,yes,,"29,02,601",631,yes,no,no
,,,,,,,,,,,,,,,yes,,"29,02,601",631,yes,no,no
,,,,,,,,,,,,,,,yes,,"29,02,601",631,yes,no,no
,,,,,,,,,,,,,,,yes,,"29,02,601",631,yes,no,no
,,,,,,,,,,,,,,,yes,,"29,02,601",631,yes,no,no
,,,,,,,,,,,,,,,yes,,"29,02,601",631,yes,no,no
,,,,,,,,,,,,,,,yes,,"29,02,601",631,yes,no,no
,,,,,,,,,,,,,,,yes,,"29,02,601",631,yes,no,no
,,,,,,,,,,,,,,,yes,,"29,02,601",631,yes,no,no
,,,,,,,,,,,,,,,yes,,"29,02,601",631,yes,no,no
,,,,,,,,,,,,,,,yes,,"29,02,601",631,yes,no,no
,,,,,,,,,,,,,,,yes,,"29,02,601",631,yes,no,no
,,,,,,,,,,,,,,,yes,,"29,02,601",631,yes,no,no
,,,,,,,,,,,,,,,yes,,"29,02,601",631,yes,no,no
,,,,,,,,,,,,,,,yes,,"29,02,601",631,yes,no,no
,,,,,,,,,,,,,,,yes,,"29,02,601",631,yes,no,no
,,,,,,,,,,,,,,,yes,,"29,02,601",631,yes,no,no
,,,,,,,,,,,,,,,yes,,"29,02,601",631,yes,no,no
,,,,,,,,,,,,,,,yes,,"29,02,601",631,yes,no,no
,,,,,,,,,,,,,,,yes,,"29,02,601",631,yes,no,no
,,,,,,,,,,,,,,,yes,,"29,02,601",631,yes,no,no
,,,,,,,,,,,,,,,yes,,"29,02,601",631,yes,no,no
,,,,,,,,,,,,,,,yes,,"29,02,601",631,yes,no,no
,,,,,,,,,,,,,,,yes,,"29,02,601",631,yes,no,no
,,,,,,,,,,,,,,,yes,,"29,02,601",631,yes,no,no
,,,,,,,,,,,,,,,yes,,"29,02,601",631,yes,no,no
,,,,,,,,,,,,,,,yes,,"29,02,601",631,yes,no,no
,,,,,,,,,,,,,,,yes,,"29,02,601",631,yes,no,no
,,,,,,,,,,,,,,,yes,,"29,02,601",631,yes,no,no
,,,,,,,,,,,,,,,yes,,"29,02,601",631,yes,no,no
,,,,,,,,,,,,,,,yes,,"29,02,601",631,yes,no,no
,,,,,,,,,,,,,,,yes,,"29,02,601",631,yes,no,no
,,,,,,,,,,,,,,,yes,,"29,02,601",631,yes,no,no
,,,,,,,,,,,,,,,yes,,"29,02,601",631,yes,no,no
,,,,,,,,,,,,,,,yes,,"29,02,601",631,yes,no,no
,,,,,,,,,,,,,,,yes,,"29,02,601",631,yes,no,no
,,,,,,,,,,,,,,,yes,,"29,02,601",631,yes,no,no
,,,,,,,,,,,,,,,yes,,"29,02,601",631,yes,no,no
,,,,,,,,,,,,,,,yes,,"29,02,601",631,yes,no,no
,,,,,,,,,,,,,,,yes,,"29,02,601",631,yes,no,no
,,,,,,,,,,,,,,,yes,,"29,02,601",631,yes,no,no
,,,,,,,,,,,,,,,yes,,"29,02,601",631,yes,no,no
,,,,,,,,,,,,,,,yes,,"29,02,601",631,yes,no,no
,,,,,,,,,,,,,,,yes,,"29,02,601",631,yes,no,no
,,,,,,,,,,,,,,,yes,,"29,02,601",631,yes,no,no
,,,,,,,,,,,,,,,yes,,"29,02,601",631,yes,no,no
,,,,,,,,,,,,,,,yes,,"29,02,601",631,yes,no,no
,,,,,,,,,,,,,,,yes,,"29,02,601",631,yes,no,no
,,,,,,,,,,,,,,,yes,,"29,02,601",631,yes,no,no
,,,,,,,,,,,,,,,yes,,"29,02,601",631,yes,no,no
,,,,,,,,,,,,,,,yes,,"29,02,601",631,yes,no,no
,,,,,,,,,,,,,,,yes,,"29,02,601",631,yes,no,no
,,,,,,,,,,,,,,,yes,,"29,02,601",631,yes,no,no
,,,,,,,,,,,,,,,yes,,"29,02,601",631,yes,no,no
,,,,,,,,,,,,,,,yes,,"29,02,601",631,yes,no,no
,,,,,,,,,,,,,,,yes,,"29,02,601",631,yes,no,no
,,,,,,,,,,,,,,,yes,,"29,02,601",631,yes,no,no
,,,,,,,,,,,,,,,yes,,"29,02,601",631,yes,no,no
,,,,,,,,,,,,,,,yes,,"29,02,601",631,yes,no,no
,,,,,,,,,,,,,,,yes,,"29,02,601",631,yes,no,no
,,,,,,,,,,,,,,,yes,,"29,02,601",631,yes,no,no
,,,,,,,,,,,,,,,yes,,"29,02,601",631,yes,no,no
,,,,,,,,,,,,,,,yes,,"29,02,601",631,yes,no,no
,,,,,,,,,,,,,,,yes,,"29,02,601",631,yes,no,no
,,,,,,,,,,,,,,,yes,,"29,02,601",631,yes,no,no
,,,,,,,,,,,,,,,yes,,"29,02,601",631,yes,no,no
,,,,,,,,,,,,,,,yes,,"29,02,601",631,yes,no,no
,,,,,,,,,,,,,,,yes,,"29,02,601",631,yes,no,no
,,,,,,,,,,,,,,,yes,,"29,02,601",631,yes,no,no
,,,,,,,,,,,,,,,yes,,"29,02,601",631,yes,no,no
,,,,,,,,,,,,,,,yes,,"29,02,601",631,yes,no,no
,,,,,,,,,,,,,,,yes,,"29,02,601",631,yes,no,no
,,,,,,,,,,,,,,,yes,,"29,02,601",631,yes,no,no
,,,,,,,,,,,,,,,yes,,"29,02,601",631,yes,no,no
,,,,,,,,,,,,,,,yes,,"29,02,601",631,yes,no,no
,,,,,,,,,,,,,,,yes,,"29,02,601",631,yes,no,no
,,,,,,,,,,,,,,,yes,,"29,02,601",631,yes,no,no
,,,,,,,,,,,,,,,yes,,"29,02,601",631,yes,no,no
,,,,,,,,,,,,,,,yes,,"29,02,601",631,yes,no,no
,,,,,,,,,,,,,,,yes,,"29,02,601",631,yes,no,no
,,,,,,,,,,,,,,,yes,,"29,02,601",631,yes,no,no
,,,,,,,,,,,,,,,yes,,"29,02,601",631,yes,no,no
,,,,,,,,,,,,,,,yes,,"29,02,601",631,yes,no,no
,,,,,,,,,,,,,,,yes,,"29,02,601",631,yes,no,no
,,,,,,,,,,,,,,,yes,,"29,02,601",631,yes,no,no
,,,,,,,,,,,,,,,yes,,"29,02,601",631,yes,no,no
,,,,,,,,,,,,,,,yes,,"29,02,601",631,yes,no,no
,,,,,,,,,,,,,,,yes,,"29,02,601",631,yes,no,no
,,,,,,,,,,,,,,,yes,,"29,02,601",631,yes,no,no
,,,,,,,,,,,,,,,yes,,"29,02,601",631,yes,no,no
,,,,,,,,,,,,,,,yes,,"29,02,601",631,yes,no,no
,,,,,,,,,,,,,,,yes,,"29,02,601",631,yes,no,no
,,,,,,,,,,,,,,,yes,,"29,02,601",631,yes,no,no
,,,,,,,,,,,,,,,yes,,"29,02,601",631,yes,no,no
,,,,,,,,,,,,,,,yes,,"29,02,601",631,yes,no,no
,,,,,,,,,,,,,,,yes,,"29,02,601",631,yes,no,no
,,,,,,,,,,,,,,,yes,,"29,02,601",631,yes,no,no
,,,,,,,,,,,,,,,yes,,"29,02,601",631,yes,no,no
,,,,,,,,,,,,,,,yes,,"29,02,601",631,yes,no,no
,,,,,,,,,,,,,,,yes,,"29,02,601",631,yes,no,no
,,,,,,,,,,,,,,,yes,,"29,02,601",631,yes,no,no
,,,,,,,,,,,,,,,yes,,"29,02,601",631,yes,no,no
,,,,,,,,,,,,,,,yes,,"29,02,601",631,yes,no,no
,,,,,,,,,,,,,,,yes,,"29,02,601",631,yes,no,no
,,,,,,,,,,,,,,,yes,,"29,02,601",631,yes,no,no
,,,,,,,,,,,,,,,yes,,"29,02,601",631,yes,no,no
,,,,,,,,,,,,,,,yes,,"29,02,601",631,yes,no,no
,,,,,,,,,,,,,,,yes,,"29,02,601",631,yes,no,no
,,,,,,,,,,,,,,,yes,,"29,02,601",631,yes,no,no
,,,,,,,,,,,,,,,yes,,"29,02,601",631,yes,no,no
,,,,,,,,,,,,,,,yes,,"29,02,601",631,yes,no,no
,,,,,,,,,,,,,,,yes,,"29,02,601",631,yes,no,no
,,,,,,,,,,,,,,,yes,,"29,02,601",631,yes,no,no
,,,,,,,,,,,,,,,yes,,"29,02,601",631,yes,no,no
,,,,,,,,,,,,,,,yes,,"29,02,601",631,yes,no,no
,,,,,,,,,,,,,,,yes,,"29,02,601",631,yes,no,no
,,,,,,,,,,,,,,,yes,,"29,02,601",631,yes,no,no
,,,,,,,,,,,,,,,yes,,"29,02,601",631,yes,no,no
,,,,,,,,,,,,,,,yes,,"29,02,601",631,yes,no,no
,,,,,,,,,,,,,,,yes,,"29,02,601",631,yes,no,no
,,,,,,,,,,,,,,,yes,,"29,02,601",631,yes,no,no
,,,,,,,,,,,,,,,yes,,"29,02,601",631,yes,no,no
,,,,,,,,,,,,,,,yes,,"29,02,601",631,yes,no,no
,,,,,,,,,,,,,,,yes,,"29,02,601",631,yes,no,no
,,,,,,,,,,,,,,,yes,,"29,02,601",631,yes,no,no
,,,,,,,,,,,,,,,yes,,"29,02,601",631,yes,no,no
,,,,,,,,,,,,,,,yes,,"29,02,601",631,yes,no,no
,,,,,,,,,,,,,,,yes,,"29,02,601",631,yes,no,no
,,,,,,,,,,,,,,,yes,,"29,02,601",631,yes,no,no
,,,,,,,,,,,,,,,yes,,"29,02,601",631,yes,no,no
,,,,,,,,,,,,,,,yes,,"29,02,601",631,yes,no,no
,,,,,,,,,,,,,,,yes,,"29,02,601",631,yes,no,no
,,,,,,,,,,,,,,,yes,,"29,02,601",631,yes,no,no
,,,,,,,,,,,,,,,yes,,"29,02,601",631,yes,no,no
,,,,,,,,,,,,,,,yes,,"29,02,601",631,yes,no,no
,,,,,,,,,,,,,,,yes,,"29,02,601",631,yes,no,no
,,,,,,,,,,,,,,,yes,,"29,02,601",631,yes,no,no
,,,,,,,,,,,,,,,yes,,"29,02,601",631,yes,no,no
,,,,,,,,,,,,,,,yes,,"29,02,601",631,yes,no,no
,,,,,,,,,,,,,,,yes,,"29,02,601",631,yes,no,no
,,,,,,,,,,,,,,,yes,,"29,02,601",631,yes,no,no
,,,,,,,,,,,,,,,yes,,"29,02,601",631,yes,no,no
,,,,,,,,,,,,,,,yes,,"29,02,601",631,yes,no,no
,,,,,,,,,,,,,,,yes,,"29,02,601",631,yes,no,no
,,,,,,,,,,,,,,,yes,,"29,02,601",631,yes,no,no
,,,,,,,,,,,,,,,yes,,"29,02,601",631,yes,no,no
,,,,,,,,,,,,,,,yes,,"29,02,601",631,yes,no,no
,,,,,,,,,,,,,,,yes,,"29,02,601",631,yes,no,no
,,,,,,,,,,,,,,,yes,,"29,02,601",631,yes,no,no
,,,,,,,,,,,,,,,yes,,"29,02,601",631,yes,no,no
,,,,,,,,,,,,,,,yes,,"29,02,601",631,yes,no,no
,,,,,,,,,,,,,,,yes,,"29,02,601",631,yes,no,no
,,,,,,,,,,,,,,,yes,,"29,02,601",631,yes,no,no
,,,,,,,,,,,,,,,yes,,"29,02,601",631,yes,no,no
,,,,,,,,,,,,,,,yes,,"29,02,601",631,yes,no,no
,,,,,,,,,,,,,,,yes,,"29,02,601",631,yes,no,no
,,,,,,,,,,,,,,,yes,,"29,02,601",631,yes,no,no
,,,,,,,,,,,,,,,yes,,"29,02,601",631,yes,no,no
,,,,,,,,,,,,,,,yes,,"29,02,601",631,yes,no,no
,,,,,,,,,,,,,,,yes,,"29,02,601",631,yes,no,no
,,,,,,,,,,,,,,,yes,,"29,02,601",631,yes,no,no
,,,,,,,,,,,,,,,yes,,"29,02,601",631,yes,no,no
,,,,,,,,,,,,,,,yes,,"29,02,601",631,yes,no,no
,,,,,,,,,,,,,,,yes,,"29,02,601",631,yes,no,no
,,,,,,,,,,,,,,,yes,,"29,02,601",631,yes,no,no
,,,,,,,,,,,,,,,yes,,"29,02,601",631,yes,no,no
,,,,,,,,,,,,,,,yes,,"29,02,601",631,yes,no,no
,,,,,,,,,,,,,,,yes,,"29,02,601",631,yes,no,no
,,,,,,,,,,,,,,,yes,,"29,02,601",631,yes,no,no
,,,,,,,,,,,,,,,yes,,"29,02,601",631,yes,no,no
,,,,,,,,,,,,,,,yes,,"29,02,601",631,yes,no,no
,,,,,,,,,,,,,,,yes,,"29,02,601",631,yes,no,no
,,,,,,,,,,,,,,,yes,,"29,02,601",631,yes,no,no
,,,,,,,,,,,,,,,yes,,"29,02,601",631,yes,no,no
,,,,,,,,,,,,,,,yes,,"29,02,601",631,yes,no,no
,,,,,,,,,,,,,,,yes,,"29,02,601",631,yes,no,no
,,,,,,,,,,,,,,,yes,,"29,02,601",631,yes,no,no
,,,,,,,,,,,,,,,yes,,"29,02,601",631,yes,no,no
,,,,,,,,,,,,,,,yes,,"29,02,601",631,yes,no,no
,,,,,,,,,,,,,,,yes,,"29,02,601",631,yes,no,no
,,,,,,,,,,,,,,,yes,,"29,02,601",631,yes,no,no
,,,,,,,,,,,,,,,yes,,"29,02,601",631,yes,no,no
,,,,,,,,,,,,,,,yes,,"29,02,601",631,yes,no,no
,,,,,,,,,,,,,,,yes,,"29,02,601",631,yes,no,no
,,,,,,,,,,,,,,,yes,,"29,02,601",631,yes,no,no
,,,,,,,,,,,,,,,yes,,"29,02,601",631,yes,no,no
,,,,,,,,,,,,,,,yes,,"29,02,601",631,yes,no,no
,,,,,,,,,,,,,,,yes,,"29,02,601",631,yes,no,no
,,,,,,,,,,,,,,,yes,,"29,02,601",631,yes,no,no
,,,,,,,,,,,,,,,yes,,"29,02,601",631,yes,no,no
,,,,,,,,,,,,,,,yes,,"29,02,601",631,yes,no,no
,,,,,,,,,,,,,,,yes,,"29,02,601",631,yes,no,no
,,,,,,,,,,,,,,,yes,,"29,02,601",631,yes,no,no
,,,,,,,,,,,,,,,yes,,"29,02,601",631,yes,no,no
,,,,,,,,,,,,,,,yes,,"29,02,601",631,yes,no,no
,,,,,,,,,,,,,,,yes,,"29,02,601",631,yes,no,no
,,,,,,,,,,,,,,,yes,,"29,02,601",631,yes,no,no
,,,,,,,,,,,,,,,yes,,"29,02,601",631,yes,no,no
,,,,,,,,,,,,,,,yes,,"29,02,601",631,yes,no,no
,,,,,,,,,,,,,,,yes,,"29,02,601",631,yes,no,no
,,,,,,,,,,,,,,,yes,,"29,02,601",631,yes,no,no
,,,,,,,,,,,,,,,yes,,"29,02,601",631,yes,no,no
,,,,,,,,,,,,,,,yes,,"29,02,601",631,yes,no,no
,,,,,,,,,,,,,,,yes,,"29,02,601",631,yes,no,no
,,,,,,,,,,,,,,,yes,,"29,02,601",631,yes,no,no
,,,,,,,,,,,,,,,yes,,"29,02,601",631,yes,no,no
,,,,,,,,,,,,,,,yes,,"29,02,601",631,yes,no,no
,,,,,,,,,,,,,,,yes,,"29,02,601",631,yes,no,no
,,,,,,,,,,,,,,,yes,,"29,02,601",631,yes,no,no
,,,,,,,,,,,,,,,yes,,"29,02,601",631,yes,no,no
,,,,,,,,,,,,,,,yes,,"29,02,601",631,yes,no,no
,,,,,,,,,,,,,,,yes,,"29,02,601",631,yes,no,no
,,,,,,,,,,,,,,,yes,,"29,02,601",631,yes,no,no
,,,,,,,,,,,,,,,yes,,"29,02,601",631,yes,no,no
,,,,,,,,,,,,,,,yes,,"29,02,601",631,yes,no,no
,,,,,,,,,,,,,,,yes,,"29,02,601",631,yes,no,no
,,,,,,,,,,,,,,,yes,,"29,02,601",631,yes,no,no
,,,,,,,,,,,,,,,yes,,"29,02,601",631,yes,no,no
,,,,,,,,,,,,,,,yes,,"29,02,601",631,yes,no,no
,,,,,,,,,,,,,,,yes,,"29,02,601",631,yes,no,no
,,,,,,,,,,,,,,,yes,,"29,02,601",631,yes,no,no
,,,,,,,,,,,,,,,yes,,"29,02,601",631,yes,no,no
,,,,,,,,,,,,,,,yes,,"29,02,601",631,yes,no,no
,,,,,,,,,,,,,,,yes,,"29,02,601",631,yes,no,no
,,,,,,,,,,,,,,,yes,,"29,02,601",631,yes,no,no
,,,,,,,,,,,,,,,yes,,"29,02,601",631,yes,no,no
,,,,,,,,,,,,,,,yes,,"29,02,601",631,yes,no,no
,,,,,,,,,,,,,,,yes,,"29,02,601",631,yes,no,no
,,,,,,,,,,,,,,,yes,,"29,02,601",631,yes,no,no
,,,,,,,,,,,,,,,yes,,"29,02,601",631,yes,no,no
,,,,,,,,,,,,,,,yes,,"29,02,601",631,yes,no,no
,,,,,,,,,,,,,,,yes,,"29,02,601",631,yes,no,no
,,,,,,,,,,,,,,,yes,,"29,02,601",631,yes,no,no
,,,,,,,,,,,,,,,yes,,"29,02,601",631,yes,no,no
,,,,,,,,,,,,,,,yes,,"29,02,601",631,yes,no,no
,,,,,,,,,,,,,,,yes,,"29,02,601",631,yes,no,no
,,,,,,,,,,,,,,,yes,,"29,02,601",631,yes,no,no
,,,,,,,,,,,,,,,yes,,"29,02,601",631,yes,no,no
,,,,,,,,,,,,,,,yes,,"29,02,601",631,yes,no,no
,,,,,,,,,,,,,,,yes,,"29,02,601",631,yes,no,no
,,,,,,,,,,,,,,,yes,,"29,02,601",631,yes,no,no
,,,,,,,,,,,,,,,yes,,"29,02,601",631,yes,no,no
,,,,,,,,,,,,,,,yes,,"29,02,601",631,yes,no,no
,,,,,,,,,,,,,,,yes,,"29,02,601",631,yes,no,no
,,,,,,,,,,,,,,,yes,,"29,02,601",631,yes,no,no
,,,,,,,,,,,,,,,yes,,"29,02,601",631,yes,no,no
,,,,,,,,,,,,,,,yes,,"29,02,601",631,yes,no,no
,,,,,,,,,,,,,,,yes,,"29,02,601",631,yes,no,no
,,,,,,,,,,,,,,,yes,,"29,02,601",631,yes,no,no
,,,,,,,,,,,,,,,yes,,"29,02,601",631,yes,no,no
,,,,,,,,,,,,,,,yes,,"29,02,601",631,yes,no,no
,,,,,,,,,,,,,,,yes,,"29,02,601",631,yes,no,no
,,,,,,,,,,,,,,,yes,,"29,02,601",631,yes,no,no
,,,,,,,,,,,,,,,yes,,"29,02,601",631,yes,no,no
,,,,,,,,,,,,,,,yes,,"29,02,601",631,yes,no,no
,,,,,,,,,,,,,,,yes,,"29,02,601",631,yes,no,no
,,,,,,,,,,,,,,,yes,,"29,02,601",631,yes,no,no
,,,,,,,,,,,,,,,yes,,"29,02,601",631,yes,no,no
,,,,,,,,,,,,,,,yes,,"29,02,601",631,yes,no,no
,,,,,,,,,,,,,,,yes,,"29,02,601",631,yes,no,no
,,,,,,,,,,,,,,,yes,,"29,02,601",631,yes,no,no
,,,,,,,,,,,,,,,yes,,"29,02,601",631,yes,no,no
,,,,,,,,,,,,,,,yes,,"29,02,601",631,yes,no,no
,,,,,,,,,,,,,,,yes,,"29,02,601",631,yes,no,no
,,,,,,,,,,,,,,,yes,,"29,02,601",631,yes,no,no
,,,,,,,,,,,,,,,yes,,"29,02,601",631,yes,no,no
,,,,,,,,,,,,,,,yes,,"29,02,601",631,yes,no,no
,,,,,,,,,,,,,,,yes,,"44,96,694",8,yes,no,no
,,,,,,,,,,,,,,,yes,,"44,96,694",8,yes,no,no
,,,,,,,,,,,,,,,yes,,"44,96,694",8,yes,no,no
,,,,,,,,,,,,,,,yes,,"44,96,694",8,yes,no,no
,,,,,,,,,,,,,,,yes,,"44,96,694",8,yes,no,no
,,,,,,,,,,,,,,,yes,,"44,96,694",8,yes,no,no
,,,,,,,,,,,,,,,yes,,"44,96,694",8,yes,no,no
,,,,,,,,,,,,,,,yes,,"44,96,694",8,yes,no,no
,,,,,,,,,,,,,,,yes,,"44,96,694",8,yes,no,no
,,,,,,,,,,,,,,,yes,,"44,96,694",8,yes,no,no
,,,,,,,,,,,,,,,yes,,"44,96,694",8,yes,no,no
,,,,,,,,,,,,,,,yes,,"44,96,694",8,yes,no,no
,,,,,,,,,,,,,,,yes,,"44,96,694",8,yes,no,no
,,,,,,,,,,,,,,,yes,,"44,96,694",8,yes,no,no
,,,,,,,,,,,,,,,yes,,"44,96,694",8,yes,no,no
,,,,,,,,,,,,,,,yes,,"44,96,694",8,yes,no,no
,,,,,,,,,,,,,,,yes,,"44,96,694",8,yes,no,no
,,,,,,,,,,,,,,,yes,,"44,96,694",8,yes,no,no
,,,,,,,,,,,,,,,yes,,"44,96,694",8,yes,no,no
,,,,,,,,,,,,,,,yes,,"44,96,694",8,yes,no,no
,,,,,,,,,,,,,,,yes,,"44,96,694",8,yes,no,no
,,,,,,,,,,,,,,,yes,,"44,96,694",8,yes,no,no
,,,,,,,,,,,,,,,yes,,"44,96,694",8,yes,no,no
,,,,,,,,,,,,,,,yes,,"44,96,694",8,yes,no,no
,,,,,,,,,,,,,,,yes,,"44,96,694",8,yes,no,no
,,,,,,,,,,,,,,,yes,,"44,96,694",8,yes,no,no
,,,,,,,,,,,,,,,yes,,"44,96,694",8,yes,no,no
,,,,,,,,,,,,,,,yes,,"44,96,694",8,yes,no,no
,,,,,,,,,,,,,,,yes,,"44,96,694",8,yes,no,no
,,,,,,,,,,,,,,,yes,,"44,96,694",8,yes,no,no
,,,,,,,,,,,,,,,yes,,"44,96,694",8,yes,no,no
,,,,,,,,,,,,,,,yes,,"44,96,694",8,yes,no,no
,,,,,,,,,,,,,,,yes,,"44,96,694",8,yes,no,no
,,,,,,,,,,,,,,,yes,,"44,96,694",8,yes,no,no
,,,,,,,,,,,,,,,yes,,"44,96,694",8,yes,no,no
,,,,,,,,,,,,,,,yes,,"44,96,694",8,yes,no,no
,,,,,,,,,,,,,,,yes,,"44,96,694",8,yes,no,no
,,,,,,,,,,,,,,,yes,,"44,96,694",8,yes,no,no
,,,,,,,,,,,,,,,yes,,"44,96,694",8,yes,no,no
,,,,,,,,,,,,,,,yes,,"44,96,694",8,yes,no,no
,,,,,,,,,,,,,,,yes,,"44,96,694",8,yes,no,no
,,,,,,,,,,,,,,,yes,,"44,96,694",8,yes,no,no
,,,,,,,,,,,,,,,yes,,"44,96,694",8,yes,no,no
,,,,,,,,,,,,,,,yes,,"44,96,694",8,yes,no,no
,,,,,,,,,,,,,,,yes,,"44,96,694",8,yes,no,no
,,,,,,,,,,,,,,,yes,,"44,96,694",8,yes,no,no
,,,,,,,,,,,,,,,yes,,"44,96,694",8,yes,no,no
,,,,,,,,,,,,,,,yes,,"44,96,694",8,yes,no,no
,,,,,,,,,,,,,,,yes,,"44,96,694",8,yes,no,no
,,,,,,,,,,,,,,,yes,,"44,96,694",8,yes,no,no
,,,,,,,,,,,,,,,yes,,"44,96,694",8,yes,no,no
,,,,,,,,,,,,,,,yes,,"44,96,694",8,yes,no,no
,,,,,,,,,,,,,,,yes,,"44,96,694",8,yes,no,no
,,,,,,,,,,,,,,,yes,,"44,96,694",8,yes,no,no
,,,,,,,,,,,,,,,yes,,"44,96,694",8,yes,no,no
,,,,,,,,,,,,,,,yes,,"44,96,694",8,yes,no,no
,,,,,,,,,,,,,,,yes,,"44,96,694",8,yes,no,no
,,,,,,,,,,,,,,,yes,,"44,96,694",8,yes,no,no
,,,,,,,,,,,,,,,yes,,"44,96,694",8,yes,no,no
,,,,,,,,,,,,,,,yes,,"44,96,694",8,yes,no,no
,,,,,,,,,,,,,,,yes,,"44,96,694",8,yes,no,no
,,,,,,,,,,,,,,,yes,,"44,96,694",8,yes,no,no
,,,,,,,,,,,,,,,yes,,"44,96,694",8,yes,no,no
,,,,,,,,,,,,,,,yes,,"44,96,694",8,yes,no,no
,,,,,,,,,,,,,,,yes,,"44,96,694",8,yes,no,no
,,,,,,,,,,,,,,,yes,,"44,96,694",8,yes,no,no
,,,,,,,,,,,,,,,yes,,"44,96,694",8,yes,no,no
,,,,,,,,,,,,,,,yes,,"44,96,694",8,yes,no,no
,,,,,,,,,,,,,,,yes,,"44,96,694",8,yes,no,no
,,,,,,,,,,,,,,,yes,,"44,96,694",8,yes,no,no
,,,,,,,,,,,,,,,yes,,"44,96,694",8,yes,no,no
,,,,,,,,,,,,,,,yes,,"44,96,694",8,yes,no,no
,,,,,,,,,,,,,,,yes,,"44,96,694",8,yes,no,no
,,,,,,,,,,,,,,,yes,,"44,96,694",8,yes,no,no
,,,,,,,,,,,,,,,yes,,"44,96,694",8,yes,no,no
,,,,,,,,,,,,,,,yes,,"44,96,694",8,yes,no,no
,,,,,,,,,,,,,,,yes,,"44,96,694",8,yes,no,no
,,,,,,,,,,,,,,,yes,,"44,96,694",8,yes,no,no
,,,,,,,,,,,,,,,yes,,"44,96,694",8,yes,no,no
,,,,,,,,,,,,,,,yes,,"44,96,694",8,yes,no,no
,,,,,,,,,,,,,,,yes,,"44,96,694",8,yes,no,no
,,,,,,,,,,,,,,,yes,,"44,96,694",8,yes,no,no
,,,,,,,,,,,,,,,yes,,"44,96,694",8,yes,no,no
,,,,,,,,,,,,,,,yes,,"44,96,694",8,yes,no,no
,,,,,,,,,,,,,,,yes,,"44,96,694",8,yes,no,no
,,,,,,,,,,,,,,,yes,,"44,96,694",8,yes,no,no
,,,,,,,,,,,,,,,yes,,"44,96,694",8,yes,no,no
,,,,,,,,,,,,,,,yes,,"44,96,694",8,yes,no,no
,,,,,,,,,,,,,,,yes,,"44,96,694",8,yes,no,no
,,,,,,,,,,,,,,,yes,,"44,96,694",8,yes,no,no
,,,,,,,,,,,,,,,yes,,"44,96,694",8,yes,no,no
,,,,,,,,,,,,,,,yes,,"44,96,694",8,yes,no,no
,,,,,,,,,,,,,,,yes,,"44,96,694",8,yes,no,no
,,,,,,,,,,,,,,,yes,,"44,96,694",8,yes,no,no
,,,,,,,,,,,,,,,yes,,"44,96,694",8,yes,no,no
,,,,,,,,,,,,,,,yes,,"44,96,694",8,yes,no,no
,,,,,,,,,,,,,,,yes,,"44,96,694",8,yes,no,no
,,,,,,,,,,,,,,,yes,,"44,96,694",8,yes,no,no
,,,,,,,,,,,,,,,yes,,"44,96,694",8,yes,no,no
,,,,,,,,,,,,,,,yes,,"44,96,694",8,yes,no,no
,,,,,,,,,,,,,,,yes,,"44,96,694",8,yes,no,no
,,,,,,,,,,,,,,,yes,,"44,96,694",8,yes,no,no
,,,,,,,,,,,,,,,yes,,"44,96,694",8,yes,no,no
,,,,,,,,,,,,,,,yes,,"44,96,694",8,yes,no,no
,,,,,,,,,,,,,,,yes,,"44,96,694",8,yes,no,no
,,,,,,,,,,,,,,,yes,,"44,96,694",8,yes,no,no
,,,,,,,,,,,,,,,yes,,"44,96,694",8,yes,no,no
,,,,,,,,,,,,,,,yes,,"44,96,694",8,yes,no,no
,,,,,,,,,,,,,,,yes,,"44,96,694",8,yes,no,no
,,,,,,,,,,,,,,,yes,,"44,96,694",8,yes,no,no
,,,,,,,,,,,,,,,yes,,"44,96,694",8,yes,no,no
,,,,,,,,,,,,,,,yes,,"44,96,694",8,yes,no,no
,,,,,,,,,,,,,,,yes,,"44,96,694",8,yes,no,no
,,,,,,,,,,,,,,,yes,,"44,96,694",8,yes,no,no
,,,,,,,,,,,,,,,yes,,"44,96,694",8,yes,no,no
,,,,,,,,,,,,,,,yes,,"44,96,694",8,yes,no,no
,,,,,,,,,,,,,,,yes,,"44,96,694",8,yes,no,no
,,,,,,,,,,,,,,,yes,,"44,96,694",8,yes,no,no
,,,,,,,,,,,,,,,yes,,"44,96,694",8,yes,no,no
,,,,,,,,,,,,,,,yes,,"44,96,694",8,yes,no,no
,,,,,,,,,,,,,,,yes,,"44,96,694",8,yes,no,no
,,,,,,,,,,,,,,,yes,,"44,96,694",8,yes,no,no
,,,,,,,,,,,,,,,yes,,"44,96,694",8,yes,no,no
,,,,,,,,,,,,,,,yes,,"44,96,694",8,yes,no,no
,,,,,,,,,,,,,,,yes,,"44,96,694",8,yes,no,no
,,,,,,,,,,,,,,,yes,,"44,96,694",8,yes,no,no
,,,,,,,,,,,,,,,yes,,"44,96,694",8,yes,no,no
,,,,,,,,,,,,,,,yes,,"44,96,694",8,yes,no,no
,,,,,,,,,,,,,,,yes,,"44,96,694",8,yes,no,no
,,,,,,,,,,,,,,,yes,,"44,96,694",8,yes,no,no
,,,,,,,,,,,,,,,yes,,"44,96,694",8,yes,no,no
,,,,,,,,,,,,,,,yes,,"44,96,694",8,yes,no,no
,,,,,,,,,,,,,,,yes,,"44,96,694",8,yes,no,no
,,,,,,,,,,,,,,,yes,,"44,96,694",8,yes,no,no
,,,,,,,,,,,,,,,yes,,"44,96,694",8,yes,no,no
,,,,,,,,,,,,,,,yes,,"44,96,694",8,yes,no,no
,,,,,,,,,,,,,,,yes,,"44,96,694",8,yes,no,no
,,,,,,,,,,,,,,,yes,,"44,96,694",8,yes,no,no
,,,,,,,,,,,,,,,yes,,"44,96,694",8,yes,no,no
,,,,,,,,,,,,,,,yes,,"44,96,694",8,yes,no,no
,,,,,,,,,,,,,,,yes,,"44,96,694",8,yes,no,no
,,,,,,,,,,,,,,,yes,,"44,96,694",8,yes,no,no
,,,,,,,,,,,,,,,yes,,"44,96,694",8,yes,no,no
,,,,,,,,,,,,,,,yes,,"44,96,694",8,yes,no,no
,,,,,,,,,,,,,,,yes,,"44,96,694",8,yes,no,no
,,,,,,,,,,,,,,,yes,,"44,96,694",8,yes,no,no
,,,,,,,,,,,,,,,yes,,"44,96,694",8,yes,no,no
,,,,,,,,,,,,,,,yes,,"44,96,694",8,yes,no,no
,,,,,,,,,,,,,,,yes,,"44,96,694",8,yes,no,no
,,,,,,,,,,,,,,,yes,,"44,96,694",8,yes,no,no
,,,,,,,,,,,,,,,yes,,"44,96,694",8,yes,no,no
,,,,,,,,,,,,,,,yes,,"44,96,694",8,yes,no,no
,,,,,,,,,,,,,,,yes,,"44,96,694",8,yes,no,no
,,,,,,,,,,,,,,,yes,,"44,96,694",8,yes,no,no
,,,,,,,,,,,,,,,yes,,"44,96,694",8,yes,no,no
,,,,,,,,,,,,,,,yes,,"44,96,694",8,yes,no,no
,,,,,,,,,,,,,,,yes,,"44,96,694",8,yes,no,no
,,,,,,,,,,,,,,,yes,,"44,96,694",8,yes,no,no
,,,,,,,,,,,,,,,yes,,"44,96,694",8,yes,no,no
,,,,,,,,,,,,,,,yes,,"44,96,694",8,yes,no,no
,,,,,,,,,,,,,,,yes,,"44,96,694",8,yes,no,no
,,,,,,,,,,,,,,,yes,,"44,96,694",8,yes,no,no
,,,,,,,,,,,,,,,yes,,"44,96,694",8,yes,no,no
,,,,,,,,,,,,,,,yes,,"44,96,694",8,yes,no,no
,,,,,,,,,,,,,,,yes,,"44,96,694",8,yes,no,no
,,,,,,,,,,,,,,,yes,,"44,96,694",8,yes,no,no
,,,,,,,,,,,,,,,yes,,"44,96,694",8,yes,no,no
,,,,,,,,,,,,,,,yes,,"44,96,694",8,yes,no,no
,,,,,,,,,,,,,,,yes,,"44,96,694",8,yes,no,no
,,,,,,,,,,,,,,,yes,,"44,96,694",8,yes,no,no
,,,,,,,,,,,,,,,yes,,"44,96,694",8,yes,no,no
,,,,,,,,,,,,,,,yes,,"44,96,694",8,yes,no,no
,,,,,,,,,,,,,,,yes,,"44,96,694",8,yes,no,no
,,,,,,,,,,,,,,,yes,,"44,96,694",8,yes,no,no
,,,,,,,,,,,,,,,yes,,"44,96,694",8,yes,no,no
,,,,,,,,,,,,,,,yes,,"44,96,694",8,yes,no,no
,,,,,,,,,,,,,,,yes,,"44,96,694",8,yes,no,no
,,,,,,,,,,,,,,,yes,,"44,96,694",8,yes,no,no
,,,,,,,,,,,,,,,yes,,"44,96,694",8,yes,no,no
,,,,,,,,,,,,,,,yes,,"44,96,694",8,yes,no,no
,,,,,,,,,,,,,,,yes,,"44,96,694",8,yes,no,no
,,,,,,,,,,,,,,,yes,,"44,96,694",8,yes,no,no
,,,,,,,,,,,,,,,yes,,"44,96,694",8,yes,no,no
,,,,,,,,,,,,,,,yes,,"44,96,694",8,yes,no,no
,,,,,,,,,,,,,,,yes,,"44,96,694",8,yes,no,no
,,,,,,,,,,,,,,,yes,,"44,96,694",8,yes,no,no
,,,,,,,,,,,,,,,yes,,"44,96,694",8,yes,no,no
,,,,,,,,,,,,,,,yes,,"44,96,694",8,yes,no,no
,,,,,,,,,,,,,,,yes,,"44,96,694",8,yes,no,no
,,,,,,,,,,,,,,,yes,,"44,96,694",8,yes,no,no
,,,,,,,,,,,,,,,yes,,"44,96,694",8,yes,no,no
,,,,,,,,,,,,,,,yes,,"44,96,694",8,yes,no,no
,,,,,,,,,,,,,,,yes,,"44,96,694",8,yes,no,no
,,,,,,,,,,,,,,,yes,,"44,96,694",8,yes,no,no
,,,,,,,,,,,,,,,yes,,"44,96,694",8,yes,no,no
,,,,,,,,,,,,,,,yes,,"44,96,694",8,yes,no,no
,,,,,,,,,,,,,,,yes,,"44,96,694",8,yes,no,no
,,,,,,,,,,,,,,,yes,,"44,96,694",8,yes,no,no
,,,,,,,,,,,,,,,yes,,"44,96,694",8,yes,no,no
,,,,,,,,,,,,,,,yes,,"44,96,694",8,yes,no,no
,,,,,,,,,,,,,,,yes,,"44,96,694",8,yes,no,no
,,,,,,,,,,,,,,,yes,,"44,96,694",8,yes,no,no
,,,,,,,,,,,,,,,yes,,"44,96,694",8,yes,no,no
,,,,,,,,,,,,,,,yes,,"44,96,694",8,yes,no,no
,,,,,,,,,,,,,,,yes,,"44,96,694",8,yes,no,no
,,,,,,,,,,,,,,,yes,,"44,96,694",8,yes,no,no
,,,,,,,,,,,,,,,yes,,"44,96,694",8,yes,no,no
,,,,,,,,,,,,,,,yes,,"44,96,694",8,yes,no,no
,,,,,,,,,,,,,,,yes,,"44,96,694",8,yes,no,no
,,,,,,,,,,,,,,,yes,,"44,96,694",8,yes,no,no
,,,,,,,,,,,,,,,yes,,"44,96,694",8,yes,no,no
,,,,,,,,,,,,,,,yes,,"44,96,694",8,yes,no,no
,,,,,,,,,,,,,,,yes,,"44,96,694",8,yes,no,no
,,,,,,,,,,,,,,,yes,,"44,96,694",8,yes,no,no
,,,,,,,,,,,,,,,yes,,"44,96,694",8,yes,no,no
,,,,,,,,,,,,,,,yes,,"44,96,694",8,yes,no,no
,,,,,,,,,,,,,,,yes,,"44,96,694",8,yes,no,no
,,,,,,,,,,,,,,,yes,,"44,96,694",8,yes,no,no
,,,,,,,,,,,,,,,yes,,"44,96,694",8,yes,no,no
,,,,,,,,,,,,,,,yes,,"44,96,694",8,yes,no,no
,,,,,,,,,,,,,,,yes,,"44,96,694",8,yes,no,no
,,,,,,,,,,,,,,,yes,,"44,96,694",8,yes,no,no
,,,,,,,,,,,,,,,yes,,"44,96,694",8,yes,no,no
,,,,,,,,,,,,,,,yes,,"44,96,694",8,yes,no,no
,,,,,,,,,,,,,,,yes,,"44,96,694",8,yes,no,no
,,,,,,,,,,,,,,,yes,,"44,96,694",8,yes,no,no
,,,,,,,,,,,,,,,yes,,"44,96,694",8,yes,no,no
,,,,,,,,,,,,,,,yes,,"44,96,694",8,yes,no,no
,,,,,,,,,,,,,,,yes,,"44,96,694",8,yes,no,no
,,,,,,,,,,,,,,,yes,,"44,96,694",8,yes,no,no
,,,,,,,,,,,,,,,yes,,"44,96,694",8,yes,no,no
,,,,,,,,,,,,,,,yes,,"44,96,694",8,yes,no,no
,,,,,,,,,,,,,,,yes,,"44,96,694",8,yes,no,no
,,,,,,,,,,,,,,,yes,,"44,96,694",8,yes,no,no
,,,,,,,,,,,,,,,yes,,"44,96,694",8,yes,no,no
,,,,,,,,,,,,,,,yes,,"44,96,694",8,yes,no,no
,,,,,,,,,,,,,,,yes,,"44,96,694",8,yes,no,no
,,,,,,,,,,,,,,,yes,,"44,96,694",8,yes,no,no
,,,,,,,,,,,,,,,yes,,"44,96,694",8,yes,no,no
,,,,,,,,,,,,,,,yes,,"44,96,694",8,yes,no,no
,,,,,,,,,,,,,,,yes,,"44,96,694",8,yes,no,no
,,,,,,,,,,,,,,,yes,,"44,96,694",8,yes,no,no
,,,,,,,,,,,,,,,yes,,"44,96,694",8,yes,no,no
,,,,,,,,,,,,,,,yes,,"44,96,694",8,yes,no,no
,,,,,,,,,,,,,,,yes,,"44,96,694",8,yes,no,no
,,,,,,,,,,,,,,,yes,,"44,96,694",8,yes,no,no
,,,,,,,,,,,,,,,yes,,"44,96,694",8,yes,no,no
,,,,,,,,,,,,,,,yes,,"44,96,694",8,yes,no,no
,,,,,,,,,,,,,,,yes,,"44,96,694",8,yes,no,no
,,,,,,,,,,,,,,,yes,,"44,96,694",8,yes,no,no
,,,,,,,,,,,,,,,yes,,"44,96,694",8,yes,no,no
,,,,,,,,,,,,,,,yes,,"44,96,694",8,yes,no,no
,,,,,,,,,,,,,,,yes,,"44,96,694",8,yes,no,no
,,,,,,,,,,,,,,,yes,,"44,96,694",8,yes,no,no
,,,,,,,,,,,,,,,yes,,"44,96,694",8,yes,no,no
,,,,,,,,,,,,,,,yes,,"44,96,694",8,yes,no,no
,,,,,,,,,,,,,,,yes,,"44,96,694",8,yes,no,no
,,,,,,,,,,,,,,,yes,,"44,96,694",8,yes,no,no
,,,,,,,,,,,,,,,yes,,"44,96,694",8,yes,no,no
,,,,,,,,,,,,,,,yes,,"44,96,694",8,yes,no,no
,,,,,,,,,,,,,,,yes,,"44,96,694",8,yes,no,no
,,,,,,,,,,,,,,,yes,,"44,96,694",8,yes,no,no
,,,,,,,,,,,,,,,yes,,"44,96,694",8,yes,no,no
,,,,,,,,,,,,,,,yes,,"44,96,694",8,yes,no,no
,,,,,,,,,,,,,,,yes,,"44,96,694",8,yes,no,no
,,,,,,,,,,,,,,,yes,,"44,96,694",8,yes,no,no
,,,,,,,,,,,,,,,yes,,"44,96,694",8,yes,no,no
,,,,,,,,,,,,,,,yes,,"44,96,694",8,yes,no,no
,,,,,,,,,,,,,,,yes,,"44,96,694",8,yes,no,no
,,,,,,,,,,,,,,,yes,,"44,96,694",8,yes,no,no
,,,,,,,,,,,,,,,yes,,"44,96,694",8,yes,no,no
,,,,,,,,,,,,,,,yes,,"44,96,694",8,yes,no,no
,,,,,,,,,,,,,,,yes,,"44,96,694",8,yes,no,no
,,,,,,,,,,,,,,,yes,,"44,96,694",8,yes,no,no
,,,,,,,,,,,,,,,yes,,"44,96,694",8,yes,no,no
,,,,,,,,,,,,,,,yes,,"44,96,694",8,yes,no,no
,,,,,,,,,,,,,,,yes,,"44,96,694",8,yes,no,no
,,,,,,,,,,,,,,,yes,,"44,96,694",8,yes,no,no
,,,,,,,,,,,,,,,yes,,"44,96,694",8,yes,no,no
,,,,,,,,,,,,,,,yes,,"44,96,694",8,yes,no,no
,,,,,,,,,,,,,,,yes,,"44,96,694",8,yes,no,no
,,,,,,,,,,,,,,,yes,,"44,96,694",8,yes,no,no
,,,,,,,,,,,,,,,yes,,"44,96,694",8,yes,no,no
,,,,,,,,,,,,,,,yes,,"44,96,694",8,yes,no,no
,,,,,,,,,,,,,,,yes,,"44,96,694",8,yes,no,no
,,,,,,,,,,,,,,,yes,,"44,96,694",8,yes,no,no
,,,,,,,,,,,,,,,yes,,"44,96,694",8,yes,no,no
,,,,,,,,,,,,,,,yes,,"44,96,694",8,yes,no,no
,,,,,,,,,,,,,,,yes,,"15,91,000","3,702",yes,no,no
,,,,,,,,,,,,,,,yes,,"15,91,000","3,702",yes,no,no
,,,,,,,,,,,,,,,yes,,"15,91,000","3,702",yes,no,no
,,,,,,,,,,,,,,,yes,,"15,91,000","3,702",yes,no,no
,,,,,,,,,,,,,,,yes,,"15,91,000","3,702",yes,no,no
,,,,,,,,,,,,,,,yes,,"15,91,000","3,702",yes,no,no
,,,,,,,,,,,,,,,yes,,"15,91,000","3,702",yes,no,no
,,,,,,,,,,,,,,,yes,,"15,91,000","3,702",yes,no,no
,,,,,,,,,,,,,,,yes,,"15,91,000","3,702",yes,no,no
,,,,,,,,,,,,,,,yes,,"15,91,000","3,702",yes,no,no
,,,,,,,,,,,,,,,yes,,"15,91,000","3,702",yes,no,no
,,,,,,,,,,,,,,,yes,,"15,91,000","3,702",yes,no,no
,,,,,,,,,,,,,,,yes,,"15,91,000","3,702",yes,no,no
,,,,,,,,,,,,,,,yes,,"15,91,000","3,702",yes,no,no
,,,,,,,,,,,,,,,yes,,"15,91,000","3,702",yes,no,no
,,,,,,,,,,,,,,,yes,,"15,91,000","3,702",yes,no,no
,,,,,,,,,,,,,,,yes,,"15,91,000","3,702",yes,no,no
,,,,,,,,,,,,,,,yes,,"15,91,000","3,702",yes,no,no
,,,,,,,,,,,,,,,yes,,"15,91,000","3,702",yes,no,no
,,,,,,,,,,,,,,,yes,,"15,91,000","3,702",yes,no,no
,,,,,,,,,,,,,,,yes,,"15,91,000","3,702",yes,no,no
,,,,,,,,,,,,,,,yes,,"15,91,000","3,702",yes,no,no
,,,,,,,,,,,,,,,yes,,"15,91,000","3,702",yes,no,no
,,,,,,,,,,,,,,,yes,,"15,91,000","3,702",yes,no,no
,,,,,,,,,,,,,,,yes,,"15,91,000","3,702",yes,no,no
,,,,,,,,,,,,,,,yes,,"15,91,000","3,702",yes,no,no
,,,,,,,,,,,,,,,yes,,"15,91,000","3,702",yes,no,no
,,,,,,,,,,,,,,,yes,,"15,91,000","3,702",yes,no,no
,,,,,,,,,,,,,,,yes,,"15,91,000","3,702",yes,no,no
,,,,,,,,,,,,,,,yes,,"15,91,000","3,702",yes,no,no
,,,,,,,,,,,,,,,yes,,"15,91,000","3,702",yes,no,no
,,,,,,,,,,,,,,,yes,,"15,91,000","3,702",yes,no,no
,,,,,,,,,,,,,,,yes,,"15,91,000","3,702",yes,no,no
,,,,,,,,,,,,,,,yes,,"15,91,000","3,702",yes,no,no
,,,,,,,,,,,,,,,yes,,"15,91,000","3,702",yes,no,no
,,,,,,,,,,,,,,,yes,,"15,91,000","3,702",yes,no,no
,,,,,,,,,,,,,,,yes,,"15,91,000","3,702",yes,no,no
,,,,,,,,,,,,,,,yes,,"15,91,000","3,702",yes,no,no
,,,,,,,,,,,,,,,yes,,"15,91,000","3,702",yes,no,no
,,,,,,,,,,,,,,,yes,,"15,91,000","3,702",yes,no,no
,,,,,,,,,,,,,,,yes,,"15,91,000","3,702",yes,no,no
,,,,,,,,,,,,,,,yes,,"15,91,000","3,702",yes,no,no
,,,,,,,,,,,,,,,yes,,"15,91,000","3,702",yes,no,no
,,,,,,,,,,,,,,,yes,,"15,91,000","3,702",yes,no,no
,,,,,,,,,,,,,,,yes,,"15,91,000","3,702",yes,no,no
,,,,,,,,,,,,,,,yes,,"15,91,000","3,702",yes,no,no
,,,,,,,,,,,,,,,yes,,"15,91,000","3,702",yes,no,no
,,,,,,,,,,,,,,,yes,,"15,91,000","3,702",yes,no,no
,,,,,,,,,,,,,,,yes,,"15,91,000","3,702",yes,no,no
,,,,,,,,,,,,,,,yes,,"15,91,000","3,702",yes,no,no
,,,,,,,,,,,,,,,yes,,"15,91,000","3,702",yes,no,no
,,,,,,,,,,,,,,,yes,,"15,91,000","3,702",yes,no,no
,,,,,,,,,,,,,,,yes,,"15,91,000","3,702",yes,no,no
,,,,,,,,,,,,,,,yes,,"15,91,000","3,702",yes,no,no
,,,,,,,,,,,,,,,yes,,"15,91,000","3,702",yes,no,no
,,,,,,,,,,,,,,,yes,,"15,91,000","3,702",yes,no,no
,,,,,,,,,,,,,,,yes,,"15,91,000","3,702",yes,no,no
,,,,,,,,,,,,,,,yes,,"15,91,000","3,702",yes,no,no
,,,,,,,,,,,,,,,yes,,"15,91,000","3,702",yes,no,no
,,,,,,,,,,,,,,,yes,,"15,91,000","3,702",yes,no,no
,,,,,,,,,,,,,,,yes,,"15,91,000","3,702",yes,no,no
,,,,,,,,,,,,,,,yes,,"15,91,000","3,702",yes,no,no
,,,,,,,,,,,,,,,yes,,"15,91,000","3,702",yes,no,no
,,,,,,,,,,,,,,,yes,,"15,91,000","3,702",yes,no,no
,,,,,,,,,,,,,,,yes,,"15,91,000","3,702",yes,no,no
,,,,,,,,,,,,,,,yes,,"15,91,000","3,702",yes,no,no
,,,,,,,,,,,,,,,yes,,"15,91,000","3,702",yes,no,no
,,,,,,,,,,,,,,,yes,,"15,91,000","3,702",yes,no,no
,,,,,,,,,,,,,,,yes,,"15,91,000","3,702",yes,no,no
,,,,,,,,,,,,,,,yes,,"15,91,000","3,702",yes,no,no
,,,,,,,,,,,,,,,yes,,"15,91,000","3,702",yes,no,no
,,,,,,,,,,,,,,,yes,,"15,91,000","3,702",yes,no,no
,,,,,,,,,,,,,,,yes,,"15,91,000","3,702",yes,no,no
,,,,,,,,,,,,,,,yes,,"15,91,000","3,702",yes,no,no
,,,,,,,,,,,,,,,yes,,"15,91,000","3,702",yes,no,no
,,,,,,,,,,,,,,,yes,,"15,91,000","3,702",yes,no,no
,,,,,,,,,,,,,,,yes,,"15,91,000","3,702",yes,no,no
,,,,,,,,,,,,,,,yes,,"15,91,000","3,702",yes,no,no
,,,,,,,,,,,,,,,yes,,"15,91,000","3,702",yes,no,no
,,,,,,,,,,,,,,,yes,,"15,91,000","3,702",yes,no,no
,,,,,,,,,,,,,,,yes,,"15,91,000","3,702",yes,no,no
,,,,,,,,,,,,,,,yes,,"15,91,000","3,702",yes,no,no
,,,,,,,,,,,,,,,yes,,"15,91,000","3,702",yes,no,no
,,,,,,,,,,,,,,,yes,,"15,91,000","3,702",yes,no,no
,,,,,,,,,,,,,,,yes,,"15,91,000","3,702",yes,no,no
,,,,,,,,,,,,,,,yes,,"15,91,000","3,702",yes,no,no
,,,,,,,,,,,,,,,yes,,"15,91,000","3,702",yes,no,no
,,,,,,,,,,,,,,,yes,,"15,91,000","3,702",yes,no,no
,,,,,,,,,,,,,,,yes,,"15,91,000","3,702",yes,no,no
,,,,,,,,,,,,,,,yes,,"15,91,000","3,702",yes,no,no
,,,,,,,,,,,,,,,yes,,"15,91,000","3,702",yes,no,no
,,,,,,,,,,,,,,,yes,,"15,91,000","3,702",yes,no,no
,,,,,,,,,,,,,,,yes,,"15,91,000","3,702",yes,no,no
,,,,,,,,,,,,,,,yes,,"15,91,000","3,702",yes,no,no
,,,,,,,,,,,,,,,yes,,"15,91,000","3,702",yes,no,no
,,,,,,,,,,,,,,,yes,,"15,91,000","3,702",yes,no,no
,,,,,,,,,,,,,,,yes,,"15,91,000","3,702",yes,no,no
,,,,,,,,,,,,,,,yes,,"15,91,000","3,702",yes,no,no
,,,,,,,,,,,,,,,yes,,"15,91,000","3,702",yes,no,no
,,,,,,,,,,,,,,,yes,,"15,91,000","3,702",yes,no,no
,,,,,,,,,,,,,,,yes,,"15,91,000","3,702",yes,no,no
,,,,,,,,,,,,,,,yes,,"15,91,000","3,702",yes,no,no
,,,,,,,,,,,,,,,yes,,"15,91,000","3,702",yes,no,no
,,,,,,,,,,,,,,,yes,,"15,91,000","3,702",yes,no,no
,,,,,,,,,,,,,,,yes,,"15,91,000","3,702",yes,no,no
,,,,,,,,,,,,,,,yes,,"15,91,000","3,702",yes,no,no
,,,,,,,,,,,,,,,yes,,"15,91,000","3,702",yes,no,no
,,,,,,,,,,,,,,,yes,,"15,91,000","3,702",yes,no,no
,,,,,,,,,,,,,,,yes,,"15,91,000","3,702",yes,no,no
,,,,,,,,,,,,,,,yes,,"15,91,000","3,702",yes,no,no
,,,,,,,,,,,,,,,yes,,"15,91,000","3,702",yes,no,no
,,,,,,,,,,,,,,,yes,,"15,91,000","3,702",yes,no,no
,,,,,,,,,,,,,,,yes,,"15,91,000","3,702",yes,no,no
,,,,,,,,,,,,,,,yes,,"15,91,000","3,702",yes,no,no
,,,,,,,,,,,,,,,yes,,"15,91,000","3,702",yes,no,no
,,,,,,,,,,,,,,,yes,,"15,91,000","3,702",yes,no,no
,,,,,,,,,,,,,,,yes,,"15,91,000","3,702",yes,no,no
,,,,,,,,,,,,,,,yes,,"15,91,000","3,702",yes,no,no
,,,,,,,,,,,,,,,yes,,"15,91,000","3,702",yes,no,no
,,,,,,,,,,,,,,,yes,,"15,91,000","3,702",yes,no,no
,,,,,,,,,,,,,,,yes,,"15,91,000","3,702",yes,no,no
,,,,,,,,,,,,,,,yes,,"15,91,000","3,702",yes,no,no
,,,,,,,,,,,,,,,yes,,"15,91,000","3,702",yes,no,no
,,,,,,,,,,,,,,,yes,,"15,91,000","3,702",yes,no,no
,,,,,,,,,,,,,,,yes,,"15,91,000","3,702",yes,no,no
,,,,,,,,,,,,,,,yes,,"15,91,000","3,702",yes,no,no
,,,,,,,,,,,,,,,yes,,"15,91,000","3,702",yes,no,no
,,,,,,,,,,,,,,,yes,,"15,91,000","3,702",yes,no,no
,,,,,,,,,,,,,,,yes,,"15,91,000","3,702",yes,no,no
,,,,,,,,,,,,,,,yes,,"15,91,000","3,702",yes,no,no
,,,,,,,,,,,,,,,yes,,"15,91,000","3,702",yes,no,no
,,,,,,,,,,,,,,,yes,,"15,91,000","3,702",yes,no,no
,,,,,,,,,,,,,,,yes,,"15,91,000","3,702",yes,no,no
,,,,,,,,,,,,,,,yes,,"15,91,000","3,702",yes,no,no
,,,,,,,,,,,,,,,yes,,"15,91,000","3,702",yes,no,no
,,,,,,,,,,,,,,,yes,,"15,91,000","3,702",yes,no,no
,,,,,,,,,,,,,,,yes,,"15,91,000","3,702",yes,no,no
,,,,,,,,,,,,,,,yes,,"15,91,000","3,702",yes,no,no
,,,,,,,,,,,,,,,yes,,"15,91,000","3,702",yes,no,no
,,,,,,,,,,,,,,,yes,,"15,91,000","3,702",yes,no,no
,,,,,,,,,,,,,,,yes,,"15,91,000","3,702",yes,no,no
,,,,,,,,,,,,,,,yes,,"15,91,000","3,702",yes,no,no
,,,,,,,,,,,,,,,yes,,"15,91,000","3,702",yes,no,no
,,,,,,,,,,,,,,,yes,,"15,91,000","3,702",yes,no,no
,,,,,,,,,,,,,,,yes,,"15,91,000","3,702",yes,no,no
,,,,,,,,,,,,,,,yes,,"15,91,000","3,702",yes,no,no
,,,,,,,,,,,,,,,yes,,"15,91,000","3,702",yes,no,no
,,,,,,,,,,,,,,,yes,,"15,91,000","3,702",yes,no,no
,,,,,,,,,,,,,,,yes,,"15,91,000","3,702",yes,no,no
,,,,,,,,,,,,,,,yes,,"15,91,000","3,702",yes,no,no
,,,,,,,,,,,,,,,yes,,"15,91,000","3,702",yes,no,no
,,,,,,,,,,,,,,,yes,,"15,91,000","3,702",yes,no,no
,,,,,,,,,,,,,,,yes,,"15,91,000","3,702",yes,no,no
,,,,,,,,,,,,,,,yes,,"15,91,000","3,702",yes,no,no
,,,,,,,,,,,,,,,yes,,"15,91,000","3,702",yes,no,no
,,,,,,,,,,,,,,,yes,,"15,91,000","3,702",yes,no,no
,,,,,,,,,,,,,,,yes,,"15,91,000","3,702",yes,no,no
,,,,,,,,,,,,,,,yes,,"15,91,000","3,702",yes,no,no
,,,,,,,,,,,,,,,yes,,"15,91,000","3,702",yes,no,no
,,,,,,,,,,,,,,,yes,,"15,91,000","3,702",yes,no,no
,,,,,,,,,,,,,,,yes,,"15,91,000","3,702",yes,no,no
,,,,,,,,,,,,,,,yes,,"15,91,000","3,702",yes,no,no
,,,,,,,,,,,,,,,yes,,"15,91,000","3,702",yes,no,no
,,,,,,,,,,,,,,,yes,,"15,91,000","3,702",yes,no,no
,,,,,,,,,,,,,,,yes,,"15,91,000","3,702",yes,no,no
,,,,,,,,,,,,,,,yes,,"15,91,000","3,702",yes,no,no
,,,,,,,,,,,,,,,yes,,"15,91,000","3,702",yes,no,no
,,,,,,,,,,,,,,,yes,,"15,91,000","3,702",yes,no,no
,,,,,,,,,,,,,,,yes,,"15,91,000","3,702",yes,no,no
,,,,,,,,,,,,,,,yes,,"15,91,000","3,702",yes,no,no
,,,,,,,,,,,,,,,yes,,"15,91,000","3,702",yes,no,no
,,,,,,,,,,,,,,,yes,,"15,91,000","3,702",yes,no,no
,,,,,,,,,,,,,,,yes,,"15,91,000","3,702",yes,no,no
,,,,,,,,,,,,,,,yes,,"15,91,000","3,702",yes,no,no
,,,,,,,,,,,,,,,yes,,"15,91,000","3,702",yes,no,no
,,,,,,,,,,,,,,,yes,,"15,91,000","3,702",yes,no,no
,,,,,,,,,,,,,,,yes,,"15,91,000","3,702",yes,no,no
,,,,,,,,,,,,,,,yes,,"15,91,000","3,702",yes,no,no
,,,,,,,,,,,,,,,yes,,"15,91,000","3,702",yes,no,no
,,,,,,,,,,,,,,,yes,,"15,91,000","3,702",yes,no,no
,,,,,,,,,,,,,,,yes,,"15,91,000","3,702",yes,no,no
,,,,,,,,,,,,,,,yes,,"15,91,000","3,702",yes,no,no
,,,,,,,,,,,,,,,yes,,"15,91,000","3,702",yes,no,no
,,,,,,,,,,,,,,,yes,,"15,91,000","3,702",yes,no,no
,,,,,,,,,,,,,,,yes,,"15,91,000","3,702",yes,no,no
,,,,,,,,,,,,,,,yes,,"15,91,000","3,702",yes,no,no
,,,,,,,,,,,,,,,yes,,"15,91,000","3,702",yes,no,no
,,,,,,,,,,,,,,,yes,,"15,91,000","3,702",yes,no,no
,,,,,,,,,,,,,,,yes,,"15,91,000","3,702",yes,no,no
,,,,,,,,,,,,,,,yes,,"15,91,000","3,702",yes,no,no
,,,,,,,,,,,,,,,yes,,"15,91,000","3,702",yes,no,no
,,,,,,,,,,,,,,,yes,,"15,91,000","3,702",yes,no,no
,,,,,,,,,,,,,,,yes,,"15,91,000","3,702",yes,no,no
,,,,,,,,,,,,,,,yes,,"15,91,000","3,702",yes,no,no
,,,,,,,,,,,,,,,yes,,"15,91,000","3,702",yes,no,no
,,,,,,,,,,,,,,,yes,,"15,91,000","3,702",yes,no,no
,,,,,,,,,,,,,,,yes,,"15,91,000","3,702",yes,no,no
,,,,,,,,,,,,,,,yes,,"15,91,000","3,702",yes,no,no
,,,,,,,,,,,,,,,yes,,"15,91,000","3,702",yes,no,no
,,,,,,,,,,,,,,,yes,,"15,91,000","3,702",yes,no,no
,,,,,,,,,,,,,,,yes,,"15,91,000","3,702",yes,no,no
,,,,,,,,,,,,,,,yes,,"15,91,000","3,702",yes,no,no
,,,,,,,,,,,,,,,yes,,"15,91,000","3,702",yes,no,no
,,,,,,,,,,,,,,,yes,,"15,91,000","3,702",yes,no,no
,,,,,,,,,,,,,,,yes,,"15,91,000","3,702",yes,no,no
,,,,,,,,,,,,,,,yes,,"15,91,000","3,702",yes,no,no
,,,,,,,,,,,,,,,yes,,"15,91,000","3,702",yes,no,no
,,,,,,,,,,,,,,,yes,,"15,91,000","3,702",yes,no,no
,,,,,,,,,,,,,,,yes,,"15,91,000","3,702",yes,no,no
,,,,,,,,,,,,,,,yes,,"15,91,000","3,702",yes,no,no
,,,,,,,,,,,,,,,yes,,"15,91,000","3,702",yes,no,no
,,,,,,,,,,,,,,,yes,,"15,91,000","3,702",yes,no,no
,,,,,,,,,,,,,,,yes,,"15,91,000","3,702",yes,no,no
,,,,,,,,,,,,,,,yes,,"15,91,000","3,702",yes,no,no
,,,,,,,,,,,,,,,yes,,"15,91,000","3,702",yes,no,no
,,,,,,,,,,,,,,,yes,,"15,91,000","3,702",yes,no,no
,,,,,,,,,,,,,,,yes,,"15,91,000","3,702",yes,no,no
,,,,,,,,,,,,,,,yes,,"15,91,000","3,702",yes,no,no
,,,,,,,,,,,,,,,yes,,"15,91,000","3,702",yes,no,no
,,,,,,,,,,,,,,,yes,,"15,91,000","3,702",yes,no,no
,,,,,,,,,,,,,,,yes,,"15,91,000","3,702",yes,no,no
,,,,,,,,,,,,,,,yes,,"15,91,000","3,702",yes,no,no
,,,,,,,,,,,,,,,yes,,"15,91,000","3,702",yes,no,no
,,,,,,,,,,,,,,,yes,,"15,91,000","3,702",yes,no,no
,,,,,,,,,,,,,,,yes,,"15,91,000","3,702",yes,no,no
,,,,,,,,,,,,,,,yes,,"15,91,000","3,702",yes,no,no
,,,,,,,,,,,,,,,yes,,"15,91,000","3,702",yes,no,no
,,,,,,,,,,,,,,,yes,,"15,91,000","3,702",yes,no,no
,,,,,,,,,,,,,,,yes,,"15,91,000","3,702",yes,no,no
,,,,,,,,,,,,,,,yes,,"15,91,000","3,702",yes,no,no
,,,,,,,,,,,,,,,yes,,"15,91,000","3,702",yes,no,no
,,,,,,,,,,,,,,,yes,,"15,91,000","3,702",yes,no,no
,,,,,,,,,,,,,,,yes,,"15,91,000","3,702",yes,no,no
,,,,,,,,,,,,,,,yes,,"15,91,000","3,702",yes,no,no
,,,,,,,,,,,,,,,yes,,"15,91,000","3,702",yes,no,no
,,,,,,,,,,,,,,,yes,,"15,91,000","3,702",yes,no,no
,,,,,,,,,,,,,,,yes,,"15,91,000","3,702",yes,no,no
,,,,,,,,,,,,,,,yes,,"15,91,000","3,702",yes,no,no
,,,,,,,,,,,,,,,yes,,"15,91,000","3,702",yes,no,no
,,,,,,,,,,,,,,,yes,,"15,91,000","3,702",yes,no,no
,,,,,,,,,,,,,,,yes,,"15,91,000","3,702",yes,no,no
,,,,,,,,,,,,,,,yes,,"15,91,000","3,702",yes,no,no
,,,,,,,,,,,,,,,yes,,"15,91,000","3,702",yes,no,no
,,,,,,,,,,,,,,,yes,,"15,91,000","3,702",yes,no,no
,,,,,,,,,,,,,,,yes,,"15,91,000","3,702",yes,no,no
,,,,,,,,,,,,,,,yes,,"15,91,000","3,702",yes,no,no
,,,,,,,,,,,,,,,yes,,"15,91,000","3,702",yes,no,no
,,,,,,,,,,,,,,,yes,,"15,91,000","3,702",yes,no,no
,,,,,,,,,,,,,,,yes,,"15,91,000","3,702",yes,no,no
,,,,,,,,,,,,,,,yes,,"15,91,000","3,702",yes,no,no
,,,,,,,,,,,,,,,yes,,"15,91,000","3,702",yes,no,no
,,,,,,,,,,,,,,,yes,,"15,91,000","3,702",yes,no,no
,,,,,,,,,,,,,,,yes,,"15,91,000","3,702",yes,no,no
,,,,,,,,,,,,,,,yes,,"15,91,000","3,702",yes,no,no
,,,,,,,,,,,,,,,yes,,"15,91,000","3,702",yes,no,no
,,,,,,,,,,,,,,,yes,,"15,91,000","3,702",yes,no,no
,,,,,,,,,,,,,,,yes,,"15,91,000","3,702",yes,no,no
,,,,,,,,,,,,,,,yes,,"15,91,000","3,702",yes,no,no
,,,,,,,,,,,,,,,yes,,"15,91,000","3,702",yes,no,no
,,,,,,,,,,,,,,,yes,,"15,91,000","3,702",yes,no,no
,,,,,,,,,,,,,,,yes,,"15,91,000","3,702",yes,no,no
,,,,,,,,,,,,,,,yes,,"15,91,000","3,702",yes,no,no
,,,,,,,,,,,,,,,yes,,"15,91,000","3,702",yes,no,no
,,,,,,,,,,,,,,,yes,,"15,91,000","3,702",yes,no,no
,,,,,,,,,,,,,,,yes,,"15,91,000","3,702",yes,no,no
,,,,,,,,,,,,,,,yes,,"15,91,000","3,702",yes,no,no
,,,,,,,,,,,,,,,yes,,"15,91,000","3,702",yes,no,no
,,,,,,,,,,,,,,,yes,,"15,91,000","3,702",yes,no,no
,,,,,,,,,,,,,,,yes,,"15,91,000","3,702",yes,no,no
,,,,,,,,,,,,,,,yes,,"15,91,000","3,702",yes,no,no
,,,,,,,,,,,,,,,yes,,"15,91,000","3,702",yes,no,no
,,,,,,,,,,,,,,,yes,,"15,91,000","3,702",yes,no,no
,,,,,,,,,,,,,,,yes,,"15,91,000","3,702",yes,no,no
,,,,,,,,,,,,,,,yes,,"15,91,000","3,702",yes,no,no
,,,,,,,,,,,,,,,yes,,"15,91,000","3,702",yes,no,no
,,,,,,,,,,,,,,,yes,,"15,91,000","3,702",yes,no,no
,,,,,,,,,,,,,,,yes,,"15,91,000","3,702",yes,no,no
,,,,,,,,,,,,,,,yes,,"15,91,000","3,702",yes,no,no
,,,,,,,,,,,,,,,yes,,"15,91,000","3,702",yes,no,no
,,,,,,,,,,,,,,,yes,,"15,91,000","3,702",yes,no,no
,,,,,,,,,,,,,,,yes,,"15,91,000","3,702",yes,no,no
,,,,,,,,,,,,,,,yes,,"15,91,000","3,702",yes,no,no
,,,,,,,,,,,,,,,yes,,"15,91,000","3,702",yes,no,no
,,,,,,,,,,,,,,,yes,,"15,91,000","3,702",yes,no,no
,,,,,,,,,,,,,,,yes,,"15,91,000","3,702",yes,no,no
,,,,,,,,,,,,,,,yes,,"15,91,000","3,702",yes,no,no
,,,,,,,,,,,,,,,yes,,"15,91,000","3,702",yes,no,no
,,,,,,,,,,,,,,,yes,,"15,91,000","3,702",yes,no,no
,,,,,,,,,,,,,,,yes,,"16,01,438",4,yes,no,no
,,,,,,,,,,,,,,,yes,,"16,01,438",4,yes,no,no
,,,,,,,,,,,,,,,yes,,"16,01,438",4,yes,no,no
,,,,,,,,,,,,,,,yes,,"16,01,438",4,yes,no,no
,,,,,,,,,,,,,,,yes,,"16,01,438",4,yes,no,no
,,,,,,,,,,,,,,,yes,,"16,01,438",4,yes,no,no
,,,,,,,,,,,,,,,yes,,"16,01,438",4,yes,no,no
,,,,,,,,,,,,,,,yes,,"16,01,438",4,yes,no,no
,,,,,,,,,,,,,,,yes,,"16,01,438",4,yes,no,no
,,,,,,,,,,,,,,,yes,,"16,01,438",4,yes,no,no
,,,,,,,,,,,,,,,yes,,"16,01,438",4,yes,no,no
,,,,,,,,,,,,,,,yes,,"16,01,438",4,yes,no,no
,,,,,,,,,,,,,,,yes,,"16,01,438",4,yes,no,no
,,,,,,,,,,,,,,,yes,,"16,01,438",4,yes,no,no
,,,,,,,,,,,,,,,yes,,"16,01,438",4,yes,no,no
,,,,,,,,,,,,,,,yes,,"16,01,438",4,yes,no,no
,,,,,,,,,,,,,,,yes,,"16,01,438",4,yes,no,no
,,,,,,,,,,,,,,,yes,,"16,01,438",4,yes,no,no
,,,,,,,,,,,,,,,yes,,"16,01,438",4,yes,no,no
,,,,,,,,,,,,,,,yes,,"16,01,438",4,yes,no,no
,,,,,,,,,,,,,,,yes,,"16,01,438",4,yes,no,no
,,,,,,,,,,,,,,,yes,,"16,01,438",4,yes,no,no
,,,,,,,,,,,,,,,yes,,"16,01,438",4,yes,no,no
,,,,,,,,,,,,,,,yes,,"16,01,438",4,yes,no,no
,,,,,,,,,,,,,,,yes,,"16,01,438",4,yes,no,no
,,,,,,,,,,,,,,,yes,,"16,01,438",4,yes,no,no
,,,,,,,,,,,,,,,yes,,"16,01,438",4,yes,no,no
,,,,,,,,,,,,,,,yes,,"16,01,438",4,yes,no,no
,,,,,,,,,,,,,,,yes,,"16,01,438",4,yes,no,no
,,,,,,,,,,,,,,,yes,,"16,01,438",4,yes,no,no
,,,,,,,,,,,,,,,yes,,"16,01,438",4,yes,no,no
,,,,,,,,,,,,,,,yes,,"16,01,438",4,yes,no,no
,,,,,,,,,,,,,,,yes,,"16,01,438",4,yes,no,no
,,,,,,,,,,,,,,,yes,,"16,01,438",4,yes,no,no
,,,,,,,,,,,,,,,yes,,"16,01,438",4,yes,no,no
,,,,,,,,,,,,,,,yes,,"16,01,438",4,yes,no,no
,,,,,,,,,,,,,,,yes,,"16,01,438",4,yes,no,no
,,,,,,,,,,,,,,,yes,,"16,01,438",4,yes,no,no
,,,,,,,,,,,,,,,yes,,"16,01,438",4,yes,no,no
,,,,,,,,,,,,,,,yes,,"16,01,438",4,yes,no,no
,,,,,,,,,,,,,,,yes,,"16,01,438",4,yes,no,no
,,,,,,,,,,,,,,,yes,,"16,01,438",4,yes,no,no
,,,,,,,,,,,,,,,yes,,"16,01,438",4,yes,no,no
,,,,,,,,,,,,,,,yes,,"16,01,438",4,yes,no,no
,,,,,,,,,,,,,,,yes,,"16,01,438",4,yes,no,no
,,,,,,,,,,,,,,,yes,,"16,01,438",4,yes,no,no
,,,,,,,,,,,,,,,yes,,"16,01,438",4,yes,no,no
,,,,,,,,,,,,,,,yes,,"16,01,438",4,yes,no,no
,,,,,,,,,,,,,,,yes,,"16,01,438",4,yes,no,no
,,,,,,,,,,,,,,,yes,,"16,01,438",4,yes,no,no
,,,,,,,,,,,,,,,yes,,"16,01,438",4,yes,no,no
,,,,,,,,,,,,,,,yes,,"16,01,438",4,yes,no,no
,,,,,,,,,,,,,,,yes,,"16,01,438",4,yes,no,no
,,,,,,,,,,,,,,,yes,,"16,01,438",4,yes,no,no
,,,,,,,,,,,,,,,yes,,"16,01,438",4,yes,no,no
,,,,,,,,,,,,,,,yes,,"16,01,438",4,yes,no,no
,,,,,,,,,,,,,,,yes,,"16,01,438",4,yes,no,no
,,,,,,,,,,,,,,,yes,,"16,01,438",4,yes,no,no
,,,,,,,,,,,,,,,yes,,"16,01,438",4,yes,no,no
,,,,,,,,,,,,,,,yes,,"16,01,438",4,yes,no,no
,,,,,,,,,,,,,,,yes,,"16,01,438",4,yes,no,no
,,,,,,,,,,,,,,,yes,,"16,01,438",4,yes,no,no
,,,,,,,,,,,,,,,yes,,"16,01,438",4,yes,no,no
,,,,,,,,,,,,,,,yes,,"16,01,438",4,yes,no,no
,,,,,,,,,,,,,,,yes,,"16,01,438",4,yes,no,no
,,,,,,,,,,,,,,,yes,,"16,01,438",4,yes,no,no
,,,,,,,,,,,,,,,yes,,"16,01,438",4,yes,no,no
,,,,,,,,,,,,,,,yes,,"16,01,438",4,yes,no,no
,,,,,,,,,,,,,,,yes,,"16,01,438",4,yes,no,no
,,,,,,,,,,,,,,,yes,,"16,01,438",4,yes,no,no
,,,,,,,,,,,,,,,yes,,"16,01,438",4,yes,no,no
,,,,,,,,,,,,,,,yes,,"16,01,438",4,yes,no,no
,,,,,,,,,,,,,,,yes,,"16,01,438",4,yes,no,no
,,,,,,,,,,,,,,,yes,,"16,01,438",4,yes,no,no
,,,,,,,,,,,,,,,yes,,"16,01,438",4,yes,no,no
,,,,,,,,,,,,,,,yes,,"16,01,438",4,yes,no,no
,,,,,,,,,,,,,,,yes,,"16,01,438",4,yes,no,no
,,,,,,,,,,,,,,,yes,,"16,01,438",4,yes,no,no
,,,,,,,,,,,,,,,yes,,"16,01,438",4,yes,no,no
,,,,,,,,,,,,,,,yes,,"16,01,438",4,yes,no,no
,,,,,,,,,,,,,,,yes,,"16,01,438",4,yes,no,no
,,,,,,,,,,,,,,,yes,,"16,01,438",4,yes,no,no
,,,,,,,,,,,,,,,yes,,"16,01,438",4,yes,no,no
,,,,,,,,,,,,,,,yes,,"16,01,438",4,yes,no,no
,,,,,,,,,,,,,,,yes,,"16,01,438",4,yes,no,no
,,,,,,,,,,,,,,,yes,,"16,01,438",4,yes,no,no
,,,,,,,,,,,,,,,yes,,"16,01,438",4,yes,no,no
,,,,,,,,,,,,,,,yes,,"16,01,438",4,yes,no,no
,,,,,,,,,,,,,,,yes,,"16,01,438",4,yes,no,no
,,,,,,,,,,,,,,,yes,,"16,01,438",4,yes,no,no
,,,,,,,,,,,,,,,yes,,"16,01,438",4,yes,no,no
,,,,,,,,,,,,,,,yes,,"16,01,438",4,yes,no,no
,,,,,,,,,,,,,,,yes,,"16,01,438",4,yes,no,no
,,,,,,,,,,,,,,,yes,,"16,01,438",4,yes,no,no
,,,,,,,,,,,,,,,yes,,"16,01,438",4,yes,no,no
,,,,,,,,,,,,,,,yes,,"16,01,438",4,yes,no,no
,,,,,,,,,,,,,,,yes,,"16,01,438",4,yes,no,no
,,,,,,,,,,,,,,,yes,,"16,01,438",4,yes,no,no
,,,,,,,,,,,,,,,yes,,"16,01,438",4,yes,no,no
,,,,,,,,,,,,,,,yes,,"16,01,438",4,yes,no,no
,,,,,,,,,,,,,,,yes,,"16,01,438",4,yes,no,no
,,,,,,,,,,,,,,,yes,,"16,01,438",4,yes,no,no
,,,,,,,,,,,,,,,yes,,"16,01,438",4,yes,no,no
,,,,,,,,,,,,,,,yes,,"16,01,438",4,yes,no,no
,,,,,,,,,,,,,,,yes,,"16,01,438",4,yes,no,no
,,,,,,,,,,,,,,,yes,,"16,01,438",4,yes,no,no
,,,,,,,,,,,,,,,yes,,"16,01,438",4,yes,no,no
,,,,,,,,,,,,,,,yes,,"16,01,438",4,yes,no,no
,,,,,,,,,,,,,,,yes,,"16,01,438",4,yes,no,no
,,,,,,,,,,,,,,,yes,,"16,01,438",4,yes,no,no
,,,,,,,,,,,,,,,yes,,"16,01,438",4,yes,no,no
,,,,,,,,,,,,,,,yes,,"16,01,438",4,yes,no,no
,,,,,,,,,,,,,,,yes,,"16,01,438",4,yes,no,no
,,,,,,,,,,,,,,,yes,,"16,01,438",4,yes,no,no
,,,,,,,,,,,,,,,yes,,"16,01,438",4,yes,no,no
,,,,,,,,,,,,,,,yes,,"16,01,438",4,yes,no,no
,,,,,,,,,,,,,,,yes,,"16,01,438",4,yes,no,no
,,,,,,,,,,,,,,,yes,,"16,01,438",4,yes,no,no
,,,,,,,,,,,,,,,yes,,"16,01,438",4,yes,no,no
,,,,,,,,,,,,,,,yes,,"16,01,438",4,yes,no,no
,,,,,,,,,,,,,,,yes,,"16,01,438",4,yes,no,no
,,,,,,,,,,,,,,,yes,,"16,01,438",4,yes,no,no
,,,,,,,,,,,,,,,yes,,"16,01,438",4,yes,no,no
,,,,,,,,,,,,,,,yes,,"16,01,438",4,yes,no,no
,,,,,,,,,,,,,,,yes,,"16,01,438",4,yes,no,no
,,,,,,,,,,,,,,,yes,,"16,01,438",4,yes,no,no
,,,,,,,,,,,,,,,yes,,"16,01,438",4,yes,no,no
,,,,,,,,,,,,,,,yes,,"16,01,438",4,yes,no,no
,,,,,,,,,,,,,,,yes,,"16,01,438",4,yes,no,no
,,,,,,,,,,,,,,,yes,,"16,01,438",4,yes,no,no
,,,,,,,,,,,,,,,yes,,"16,01,438",4,yes,no,no
,,,,,,,,,,,,,,,yes,,"16,01,438",4,yes,no,no
,,,,,,,,,,,,,,,yes,,"16,01,438",4,yes,no,no
,,,,,,,,,,,,,,,yes,,"16,01,438",4,yes,no,no
,,,,,,,,,,,,,,,yes,,"16,01,438",4,yes,no,no
,,,,,,,,,,,,,,,yes,,"16,01,438",4,yes,no,no
,,,,,,,,,,,,,,,yes,,"16,01,438",4,yes,no,no
,,,,,,,,,,,,,,,yes,,"16,01,438",4,yes,no,no
,,,,,,,,,,,,,,,yes,,"16,01,438",4,yes,no,no
,,,,,,,,,,,,,,,yes,,"16,01,438",4,yes,no,no
,,,,,,,,,,,,,,,yes,,"16,01,438",4,yes,no,no
,,,,,,,,,,,,,,,yes,,"16,01,438",4,yes,no,no
,,,,,,,,,,,,,,,yes,,"16,01,438",4,yes,no,no
,,,,,,,,,,,,,,,yes,,"16,01,438",4,yes,no,no
,,,,,,,,,,,,,,,yes,,"16,01,438",4,yes,no,no
,,,,,,,,,,,,,,,yes,,"16,01,438",4,yes,no,no
,,,,,,,,,,,,,,,yes,,"16,01,438",4,yes,no,no
,,,,,,,,,,,,,,,yes,,"16,01,438",4,yes,no,no
,,,,,,,,,,,,,,,yes,,"16,01,438",4,yes,no,no
,,,,,,,,,,,,,,,yes,,"16,01,438",4,yes,no,no
,,,,,,,,,,,,,,,yes,,"16,01,438",4,yes,no,no
,,,,,,,,,,,,,,,yes,,"16,01,438",4,yes,no,no
,,,,,,,,,,,,,,,yes,,"16,01,438",4,yes,no,no
,,,,,,,,,,,,,,,yes,,"16,01,438",4,yes,no,no
,,,,,,,,,,,,,,,yes,,"16,01,438",4,yes,no,no
,,,,,,,,,,,,,,,yes,,"16,01,438",4,yes,no,no
,,,,,,,,,,,,,,,yes,,"16,01,438",4,yes,no,no
,,,,,,,,,,,,,,,yes,,"16,01,438",4,yes,no,no
,,,,,,,,,,,,,,,yes,,"16,01,438",4,yes,no,no
,,,,,,,,,,,,,,,yes,,"16,01,438",4,yes,no,no
,,,,,,,,,,,,,,,yes,,"16,01,438",4,yes,no,no
,,,,,,,,,,,,,,,yes,,"16,01,438",4,yes,no,no
,,,,,,,,,,,,,,,yes,,"16,01,438",4,yes,no,no
,,,,,,,,,,,,,,,yes,,"16,01,438",4,yes,no,no
,,,,,,,,,,,,,,,yes,,"16,01,438",4,yes,no,no
,,,,,,,,,,,,,,,yes,,"16,01,438",4,yes,no,no
,,,,,,,,,,,,,,,yes,,"16,01,438",4,yes,no,no
,,,,,,,,,,,,,,,yes,,"16,01,438",4,yes,no,no
,,,,,,,,,,,,,,,yes,,"16,01,438",4,yes,no,no
,,,,,,,,,,,,,,,yes,,"16,01,438",4,yes,no,no
,,,,,,,,,,,,,,,yes,,"16,01,438",4,yes,no,no
,,,,,,,,,,,,,,,yes,,"16,01,438",4,yes,no,no
,,,,,,,,,,,,,,,yes,,"16,01,438",4,yes,no,no
,,,,,,,,,,,,,,,yes,,"16,01,438",4,yes,no,no
,,,,,,,,,,,,,,,yes,,"16,01,438",4,yes,no,no
,,,,,,,,,,,,,,,yes,,"16,01,438",4,yes,no,no
,,,,,,,,,,,,,,,yes,,"16,01,438",4,yes,no,no
,,,,,,,,,,,,,,,yes,,"16,01,438",4,yes,no,no
,,,,,,,,,,,,,,,yes,,"16,01,438",4,yes,no,no
,,,,,,,,,,,,,,,yes,,"16,01,438",4,yes,no,no
,,,,,,,,,,,,,,,yes,,"16,01,438",4,yes,no,no
,,,,,,,,,,,,,,,yes,,"16,01,438",4,yes,no,no
,,,,,,,,,,,,,,,yes,,"16,01,438",4,yes,no,no
,,,,,,,,,,,,,,,yes,,"16,01,438",4,yes,no,no
,,,,,,,,,,,,,,,yes,,"16,01,438",4,yes,no,no
,,,,,,,,,,,,,,,yes,,"16,01,438",4,yes,no,no
,,,,,,,,,,,,,,,yes,,"16,01,438",4,yes,no,no
,,,,,,,,,,,,,,,yes,,"16,01,438",4,yes,no,no
,,,,,,,,,,,,,,,yes,,"16,01,438",4,yes,no,no
,,,,,,,,,,,,,,,yes,,"16,01,438",4,yes,no,no
,,,,,,,,,,,,,,,yes,,"16,01,438",4,yes,no,no
,,,,,,,,,,,,,,,yes,,"16,01,438",4,yes,no,no
,,,,,,,,,,,,,,,yes,,"16,01,438",4,yes,no,no
,,,,,,,,,,,,,,,yes,,"16,01,438",4,yes,no,no
,,,,,,,,,,,,,,,yes,,"16,01,438",4,yes,no,no
,,,,,,,,,,,,,,,yes,,"16,01,438",4,yes,no,no
,,,,,,,,,,,,,,,yes,,"16,01,438",4,yes,no,no
,,,,,,,,,,,,,,,yes,,"16,01,438",4,yes,no,no
,,,,,,,,,,,,,,,yes,,"16,01,438",4,yes,no,no
,,,,,,,,,,,,,,,yes,,"16,01,438",4,yes,no,no
,,,,,,,,,,,,,,,yes,,"16,01,438",4,yes,no,no
,,,,,,,,,,,,,,,yes,,"16,01,438",4,yes,no,no
,,,,,,,,,,,,,,,yes,,"16,01,438",4,yes,no,no
,,,,,,,,,,,,,,,yes,,"16,01,438",4,yes,no,no
,,,,,,,,,,,,,,,yes,,"16,01,438",4,yes,no,no
,,,,,,,,,,,,,,,yes,,"16,01,438",4,yes,no,no
,,,,,,,,,,,,,,,yes,,"16,01,438",4,yes,no,no
,,,,,,,,,,,,,,,yes,,"16,01,438",4,yes,no,no
,,,,,,,,,,,,,,,yes,,"16,01,438",4,yes,no,no
,,,,,,,,,,,,,,,yes,,"16,01,438",4,yes,no,no
,,,,,,,,,,,,,,,yes,,"16,01,438",4,yes,no,no
,,,,,,,,,,,,,,,yes,,"16,01,438",4,yes,no,no
,,,,,,,,,,,,,,,yes,,"16,01,438",4,yes,no,no
,,,,,,,,,,,,,,,yes,,"16,01,438",4,yes,no,no
,,,,,,,,,,,,,,,yes,,"16,01,438",4,yes,no,no
,,,,,,,,,,,,,,,yes,,"16,01,438",4,yes,no,no
,,,,,,,,,,,,,,,yes,,"16,01,438",4,yes,no,no
,,,,,,,,,,,,,,,yes,,"16,01,438",4,yes,no,no
,,,,,,,,,,,,,,,yes,,"16,01,438",4,yes,no,no
,,,,,,,,,,,,,,,yes,,"16,01,438",4,yes,no,no
,,,,,,,,,,,,,,,yes,,"16,01,438",4,yes,no,no
,,,,,,,,,,,,,,,yes,,"16,01,438",4,yes,no,no
,,,,,,,,,,,,,,,yes,,"16,01,438",4,yes,no,no
,,,,,,,,,,,,,,,yes,,"16,01,438",4,yes,no,no
,,,,,,,,,,,,,,,yes,,"16,01,438",4,yes,no,no
,,,,,,,,,,,,,,,yes,,"16,01,438",4,yes,no,no
,,,,,,,,,,,,,,,yes,,"16,01,438",4,yes,no,no
,,,,,,,,,,,,,,,yes,,"16,01,438",4,yes,no,no
,,,,,,,,,,,,,,,yes,,"16,01,438",4,yes,no,no
,,,,,,,,,,,,,,,yes,,"16,01,438",4,yes,no,no
,,,,,,,,,,,,,,,yes,,"16,01,438",4,yes,no,no
,,,,,,,,,,,,,,,yes,,"16,01,438",4,yes,no,no
,,,,,,,,,,,,,,,yes,,"16,01,438",4,yes,no,no
,,,,,,,,,,,,,,,yes,,"16,01,438",4,yes,no,no
,,,,,,,,,,,,,,,yes,,"16,01,438",4,yes,no,no
,,,,,,,,,,,,,,,yes,,"16,01,438",4,yes,no,no
,,,,,,,,,,,,,,,yes,,"16,01,438",4,yes,no,no
,,,,,,,,,,,,,,,yes,,"16,01,438",4,yes,no,no
,,,,,,,,,,,,,,,yes,,"16,01,438",4,yes,no,no
,,,,,,,,,,,,,,,yes,,"16,01,438",4,yes,no,no
,,,,,,,,,,,,,,,yes,,"16,01,438",4,yes,no,no
,,,,,,,,,,,,,,,yes,,"16,01,438",4,yes,no,no
,,,,,,,,,,,,,,,yes,,"16,01,438",4,yes,no,no
,,,,,,,,,,,,,,,yes,,"16,01,438",4,yes,no,no
,,,,,,,,,,,,,,,yes,,"16,01,438",4,yes,no,no
,,,,,,,,,,,,,,,yes,,"16,01,438",4,yes,no,no
,,,,,,,,,,,,,,,yes,,"16,01,438",4,yes,no,no
,,,,,,,,,,,,,,,yes,,"16,01,438",4,yes,no,no
,,,,,,,,,,,,,,,yes,,"16,01,438",4,yes,no,no
,,,,,,,,,,,,,,,yes,,"16,01,438",4,yes,no,no
,,,,,,,,,,,,,,,yes,,"16,01,438",4,yes,no,no
,,,,,,,,,,,,,,,yes,,"16,01,438",4,yes,no,no
,,,,,,,,,,,,,,,yes,,"16,01,438",4,yes,no,no
,,,,,,,,,,,,,,,yes,,"16,01,438",4,yes,no,no
,,,,,,,,,,,,,,,yes,,"16,01,438",4,yes,no,no
,,,,,,,,,,,,,,,yes,,"16,01,438",4,yes,no,no
,,,,,,,,,,,,,,,yes,,"16,01,438",4,yes,no,no
,,,,,,,,,,,,,,,yes,,"16,01,438",4,yes,no,no
,,,,,,,,,,,,,,,yes,,"16,01,438",4,yes,no,no
,,,,,,,,,,,,,,,yes,,"16,01,438",4,yes,no,no
,,,,,,,,,,,,,,,yes,,"16,01,438",4,yes,no,no
,,,,,,,,,,,,,,,yes,,"16,01,438",4,yes,no,no
,,,,,,,,,,,,,,,yes,,"16,01,438",4,yes,no,no
,,,,,,,,,,,,,,,yes,,"16,01,438",4,yes,no,no
,,,,,,,,,,,,,,,yes,,"16,01,438",4,yes,no,no
,,,,,,,,,,,,,,,yes,,"16,01,438",4,yes,no,no
,,,,,,,,,,,,,,,yes,,"16,01,438",4,yes,no,no
,,,,,,,,,,,,,,,yes,,"16,01,438",4,yes,no,no
,,,,,,,,,,,,,,,yes,,"16,01,438",4,yes,no,no
,,,,,,,,,,,,,,,yes,,"16,01,438",4,yes,no,no
,,,,,,,,,,,,,,,yes,,"16,01,438",4,yes,no,no
,,,,,,,,,,,,,,,yes,,"16,01,438",4,yes,no,no
,,,,,,,,,,,,,,,yes,,"16,01,438",4,yes,no,no
,,,,,,,,,,,,,,,yes,,"16,01,438",4,yes,no,no
,,,,,,,,,,,,,,,yes,,"16,01,438",4,yes,no,no
,,,,,,,,,,,,,,,yes,,"16,01,438",4,yes,no,no
,,,,,,,,,,,,,,,yes,,"16,01,438",4,yes,no,no
,,,,,,,,,,,,,,,yes,,"16,01,438",4,yes,no,no
,,,,,,,,,,,,,,,yes,,"16,01,438",4,yes,no,no
,,,,,,,,,,,,,,,yes,,"16,01,438",4,yes,no,no
,,,,,,,,,,,,,,,yes,,"16,01,438",4,yes,no,no
,,,,,,,,,,,,,,,yes,,"16,01,438",4,yes,no,no
,,,,,,,,,,,,,,,yes,,"16,01,438",4,yes,no,no
,,,,,,,,,,,,,,,yes,,"16,01,438",4,yes,no,no
,,,,,,,,,,,,,,,yes,,"16,01,438",4,yes,no,no
,,,,,,,,,,,,,,,yes,,"16,01,438",4,yes,no,no
,,,,,,,,,,,,,,,yes,,"16,01,438",4,yes,no,no
,,,,,,,,,,,,,,,yes,,"16,01,438",4,yes,no,no
,,,,,,,,,,,,,,,yes,,"11,59,227",139,no,no,no
,,,,,,,,,,,,,,,yes,,"11,59,227",139,no,no,no
,,,,,,,,,,,,,,,yes,,"11,59,227",139,no,no,no
,,,,,,,,,,,,,,,yes,,"11,59,227",139,no,no,no
,,,,,,,,,,,,,,,yes,,"11,59,227",139,no,no,no
,,,,,,,,,,,,,,,yes,,"11,59,227",139,no,no,no
,,,,,,,,,,,,,,,yes,,"11,59,227",139,no,no,no
,,,,,,,,,,,,,,,yes,,"11,59,227",139,no,no,no
,,,,,,,,,,,,,,,yes,,"11,59,227",139,no,no,no
,,,,,,,,,,,,,,,yes,,"11,59,227",139,no,no,no
,,,,,,,,,,,,,,,yes,,"11,59,227",139,no,no,no
,,,,,,,,,,,,,,,yes,,"11,59,227",139,no,no,no
,,,,,,,,,,,,,,,yes,,"11,59,227",139,no,no,no
,,,,,,,,,,,,,,,yes,,"11,59,227",139,no,no,no
,,,,,,,,,,,,,,,yes,,"11,59,227",139,no,no,no
,,,,,,,,,,,,,,,yes,,"11,59,227",139,no,no,no
,,,,,,,,,,,,,,,yes,,"11,59,227",139,no,no,no
,,,,,,,,,,,,,,,yes,,"11,59,227",139,no,no,no
,,,,,,,,,,,,,,,yes,,"11,59,227",139,no,no,no
,,,,,,,,,,,,,,,yes,,"11,59,227",139,no,no,no
,,,,,,,,,,,,,,,yes,,"11,59,227",139,no,no,no
,,,,,,,,,,,,,,,yes,,"11,59,227",139,no,no,no
,,,,,,,,,,,,,,,yes,,"11,59,227",139,no,no,no
,,,,,,,,,,,,,,,yes,,"11,59,227",139,no,no,no
,,,,,,,,,,,,,,,yes,,"11,59,227",139,no,no,no
,,,,,,,,,,,,,,,yes,,"11,59,227",139,no,no,no
,,,,,,,,,,,,,,,yes,,"11,59,227",139,no,no,no
,,,,,,,,,,,,,,,yes,,"11,59,227",139,no,no,no
,,,,,,,,,,,,,,,yes,,"11,59,227",139,no,no,no
,,,,,,,,,,,,,,,yes,,"11,59,227",139,no,no,no
,,,,,,,,,,,,,,,yes,,"11,59,227",139,no,no,no
,,,,,,,,,,,,,,,yes,,"11,59,227",139,no,no,no
,,,,,,,,,,,,,,,yes,,"11,59,227",139,no,no,no
,,,,,,,,,,,,,,,yes,,"11,59,227",139,no,no,no
,,,,,,,,,,,,,,,yes,,"11,59,227",139,no,no,no
,,,,,,,,,,,,,,,yes,,"11,59,227",139,no,no,no
,,,,,,,,,,,,,,,yes,,"11,59,227",139,no,no,no
,,,,,,,,,,,,,,,yes,,"11,59,227",139,no,no,no
,,,,,,,,,,,,,,,yes,,"11,59,227",139,no,no,no
,,,,,,,,,,,,,,,yes,,"11,59,227",139,no,no,no
,,,,,,,,,,,,,,,yes,,"11,59,227",139,no,no,no
,,,,,,,,,,,,,,,yes,,"11,59,227",139,no,no,no
,,,,,,,,,,,,,,,yes,,"11,59,227",139,no,no,no
,,,,,,,,,,,,,,,yes,,"11,59,227",139,no,no,no
,,,,,,,,,,,,,,,yes,,"11,59,227",139,no,no,no
,,,,,,,,,,,,,,,yes,,"11,59,227",139,no,no,no
,,,,,,,,,,,,,,,yes,,"11,59,227",139,no,no,no
,,,,,,,,,,,,,,,yes,,"11,59,227",139,no,no,no
,,,,,,,,,,,,,,,yes,,"11,59,227",139,no,no,no
,,,,,,,,,,,,,,,yes,,"11,59,227",139,no,no,no
,,,,,,,,,,,,,,,yes,,"11,59,227",139,no,no,no
,,,,,,,,,,,,,,,yes,,"11,59,227",139,no,no,no
,,,,,,,,,,,,,,,yes,,"11,59,227",139,no,no,no
,,,,,,,,,,,,,,,yes,,"11,59,227",139,no,no,no
,,,,,,,,,,,,,,,yes,,"11,59,227",139,no,no,no
,,,,,,,,,,,,,,,yes,,"11,59,227",139,no,no,no
,,,,,,,,,,,,,,,yes,,"11,59,227",139,no,no,no
,,,,,,,,,,,,,,,yes,,"11,59,227",139,no,no,no
,,,,,,,,,,,,,,,yes,,"11,59,227",139,no,no,no
,,,,,,,,,,,,,,,yes,,"11,59,227",139,no,no,no
,,,,,,,,,,,,,,,yes,,"11,59,227",139,no,no,no
,,,,,,,,,,,,,,,yes,,"11,59,227",139,no,no,no
,,,,,,,,,,,,,,,yes,,"11,59,227",139,no,no,no
,,,,,,,,,,,,,,,yes,,"11,59,227",139,no,no,no
,,,,,,,,,,,,,,,yes,,"11,59,227",139,no,no,no
,,,,,,,,,,,,,,,yes,,"11,59,227",139,no,no,no
,,,,,,,,,,,,,,,yes,,"11,59,227",139,no,no,no
,,,,,,,,,,,,,,,yes,,"11,59,227",139,no,no,no
,,,,,,,,,,,,,,,yes,,"11,59,227",139,no,no,no
,,,,,,,,,,,,,,,yes,,"11,59,227",139,no,no,no
,,,,,,,,,,,,,,,yes,,"11,59,227",139,no,no,no
,,,,,,,,,,,,,,,yes,,"11,59,227",139,no,no,no
,,,,,,,,,,,,,,,yes,,"11,59,227",139,no,no,no
,,,,,,,,,,,,,,,yes,,"11,59,227",139,no,no,no
,,,,,,,,,,,,,,,yes,,"11,59,227",139,no,no,no
,,,,,,,,,,,,,,,yes,,"11,59,227",139,no,no,no
,,,,,,,,,,,,,,,yes,,"11,59,227",139,no,no,no
,,,,,,,,,,,,,,,yes,,"11,59,227",139,no,no,no
,,,,,,,,,,,,,,,yes,,"11,59,227",139,no,no,no
,,,,,,,,,,,,,,,yes,,"11,59,227",139,no,no,no
,,,,,,,,,,,,,,,yes,,"11,59,227",139,no,no,no
,,,,,,,,,,,,,,,yes,,"11,59,227",139,no,no,no
,,,,,,,,,,,,,,,yes,,"11,59,227",139,no,no,no
,,,,,,,,,,,,,,,yes,,"11,59,227",139,no,no,no
,,,,,,,,,,,,,,,yes,,"11,59,227",139,no,no,no
,,,,,,,,,,,,,,,yes,,"11,59,227",139,no,no,no
,,,,,,,,,,,,,,,yes,,"11,59,227",139,no,no,no
,,,,,,,,,,,,,,,yes,,"11,59,227",139,no,no,no
,,,,,,,,,,,,,,,yes,,"11,59,227",139,no,no,no
,,,,,,,,,,,,,,,yes,,"11,59,227",139,no,no,no
,,,,,,,,,,,,,,,yes,,"11,59,227",139,no,no,no
,,,,,,,,,,,,,,,yes,,"11,59,227",139,no,no,no
,,,,,,,,,,,,,,,yes,,"11,59,227",139,no,no,no
,,,,,,,,,,,,,,,yes,,"11,59,227",139,no,no,no
,,,,,,,,,,,,,,,yes,,"11,59,227",139,no,no,no
,,,,,,,,,,,,,,,yes,,"11,59,227",139,no,no,no
,,,,,,,,,,,,,,,yes,,"11,59,227",139,no,no,no
,,,,,,,,,,,,,,,yes,,"11,59,227",139,no,no,no
,,,,,,,,,,,,,,,yes,,"11,59,227",139,no,no,no
,,,,,,,,,,,,,,,yes,,"11,59,227",139,no,no,no
,,,,,,,,,,,,,,,yes,,"11,59,227",139,no,no,no
,,,,,,,,,,,,,,,yes,,"11,59,227",139,no,no,no
,,,,,,,,,,,,,,,yes,,"11,59,227",139,no,no,no
,,,,,,,,,,,,,,,yes,,"11,59,227",139,no,no,no
,,,,,,,,,,,,,,,yes,,"11,59,227",139,no,no,no
,,,,,,,,,,,,,,,yes,,"11,59,227",139,no,no,no
,,,,,,,,,,,,,,,yes,,"11,59,227",139,no,no,no
,,,,,,,,,,,,,,,yes,,"11,59,227",139,no,no,no
,,,,,,,,,,,,,,,yes,,"11,59,227",139,no,no,no
,,,,,,,,,,,,,,,yes,,"11,59,227",139,no,no,no
,,,,,,,,,,,,,,,yes,,"11,59,227",139,no,no,no
,,,,,,,,,,,,,,,yes,,"11,59,227",139,no,no,no
,,,,,,,,,,,,,,,yes,,"11,59,227",139,no,no,no
,,,,,,,,,,,,,,,yes,,"11,59,227",139,no,no,no
,,,,,,,,,,,,,,,yes,,"11,59,227",139,no,no,no
,,,,,,,,,,,,,,,yes,,"11,59,227",139,no,no,no
,,,,,,,,,,,,,,,yes,,"11,59,227",139,no,no,no
,,,,,,,,,,,,,,,yes,,"11,59,227",139,no,no,no
,,,,,,,,,,,,,,,yes,,"11,59,227",139,no,no,no
,,,,,,,,,,,,,,,yes,,"11,59,227",139,no,no,no
,,,,,,,,,,,,,,,yes,,"11,59,227",139,no,no,no
,,,,,,,,,,,,,,,yes,,"11,59,227",139,no,no,no
,,,,,,,,,,,,,,,yes,,"11,59,227",139,no,no,no
,,,,,,,,,,,,,,,yes,,"11,59,227",139,no,no,no
,,,,,,,,,,,,,,,yes,,"11,59,227",139,no,no,no
,,,,,,,,,,,,,,,yes,,"11,59,227",139,no,no,no
,,,,,,,,,,,,,,,yes,,"11,59,227",139,no,no,no
,,,,,,,,,,,,,,,yes,,"11,59,227",139,no,no,no
,,,,,,,,,,,,,,,yes,,"11,59,227",139,no,no,no
,,,,,,,,,,,,,,,yes,,"11,59,227",139,no,no,no
,,,,,,,,,,,,,,,yes,,"11,59,227",139,no,no,no
,,,,,,,,,,,,,,,yes,,"11,59,227",139,no,no,no
,,,,,,,,,,,,,,,yes,,"11,59,227",139,no,no,no
,,,,,,,,,,,,,,,yes,,"11,59,227",139,no,no,no
,,,,,,,,,,,,,,,yes,,"11,59,227",139,no,no,no
,,,,,,,,,,,,,,,yes,,"11,59,227",139,no,no,no
,,,,,,,,,,,,,,,yes,,"11,59,227",139,no,no,no
,,,,,,,,,,,,,,,yes,,"11,59,227",139,no,no,no
,,,,,,,,,,,,,,,yes,,"11,59,227",139,no,no,no
,,,,,,,,,,,,,,,yes,,"11,59,227",139,no,no,no
,,,,,,,,,,,,,,,yes,,"11,59,227",139,no,no,no
,,,,,,,,,,,,,,,yes,,"11,59,227",139,no,no,no
,,,,,,,,,,,,,,,yes,,"11,59,227",139,no,no,no
,,,,,,,,,,,,,,,yes,,"11,59,227",139,no,no,no
,,,,,,,,,,,,,,,yes,,"11,59,227",139,no,no,no
,,,,,,,,,,,,,,,yes,,"11,59,227",139,no,no,no
,,,,,,,,,,,,,,,yes,,"11,59,227",139,no,no,no
,,,,,,,,,,,,,,,yes,,"11,59,227",139,no,no,no
,,,,,,,,,,,,,,,yes,,"11,59,227",139,no,no,no
,,,,,,,,,,,,,,,yes,,"11,59,227",139,no,no,no
,,,,,,,,,,,,,,,yes,,"11,59,227",139,no,no,no
,,,,,,,,,,,,,,,yes,,"11,59,227",139,no,no,no
,,,,,,,,,,,,,,,yes,,"11,59,227",139,no,no,no
,,,,,,,,,,,,,,,yes,,"11,59,227",139,no,no,no
,,,,,,,,,,,,,,,yes,,"11,59,227",139,no,no,no
,,,,,,,,,,,,,,,yes,,"11,59,227",139,no,no,no
,,,,,,,,,,,,,,,yes,,"11,59,227",139,no,no,no
,,,,,,,,,,,,,,,yes,,"11,59,227",139,no,no,no
,,,,,,,,,,,,,,,yes,,"11,59,227",139,no,no,no
,,,,,,,,,,,,,,,yes,,"11,59,227",139,no,no,no
,,,,,,,,,,,,,,,yes,,"11,59,227",139,no,no,no
,,,,,,,,,,,,,,,yes,,"11,59,227",139,no,no,no
,,,,,,,,,,,,,,,yes,,"11,59,227",139,no,no,no
,,,,,,,,,,,,,,,yes,,"11,59,227",139,no,no,no
,,,,,,,,,,,,,,,yes,,"11,59,227",139,no,no,no
,,,,,,,,,,,,,,,yes,,"11,59,227",139,no,no,no
,,,,,,,,,,,,,,,yes,,"11,59,227",139,no,no,no
,,,,,,,,,,,,,,,yes,,"11,59,227",139,no,no,no
,,,,,,,,,,,,,,,yes,,"11,59,227",139,no,no,no
,,,,,,,,,,,,,,,yes,,"11,59,227",139,no,no,no
,,,,,,,,,,,,,,,yes,,"11,59,227",139,no,no,no
,,,,,,,,,,,,,,,yes,,"11,59,227",139,no,no,no
,,,,,,,,,,,,,,,yes,,"11,59,227",139,no,no,no
,,,,,,,,,,,,,,,yes,,"11,59,227",139,no,no,no
,,,,,,,,,,,,,,,yes,,"11,59,227",139,no,no,no
,,,,,,,,,,,,,,,yes,,"11,59,227",139,no,no,no
,,,,,,,,,,,,,,,yes,,"11,59,227",139,no,no,no
,,,,,,,,,,,,,,,yes,,"11,59,227",139,no,no,no
,,,,,,,,,,,,,,,yes,,"11,59,227",139,no,no,no
,,,,,,,,,,,,,,,yes,,"11,59,227",139,no,no,no
,,,,,,,,,,,,,,,yes,,"11,59,227",139,no,no,no
,,,,,,,,,,,,,,,yes,,"11,59,227",139,no,no,no
,,,,,,,,,,,,,,,yes,,"11,59,227",139,no,no,no
,,,,,,,,,,,,,,,yes,,"11,59,227",139,no,no,no
,,,,,,,,,,,,,,,yes,,"11,59,227",139,no,no,no
,,,,,,,,,,,,,,,yes,,"11,59,227",139,no,no,no
,,,,,,,,,,,,,,,yes,,"11,59,227",139,no,no,no
,,,,,,,,,,,,,,,yes,,"11,59,227",139,no,no,no
,,,,,,,,,,,,,,,yes,,"11,59,227",139,no,no,no
,,,,,,,,,,,,,,,yes,,"11,59,227",139,no,no,no
,,,,,,,,,,,,,,,yes,,"11,59,227",139,no,no,no
,,,,,,,,,,,,,,,yes,,"11,59,227",139,no,no,no
,,,,,,,,,,,,,,,yes,,"11,59,227",139,no,no,no
,,,,,,,,,,,,,,,yes,,"11,59,227",139,no,no,no
,,,,,,,,,,,,,,,yes,,"11,59,227",139,no,no,no
,,,,,,,,,,,,,,,yes,,"11,59,227",139,no,no,no
,,,,,,,,,,,,,,,yes,,"11,59,227",139,no,no,no
,,,,,,,,,,,,,,,yes,,"11,59,227",139,no,no,no
,,,,,,,,,,,,,,,yes,,"11,59,227",139,no,no,no
,,,,,,,,,,,,,,,yes,,"11,59,227",139,no,no,no
,,,,,,,,,,,,,,,yes,,"11,59,227",139,no,no,no
,,,,,,,,,,,,,,,yes,,"11,59,227",139,no,no,no
,,,,,,,,,,,,,,,yes,,"11,59,227",139,no,no,no
,,,,,,,,,,,,,,,yes,,"11,59,227",139,no,no,no
,,,,,,,,,,,,,,,yes,,"11,59,227",139,no,no,no
,,,,,,,,,,,,,,,yes,,"11,59,227",139,no,no,no
,,,,,,,,,,,,,,,yes,,"11,59,227",139,no,no,no
,,,,,,,,,,,,,,,yes,,"11,59,227",139,no,no,no
,,,,,,,,,,,,,,,yes,,"11,59,227",139,no,no,no
,,,,,,,,,,,,,,,yes,,"11,59,227",139,no,no,no
,,,,,,,,,,,,,,,yes,,"11,59,227",139,no,no,no
,,,,,,,,,,,,,,,yes,,"11,59,227",139,no,no,no
,,,,,,,,,,,,,,,yes,,"11,59,227",139,no,no,no
,,,,,,,,,,,,,,,yes,,"11,59,227",139,no,no,no
,,,,,,,,,,,,,,,yes,,"11,59,227",139,no,no,no
,,,,,,,,,,,,,,,yes,,"11,59,227",139,no,no,no
,,,,,,,,,,,,,,,yes,,"11,59,227",139,no,no,no
,,,,,,,,,,,,,,,yes,,"11,59,227",139,no,no,no
,,,,,,,,,,,,,,,yes,,"11,59,227",139,no,no,no
,,,,,,,,,,,,,,,yes,,"11,59,227",139,no,no,no
,,,,,,,,,,,,,,,yes,,"11,59,227",139,no,no,no
,,,,,,,,,,,,,,,yes,,"11,59,227",139,no,no,no
,,,,,,,,,,,,,,,yes,,"11,59,227",139,no,no,no
,,,,,,,,,,,,,,,yes,,"11,59,227",139,no,no,no
,,,,,,,,,,,,,,,yes,,"11,59,227",139,no,no,no
,,,,,,,,,,,,,,,yes,,"11,59,227",139,no,no,no
,,,,,,,,,,,,,,,yes,,"11,59,227",139,no,no,no
,,,,,,,,,,,,,,,yes,,"11,59,227",139,no,no,no
,,,,,,,,,,,,,,,yes,,"11,59,227",139,no,no,no
,,,,,,,,,,,,,,,yes,,"11,59,227",139,no,no,no
,,,,,,,,,,,,,,,yes,,"11,59,227",139,no,no,no
,,,,,,,,,,,,,,,yes,,"11,59,227",139,no,no,no
,,,,,,,,,,,,,,,yes,,"11,59,227",139,no,no,no
,,,,,,,,,,,,,,,yes,,"11,59,227",139,no,no,no
,,,,,,,,,,,,,,,yes,,"11,59,227",139,no,no,no
,,,,,,,,,,,,,,,yes,,"11,59,227",139,no,no,no
,,,,,,,,,,,,,,,yes,,"11,59,227",139,no,no,no
,,,,,,,,,,,,,,,yes,,"11,59,227",139,no,no,no
,,,,,,,,,,,,,,,yes,,"11,59,227",139,no,no,no
,,,,,,,,,,,,,,,yes,,"11,59,227",139,no,no,no
,,,,,,,,,,,,,,,yes,,"11,59,227",139,no,no,no
,,,,,,,,,,,,,,,yes,,"11,59,227",139,no,no,no
,,,,,,,,,,,,,,,yes,,"11,59,227",139,no,no,no
,,,,,,,,,,,,,,,yes,,"11,59,227",139,no,no,no
,,,,,,,,,,,,,,,yes,,"11,59,227",139,no,no,no
,,,,,,,,,,,,,,,yes,,"11,59,227",139,no,no,no
,,,,,,,,,,,,,,,yes,,"11,59,227",139,no,no,no
,,,,,,,,,,,,,,,yes,,"11,59,227",139,no,no,no
,,,,,,,,,,,,,,,yes,,"11,59,227",139,no,no,no
,,,,,,,,,,,,,,,yes,,"11,59,227",139,no,no,no
,,,,,,,,,,,,,,,yes,,"11,59,227",139,no,no,no
,,,,,,,,,,,,,,,yes,,"11,59,227",139,no,no,no
,,,,,,,,,,,,,,,yes,,"11,59,227",139,no,no,no
,,,,,,,,,,,,,,,yes,,"11,59,227",139,no,no,no
,,,,,,,,,,,,,,,yes,,"11,59,227",139,no,no,no
,,,,,,,,,,,,,,,yes,,"11,59,227",139,no,no,no
,,,,,,,,,,,,,,,yes,,"11,59,227",139,no,no,no
,,,,,,,,,,,,,,,yes,,"11,59,227",139,no,no,no
,,,,,,,,,,,,,,,yes,,"11,59,227",139,no,no,no
,,,,,,,,,,,,,,,yes,,"11,59,227",139,no,no,no
,,,,,,,,,,,,,,,yes,,"11,59,227",139,no,no,no
,,,,,,,,,,,,,,,yes,,"11,59,227",139,no,no,no
,,,,,,,,,,,,,,,yes,,"11,59,227",139,no,no,no
,,,,,,,,,,,,,,,yes,,"11,59,227",139,no,no,no
,,,,,,,,,,,,,,,yes,,"11,59,227",139,no,no,no
,,,,,,,,,,,,,,,yes,,"11,59,227",139,no,no,no
,,,,,,,,,,,,,,,yes,,"11,59,227",139,no,no,no
,,,,,,,,,,,,,,,yes,,"11,59,227",139,no,no,no
,,,,,,,,,,,,,,,yes,,"11,59,227",139,no,no,no
,,,,,,,,,,,,,,,yes,,"11,59,227",139,no,no,no
,,,,,,,,,,,,,,,yes,,"11,59,227",139,no,no,no
,,,,,,,,,,,,,,,yes,,"11,59,227",139,no,no,no
,,,,,,,,,,,,,,,yes,,"11,59,227",139,no,no,no
,,,,,,,,,,,,,,,yes,,"11,59,227",139,no,no,no
,,,,,,,,,,,,,,,yes,,"11,59,227",139,no,no,no
,,,,,,,,,,,,,,,yes,,"11,59,227",139,no,no,no
,,,,,,,,,,,,,,,yes,,"11,59,227",139,no,no,no
,,,,,,,,,,,,,,,yes,,"11,59,227",139,no,no,no
,,,,,,,,,,,,,,,yes,,"11,59,227",139,no,no,no
,,,,,,,,,,,,,,,yes,,"11,59,227",139,no,no,no
,,,,,,,,,,,,,,,yes,,"11,59,227",139,no,no,no
,,,,,,,,,,,,,,,yes,,"11,59,227",139,no,no,no
,,,,,,,,,,,,,,,yes,,"11,59,227",139,no,no,no
,,,,,,,,,,,,,,,yes,,"11,59,227",139,no,no,no
,,,,,,,,,,,,,,,yes,,"11,59,227",139,no,no,no
,,,,,,,,,,,,,,,yes,,"11,59,227",139,no,no,no
,,,,,,,,,,,,,,,yes,,"11,59,227",139,no,no,no
,,,,,,,,,,,,,,,yes,,"11,59,227",139,no,no,no
,,,,,,,,,,,,,,,yes,,"15,85,704",121,yes,no,no
,,,,,,,,,,,,,,,yes,,"15,85,704",121,yes,no,no
,,,,,,,,,,,,,,,yes,,"15,85,704",121,yes,no,no
,,,,,,,,,,,,,,,yes,,"15,85,704",121,yes,no,no
,,,,,,,,,,,,,,,yes,,"15,85,704",121,yes,no,no
,,,,,,,,,,,,,,,yes,,"15,85,704",121,yes,no,no
,,,,,,,,,,,,,,,yes,,"15,85,704",121,yes,no,no
,,,,,,,,,,,,,,,yes,,"15,85,704",121,yes,no,no
,,,,,,,,,,,,,,,yes,,"15,85,704",121,yes,no,no
,,,,,,,,,,,,,,,yes,,"15,85,704",121,yes,no,no
,,,,,,,,,,,,,,,yes,,"15,85,704",121,yes,no,no
,,,,,,,,,,,,,,,yes,,"15,85,704",121,yes,no,no
,,,,,,,,,,,,,,,yes,,"15,85,704",121,yes,no,no
,,,,,,,,,,,,,,,yes,,"15,85,704",121,yes,no,no
,,,,,,,,,,,,,,,yes,,"15,85,704",121,yes,no,no
,,,,,,,,,,,,,,,yes,,"15,85,704",121,yes,no,no
,,,,,,,,,,,,,,,yes,,"15,85,704",121,yes,no,no
,,,,,,,,,,,,,,,yes,,"15,85,704",121,yes,no,no
,,,,,,,,,,,,,,,yes,,"15,85,704",121,yes,no,no
,,,,,,,,,,,,,,,yes,,"15,85,704",121,yes,no,no
,,,,,,,,,,,,,,,yes,,"15,85,704",121,yes,no,no
,,,,,,,,,,,,,,,yes,,"15,85,704",121,yes,no,no
,,,,,,,,,,,,,,,yes,,"15,85,704",121,yes,no,no
,,,,,,,,,,,,,,,yes,,"15,85,704",121,yes,no,no
,,,,,,,,,,,,,,,yes,,"15,85,704",121,yes,no,no
,,,,,,,,,,,,,,,yes,,"15,85,704",121,yes,no,no
,,,,,,,,,,,,,,,yes,,"15,85,704",121,yes,no,no
,,,,,,,,,,,,,,,yes,,"15,85,704",121,yes,no,no
,,,,,,,,,,,,,,,yes,,"15,85,704",121,yes,no,no
,,,,,,,,,,,,,,,yes,,"15,85,704",121,yes,no,no
,,,,,,,,,,,,,,,yes,,"15,85,704",121,yes,no,no
,,,,,,,,,,,,,,,yes,,"15,85,704",121,yes,no,no
,,,,,,,,,,,,,,,yes,,"15,85,704",121,yes,no,no
,,,,,,,,,,,,,,,yes,,"15,85,704",121,yes,no,no
,,,,,,,,,,,,,,,yes,,"15,85,704",121,yes,no,no
,,,,,,,,,,,,,,,yes,,"15,85,704",121,yes,no,no
,,,,,,,,,,,,,,,yes,,"15,85,704",121,yes,no,no
,,,,,,,,,,,,,,,yes,,"15,85,704",121,yes,no,no
,,,,,,,,,,,,,,,yes,,"15,85,704",121,yes,no,no
,,,,,,,,,,,,,,,yes,,"15,85,704",121,yes,no,no
,,,,,,,,,,,,,,,yes,,"15,85,704",121,yes,no,no
,,,,,,,,,,,,,,,yes,,"15,85,704",121,yes,no,no
,,,,,,,,,,,,,,,yes,,"15,85,704",121,yes,no,no
,,,,,,,,,,,,,,,yes,,"15,85,704",121,yes,no,no
,,,,,,,,,,,,,,,yes,,"15,85,704",121,yes,no,no
,,,,,,,,,,,,,,,yes,,"15,85,704",121,yes,no,no
,,,,,,,,,,,,,,,yes,,"15,85,704",121,yes,no,no
,,,,,,,,,,,,,,,yes,,"15,85,704",121,yes,no,no
,,,,,,,,,,,,,,,yes,,"15,85,704",121,yes,no,no
,,,,,,,,,,,,,,,yes,,"15,85,704",121,yes,no,no
,,,,,,,,,,,,,,,yes,,"15,85,704",121,yes,no,no
,,,,,,,,,,,,,,,yes,,"15,85,704",121,yes,no,no
,,,,,,,,,,,,,,,yes,,"15,85,704",121,yes,no,no
,,,,,,,,,,,,,,,yes,,"15,85,704",121,yes,no,no
,,,,,,,,,,,,,,,yes,,"15,85,704",121,yes,no,no
,,,,,,,,,,,,,,,yes,,"15,85,704",121,yes,no,no
,,,,,,,,,,,,,,,yes,,"15,85,704",121,yes,no,no
,,,,,,,,,,,,,,,yes,,"15,85,704",121,yes,no,no
,,,,,,,,,,,,,,,yes,,"15,85,704",121,yes,no,no
,,,,,,,,,,,,,,,yes,,"15,85,704",121,yes,no,no
,,,,,,,,,,,,,,,yes,,"15,85,704",121,yes,no,no
,,,,,,,,,,,,,,,yes,,"15,85,704",121,yes,no,no
,,,,,,,,,,,,,,,yes,,"15,85,704",121,yes,no,no
,,,,,,,,,,,,,,,yes,,"15,85,704",121,yes,no,no
,,,,,,,,,,,,,,,yes,,"15,85,704",121,yes,no,no
,,,,,,,,,,,,,,,yes,,"15,85,704",121,yes,no,no
,,,,,,,,,,,,,,,yes,,"15,85,704",121,yes,no,no
,,,,,,,,,,,,,,,yes,,"15,85,704",121,yes,no,no
,,,,,,,,,,,,,,,yes,,"15,85,704",121,yes,no,no
,,,,,,,,,,,,,,,yes,,"15,85,704",121,yes,no,no
,,,,,,,,,,,,,,,yes,,"15,85,704",121,yes,no,no
,,,,,,,,,,,,,,,yes,,"15,85,704",121,yes,no,no
,,,,,,,,,,,,,,,yes,,"15,85,704",121,yes,no,no
,,,,,,,,,,,,,,,yes,,"15,85,704",121,yes,no,no
,,,,,,,,,,,,,,,yes,,"15,85,704",121,yes,no,no
,,,,,,,,,,,,,,,yes,,"15,85,704",121,yes,no,no
,,,,,,,,,,,,,,,yes,,"15,85,704",121,yes,no,no
,,,,,,,,,,,,,,,yes,,"15,85,704",121,yes,no,no
,,,,,,,,,,,,,,,yes,,"15,85,704",121,yes,no,no
,,,,,,,,,,,,,,,yes,,"15,85,704",121,yes,no,no
,,,,,,,,,,,,,,,yes,,"15,85,704",121,yes,no,no
,,,,,,,,,,,,,,,yes,,"15,85,704",121,yes,no,no
,,,,,,,,,,,,,,,yes,,"15,85,704",121,yes,no,no
,,,,,,,,,,,,,,,yes,,"15,85,704",121,yes,no,no
,,,,,,,,,,,,,,,yes,,"15,85,704",121,yes,no,no
,,,,,,,,,,,,,,,yes,,"15,85,704",121,yes,no,no
,,,,,,,,,,,,,,,yes,,"15,85,704",121,yes,no,no
,,,,,,,,,,,,,,,yes,,"15,85,704",121,yes,no,no
,,,,,,,,,,,,,,,yes,,"15,85,704",121,yes,no,no
,,,,,,,,,,,,,,,yes,,"15,85,704",121,yes,no,no
,,,,,,,,,,,,,,,yes,,"15,85,704",121,yes,no,no
,,,,,,,,,,,,,,,yes,,"15,85,704",121,yes,no,no
,,,,,,,,,,,,,,,yes,,"15,85,704",121,yes,no,no
,,,,,,,,,,,,,,,yes,,"15,85,704",121,yes,no,no
,,,,,,,,,,,,,,,yes,,"15,85,704",121,yes,no,no
,,,,,,,,,,,,,,,yes,,"15,85,704",121,yes,no,no
,,,,,,,,,,,,,,,yes,,"15,85,704",121,yes,no,no
,,,,,,,,,,,,,,,yes,,"15,85,704",121,yes,no,no
,,,,,,,,,,,,,,,yes,,"15,85,704",121,yes,no,no
,,,,,,,,,,,,,,,yes,,"15,85,704",121,yes,no,no
,,,,,,,,,,,,,,,yes,,"15,85,704",121,yes,no,no
,,,,,,,,,,,,,,,yes,,"15,85,704",121,yes,no,no
,,,,,,,,,,,,,,,yes,,"15,85,704",121,yes,no,no
,,,,,,,,,,,,,,,yes,,"15,85,704",121,yes,no,no
,,,,,,,,,,,,,,,yes,,"15,85,704",121,yes,no,no
,,,,,,,,,,,,,,,yes,,"15,85,704",121,yes,no,no
,,,,,,,,,,,,,,,yes,,"15,85,704",121,yes,no,no
,,,,,,,,,,,,,,,yes,,"15,85,704",121,yes,no,no
,,,,,,,,,,,,,,,yes,,"15,85,704",121,yes,no,no
,,,,,,,,,,,,,,,yes,,"15,85,704",121,yes,no,no
,,,,,,,,,,,,,,,yes,,"15,85,704",121,yes,no,no
,,,,,,,,,,,,,,,yes,,"15,85,704",121,yes,no,no
,,,,,,,,,,,,,,,yes,,"15,85,704",121,yes,no,no
,,,,,,,,,,,,,,,yes,,"15,85,704",121,yes,no,no
,,,,,,,,,,,,,,,yes,,"15,85,704",121,yes,no,no
,,,,,,,,,,,,,,,yes,,"15,85,704",121,yes,no,no
,,,,,,,,,,,,,,,yes,,"15,85,704",121,yes,no,no
,,,,,,,,,,,,,,,yes,,"15,85,704",121,yes,no,no
,,,,,,,,,,,,,,,yes,,"15,85,704",121,yes,no,no
,,,,,,,,,,,,,,,yes,,"15,85,704",121,yes,no,no
,,,,,,,,,,,,,,,yes,,"15,85,704",121,yes,no,no
,,,,,,,,,,,,,,,yes,,"15,85,704",121,yes,no,no
,,,,,,,,,,,,,,,yes,,"15,85,704",121,yes,no,no
,,,,,,,,,,,,,,,yes,,"15,85,704",121,yes,no,no
,,,,,,,,,,,,,,,yes,,"15,85,704",121,yes,no,no
,,,,,,,,,,,,,,,yes,,"15,85,704",121,yes,no,no
,,,,,,,,,,,,,,,yes,,"15,85,704",121,yes,no,no
,,,,,,,,,,,,,,,yes,,"15,85,704",121,yes,no,no
,,,,,,,,,,,,,,,yes,,"15,85,704",121,yes,no,no
,,,,,,,,,,,,,,,yes,,"15,85,704",121,yes,no,no
,,,,,,,,,,,,,,,yes,,"15,85,704",121,yes,no,no
,,,,,,,,,,,,,,,yes,,"15,85,704",121,yes,no,no
,,,,,,,,,,,,,,,yes,,"15,85,704",121,yes,no,no
,,,,,,,,,,,,,,,yes,,"15,85,704",121,yes,no,no
,,,,,,,,,,,,,,,yes,,"15,85,704",121,yes,no,no
,,,,,,,,,,,,,,,yes,,"15,85,704",121,yes,no,no
,,,,,,,,,,,,,,,yes,,"15,85,704",121,yes,no,no
,,,,,,,,,,,,,,,yes,,"15,85,704",121,yes,no,no
,,,,,,,,,,,,,,,yes,,"15,85,704",121,yes,no,no
,,,,,,,,,,,,,,,yes,,"15,85,704",121,yes,no,no
,,,,,,,,,,,,,,,yes,,"15,85,704",121,yes,no,no
,,,,,,,,,,,,,,,yes,,"15,85,704",121,yes,no,no
,,,,,,,,,,,,,,,yes,,"15,85,704",121,yes,no,no
,,,,,,,,,,,,,,,yes,,"15,85,704",121,yes,no,no
,,,,,,,,,,,,,,,yes,,"15,85,704",121,yes,no,no
,,,,,,,,,,,,,,,yes,,"15,85,704",121,yes,no,no
,,,,,,,,,,,,,,,yes,,"15,85,704",121,yes,no,no
,,,,,,,,,,,,,,,yes,,"15,85,704",121,yes,no,no
,,,,,,,,,,,,,,,yes,,"15,85,704",121,yes,no,no
,,,,,,,,,,,,,,,yes,,"15,85,704",121,yes,no,no
,,,,,,,,,,,,,,,yes,,"15,85,704",121,yes,no,no
,,,,,,,,,,,,,,,yes,,"15,85,704",121,yes,no,no
,,,,,,,,,,,,,,,yes,,"15,85,704",121,yes,no,no
,,,,,,,,,,,,,,,yes,,"15,85,704",121,yes,no,no
,,,,,,,,,,,,,,,yes,,"15,85,704",121,yes,no,no
,,,,,,,,,,,,,,,yes,,"15,85,704",121,yes,no,no
,,,,,,,,,,,,,,,yes,,"15,85,704",121,yes,no,no
,,,,,,,,,,,,,,,yes,,"15,85,704",121,yes,no,no
,,,,,,,,,,,,,,,yes,,"15,85,704",121,yes,no,no
,,,,,,,,,,,,,,,yes,,"15,85,704",121,yes,no,no
,,,,,,,,,,,,,,,yes,,"15,85,704",121,yes,no,no
,,,,,,,,,,,,,,,yes,,"15,85,704",121,yes,no,no
,,,,,,,,,,,,,,,yes,,"15,85,704",121,yes,no,no
,,,,,,,,,,,,,,,yes,,"15,85,704",121,yes,no,no
,,,,,,,,,,,,,,,yes,,"15,85,704",121,yes,no,no
,,,,,,,,,,,,,,,yes,,"15,85,704",121,yes,no,no
,,,,,,,,,,,,,,,yes,,"15,85,704",121,yes,no,no
,,,,,,,,,,,,,,,yes,,"15,85,704",121,yes,no,no
,,,,,,,,,,,,,,,yes,,"15,85,704",121,yes,no,no
,,,,,,,,,,,,,,,yes,,"15,85,704",121,yes,no,no
,,,,,,,,,,,,,,,yes,,"15,85,704",121,yes,no,no
,,,,,,,,,,,,,,,yes,,"15,85,704",121,yes,no,no
,,,,,,,,,,,,,,,yes,,"15,85,704",121,yes,no,no
,,,,,,,,,,,,,,,yes,,"15,85,704",121,yes,no,no
,,,,,,,,,,,,,,,yes,,"15,85,704",121,yes,no,no
,,,,,,,,,,,,,,,yes,,"15,85,704",121,yes,no,no
,,,,,,,,,,,,,,,yes,,"15,85,704",121,yes,no,no
,,,,,,,,,,,,,,,yes,,"15,85,704",121,yes,no,no
,,,,,,,,,,,,,,,yes,,"15,85,704",121,yes,no,no
,,,,,,,,,,,,,,,yes,,"15,85,704",121,yes,no,no
,,,,,,,,,,,,,,,yes,,"15,85,704",121,yes,no,no
,,,,,,,,,,,,,,,yes,,"15,85,704",121,yes,no,no
,,,,,,,,,,,,,,,yes,,"15,85,704",121,yes,no,no
,,,,,,,,,,,,,,,yes,,"15,85,704",121,yes,no,no
,,,,,,,,,,,,,,,yes,,"15,85,704",121,yes,no,no
,,,,,,,,,,,,,,,yes,,"15,85,704",121,yes,no,no
,,,,,,,,,,,,,,,yes,,"15,85,704",121,yes,no,no
,,,,,,,,,,,,,,,yes,,"15,85,704",121,yes,no,no
,,,,,,,,,,,,,,,yes,,"15,85,704",121,yes,no,no
,,,,,,,,,,,,,,,yes,,"15,85,704",121,yes,no,no
,,,,,,,,,,,,,,,yes,,"15,85,704",121,yes,no,no
,,,,,,,,,,,,,,,yes,,"15,85,704",121,yes,no,no
,,,,,,,,,,,,,,,yes,,"15,85,704",121,yes,no,no
,,,,,,,,,,,,,,,yes,,"15,85,704",121,yes,no,no
,,,,,,,,,,,,,,,yes,,"15,85,704",121,yes,no,no
,,,,,,,,,,,,,,,yes,,"15,85,704",121,yes,no,no
,,,,,,,,,,,,,,,yes,,"15,85,704",121,yes,no,no
,,,,,,,,,,,,,,,yes,,"15,85,704",121,yes,no,no
,,,,,,,,,,,,,,,yes,,"15,85,704",121,yes,no,no
,,,,,,,,,,,,,,,yes,,"15,85,704",121,yes,no,no
,,,,,,,,,,,,,,,yes,,"15,85,704",121,yes,no,no
,,,,,,,,,,,,,,,yes,,"15,85,704",121,yes,no,no
,,,,,,,,,,,,,,,yes,,"15,85,704",121,yes,no,no
,,,,,,,,,,,,,,,yes,,"15,85,704",121,yes,no,no
,,,,,,,,,,,,,,,yes,,"15,85,704",121,yes,no,no
,,,,,,,,,,,,,,,yes,,"15,85,704",121,yes,no,no
,,,,,,,,,,,,,,,yes,,"15,85,704",121,yes,no,no
,,,,,,,,,,,,,,,yes,,"15,85,704",121,yes,no,no
,,,,,,,,,,,,,,,yes,,"15,85,704",121,yes,no,no
,,,,,,,,,,,,,,,yes,,"15,85,704",121,yes,no,no
,,,,,,,,,,,,,,,yes,,"15,85,704",121,yes,no,no
,,,,,,,,,,,,,,,yes,,"15,85,704",121,yes,no,no
,,,,,,,,,,,,,,,yes,,"15,85,704",121,yes,no,no
,,,,,,,,,,,,,,,yes,,"15,85,704",121,yes,no,no
,,,,,,,,,,,,,,,yes,,"15,85,704",121,yes,no,no
,,,,,,,,,,,,,,,yes,,"15,85,704",121,yes,no,no
,,,,,,,,,,,,,,,yes,,"15,85,704",121,yes,no,no
,,,,,,,,,,,,,,,yes,,"15,85,704",121,yes,no,no
,,,,,,,,,,,,,,,yes,,"15,85,704",121,yes,no,no
,,,,,,,,,,,,,,,yes,,"15,85,704",121,yes,no,no
,,,,,,,,,,,,,,,yes,,"15,85,704",121,yes,no,no
,,,,,,,,,,,,,,,yes,,"15,85,704",121,yes,no,no
,,,,,,,,,,,,,,,yes,,"15,85,704",121,yes,no,no
,,,,,,,,,,,,,,,yes,,"15,85,704",121,yes,no,no
,,,,,,,,,,,,,,,yes,,"15,85,704",121,yes,no,no
,,,,,,,,,,,,,,,yes,,"15,85,704",121,yes,no,no
,,,,,,,,,,,,,,,yes,,"15,85,704",121,yes,no,no
,,,,,,,,,,,,,,,yes,,"15,85,704",121,yes,no,no
,,,,,,,,,,,,,,,yes,,"15,85,704",121,yes,no,no
,,,,,,,,,,,,,,,yes,,"15,85,704",121,yes,no,no
,,,,,,,,,,,,,,,yes,,"15,85,704",121,yes,no,no
,,,,,,,,,,,,,,,yes,,"15,85,704",121,yes,no,no
,,,,,,,,,,,,,,,yes,,"15,85,704",121,yes,no,no
,,,,,,,,,,,,,,,yes,,"15,85,704",121,yes,no,no
,,,,,,,,,,,,,,,yes,,"15,85,704",121,yes,no,no
,,,,,,,,,,,,,,,yes,,"15,85,704",121,yes,no,no
,,,,,,,,,,,,,,,yes,,"15,85,704",121,yes,no,no
,,,,,,,,,,,,,,,yes,,"15,85,704",121,yes,no,no
,,,,,,,,,,,,,,,yes,,"15,85,704",121,yes,no,no
,,,,,,,,,,,,,,,yes,,"15,85,704",121,yes,no,no
,,,,,,,,,,,,,,,yes,,"15,85,704",121,yes,no,no
,,,,,,,,,,,,,,,yes,,"15,85,704",121,yes,no,no
,,,,,,,,,,,,,,,yes,,"15,85,704",121,yes,no,no
,,,,,,,,,,,,,,,yes,,"15,85,704",121,yes,no,no
,,,,,,,,,,,,,,,yes,,"15,85,704",121,yes,no,no
,,,,,,,,,,,,,,,yes,,"15,85,704",121,yes,no,no
,,,,,,,,,,,,,,,yes,,"15,85,704",121,yes,no,no
,,,,,,,,,,,,,,,yes,,"15,85,704",121,yes,no,no
,,,,,,,,,,,,,,,yes,,"15,85,704",121,yes,no,no
,,,,,,,,,,,,,,,yes,,"15,85,704",121,yes,no,no
,,,,,,,,,,,,,,,yes,,"15,85,704",121,yes,no,no
,,,,,,,,,,,,,,,yes,,"15,85,704",121,yes,no,no
,,,,,,,,,,,,,,,yes,,"15,85,704",121,yes,no,no
,,,,,,,,,,,,,,,yes,,"15,85,704",121,yes,no,no
,,,,,,,,,,,,,,,yes,,"15,85,704",121,yes,no,no
,,,,,,,,,,,,,,,yes,,"15,85,704",121,yes,no,no
,,,,,,,,,,,,,,,yes,,"15,85,704",121,yes,no,no
,,,,,,,,,,,,,,,yes,,"15,85,704",121,yes,no,no
,,,,,,,,,,,,,,,yes,,"15,85,704",121,yes,no,no
,,,,,,,,,,,,,,,yes,,"15,85,704",121,yes,no,no
,,,,,,,,,,,,,,,yes,,"15,85,704",121,yes,no,no
,,,,,,,,,,,,,,,yes,,"15,85,704",121,yes,no,no
,,,,,,,,,,,,,,,yes,,"15,85,704",121,yes,no,no
,,,,,,,,,,,,,,,yes,,"15,85,704",121,yes,no,no
,,,,,,,,,,,,,,,yes,,"15,85,704",121,yes,no,no
,,,,,,,,,,,,,,,yes,,"15,85,704",121,yes,no,no
,,,,,,,,,,,,,,,yes,,"15,85,704",121,yes,no,no
,,,,,,,,,,,,,,,yes,,"15,85,704",121,yes,no,no
,,,,,,,,,,,,,,,yes,,"15,85,704",121,yes,no,no
,,,,,,,,,,,,,,,yes,,"15,85,704",121,yes,no,no
,,,,,,,,,,,,,,,yes,,"15,85,704",121,yes,no,no
,,,,,,,,,,,,,,,yes,,"15,85,704",121,yes,no,no
,,,,,,,,,,,,,,,yes,,"15,85,704",121,yes,no,no
,,,,,,,,,,,,,,,yes,,"15,85,704",121,yes,no,no
,,,,,,,,,,,,,,,yes,,"15,85,704",121,yes,no,no
,,,,,,,,,,,,,,,yes,,"15,85,704",121,yes,no,no
,,,,,,,,,,,,,,,yes,,"15,85,704",121,yes,no,no
,,,,,,,,,,,,,,,yes,,"15,85,704",121,yes,no,no
,,,,,,,,,,,,,,,yes,,"15,85,704",121,yes,no,no
,,,,,,,,,,,,,,,yes,,"15,85,704",121,yes,no,no
,,,,,,,,,,,,,,,yes,,"15,85,704",121,yes,no,no
,,,,,,,,,,,,,,,yes,,"15,85,704",121,yes,no,no
,,,,,,,,,,,,,,,yes,,"15,85,704",121,yes,no,no
,,,,,,,,,,,,,,,yes,,"15,85,704",121,yes,no,no
,,,,,,,,,,,,,,,yes,,"15,85,704",121,yes,no,no
,,,,,,,,,,,,,,,yes,,"15,85,704",121,yes,no,no
,,,,,,,,,,,,,,,yes,,"15,85,704",121,yes,no,no
,,,,,,,,,,,,,,,yes,,"15,85,704",121,yes,no,no
,,,,,,,,,,,,,,,yes,,"6,77,381",88,yes,no,no
,,,,,,,,,,,,,,,yes,,"6,77,381",88,yes,no,no
,,,,,,,,,,,,,,,yes,,"6,77,381",88,yes,no,no
,,,,,,,,,,,,,,,yes,,"6,77,381",88,yes,no,no
,,,,,,,,,,,,,,,yes,,"6,77,381",88,yes,no,no
,,,,,,,,,,,,,,,yes,,"6,77,381",88,yes,no,no
,,,,,,,,,,,,,,,yes,,"6,77,381",88,yes,no,no
,,,,,,,,,,,,,,,yes,,"6,77,381",88,yes,no,no
,,,,,,,,,,,,,,,yes,,"6,77,381",88,yes,no,no
,,,,,,,,,,,,,,,yes,,"6,77,381",88,yes,no,no
,,,,,,,,,,,,,,,yes,,"6,77,381",88,yes,no,no
,,,,,,,,,,,,,,,yes,,"6,77,381",88,yes,no,no
,,,,,,,,,,,,,,,yes,,"6,77,381",88,yes,no,no
,,,,,,,,,,,,,,,yes,,"6,77,381",88,yes,no,no
,,,,,,,,,,,,,,,yes,,"6,77,381",88,yes,no,no
,,,,,,,,,,,,,,,yes,,"6,77,381",88,yes,no,no
,,,,,,,,,,,,,,,yes,,"6,77,381",88,yes,no,no
,,,,,,,,,,,,,,,yes,,"6,77,381",88,yes,no,no
,,,,,,,,,,,,,,,yes,,"6,77,381",88,yes,no,no
,,,,,,,,,,,,,,,yes,,"6,77,381",88,yes,no,no
,,,,,,,,,,,,,,,yes,,"6,77,381",88,yes,no,no
,,,,,,,,,,,,,,,yes,,"6,77,381",88,yes,no,no
,,,,,,,,,,,,,,,yes,,"6,77,381",88,yes,no,no
,,,,,,,,,,,,,,,yes,,"6,77,381",88,yes,no,no
,,,,,,,,,,,,,,,yes,,"6,77,381",88,yes,no,no
,,,,,,,,,,,,,,,yes,,"6,77,381",88,yes,no,no
,,,,,,,,,,,,,,,yes,,"6,77,381",88,yes,no,no
,,,,,,,,,,,,,,,yes,,"6,77,381",88,yes,no,no
,,,,,,,,,,,,,,,yes,,"6,77,381",88,yes,no,no
,,,,,,,,,,,,,,,yes,,"6,77,381",88,yes,no,no
,,,,,,,,,,,,,,,yes,,"6,77,381",88,yes,no,no
,,,,,,,,,,,,,,,yes,,"6,77,381",88,yes,no,no
,,,,,,,,,,,,,,,yes,,"6,77,381",88,yes,no,no
,,,,,,,,,,,,,,,yes,,"6,77,381",88,yes,no,no
,,,,,,,,,,,,,,,yes,,"6,77,381",88,yes,no,no
,,,,,,,,,,,,,,,yes,,"6,77,381",88,yes,no,no
,,,,,,,,,,,,,,,yes,,"6,77,381",88,yes,no,no
,,,,,,,,,,,,,,,yes,,"6,77,381",88,yes,no,no
,,,,,,,,,,,,,,,yes,,"6,77,381",88,yes,no,no
,,,,,,,,,,,,,,,yes,,"6,77,381",88,yes,no,no
,,,,,,,,,,,,,,,yes,,"6,77,381",88,yes,no,no
,,,,,,,,,,,,,,,yes,,"6,77,381",88,yes,no,no
,,,,,,,,,,,,,,,yes,,"6,77,381",88,yes,no,no
,,,,,,,,,,,,,,,yes,,"6,77,381",88,yes,no,no
,,,,,,,,,,,,,,,yes,,"6,77,381",88,yes,no,no
,,,,,,,,,,,,,,,yes,,"6,77,381",88,yes,no,no
,,,,,,,,,,,,,,,yes,,"6,77,381",88,yes,no,no
,,,,,,,,,,,,,,,yes,,"6,77,381",88,yes,no,no
,,,,,,,,,,,,,,,yes,,"6,77,381",88,yes,no,no
,,,,,,,,,,,,,,,yes,,"6,77,381",88,yes,no,no
,,,,,,,,,,,,,,,yes,,"6,77,381",88,yes,no,no
,,,,,,,,,,,,,,,yes,,"6,77,381",88,yes,no,no
,,,,,,,,,,,,,,,yes,,"6,77,381",88,yes,no,no
,,,,,,,,,,,,,,,yes,,"6,77,381",88,yes,no,no
,,,,,,,,,,,,,,,yes,,"6,77,381",88,yes,no,no
,,,,,,,,,,,,,,,yes,,"6,77,381",88,yes,no,no
,,,,,,,,,,,,,,,yes,,"6,77,381",88,yes,no,no
,,,,,,,,,,,,,,,yes,,"6,77,381",88,yes,no,no
,,,,,,,,,,,,,,,yes,,"6,77,381",88,yes,no,no
,,,,,,,,,,,,,,,yes,,"6,77,381",88,yes,no,no
,,,,,,,,,,,,,,,yes,,"6,77,381",88,yes,no,no
,,,,,,,,,,,,,,,yes,,"6,77,381",88,yes,no,no
,,,,,,,,,,,,,,,yes,,"6,77,381",88,yes,no,no
,,,,,,,,,,,,,,,yes,,"6,77,381",88,yes,no,no
,,,,,,,,,,,,,,,yes,,"6,77,381",88,yes,no,no
,,,,,,,,,,,,,,,yes,,"6,77,381",88,yes,no,no
,,,,,,,,,,,,,,,yes,,"6,77,381",88,yes,no,no
,,,,,,,,,,,,,,,yes,,"6,77,381",88,yes,no,no
,,,,,,,,,,,,,,,yes,,"6,77,381",88,yes,no,no
,,,,,,,,,,,,,,,yes,,"6,77,381",88,yes,no,no
,,,,,,,,,,,,,,,yes,,"6,77,381",88,yes,no,no
,,,,,,,,,,,,,,,yes,,"6,77,381",88,yes,no,no
,,,,,,,,,,,,,,,yes,,"6,77,381",88,yes,no,no
,,,,,,,,,,,,,,,yes,,"6,77,381",88,yes,no,no
,,,,,,,,,,,,,,,yes,,"6,77,381",88,yes,no,no
,,,,,,,,,,,,,,,yes,,"6,77,381",88,yes,no,no
,,,,,,,,,,,,,,,yes,,"6,77,381",88,yes,no,no
,,,,,,,,,,,,,,,yes,,"6,77,381",88,yes,no,no
,,,,,,,,,,,,,,,yes,,"6,77,381",88,yes,no,no
,,,,,,,,,,,,,,,yes,,"6,77,381",88,yes,no,no
,,,,,,,,,,,,,,,yes,,"6,77,381",88,yes,no,no
,,,,,,,,,,,,,,,yes,,"6,77,381",88,yes,no,no
,,,,,,,,,,,,,,,yes,,"6,77,381",88,yes,no,no
,,,,,,,,,,,,,,,yes,,"6,77,381",88,yes,no,no
,,,,,,,,,,,,,,,yes,,"6,77,381",88,yes,no,no
,,,,,,,,,,,,,,,yes,,"6,77,381",88,yes,no,no
,,,,,,,,,,,,,,,yes,,"6,77,381",88,yes,no,no
,,,,,,,,,,,,,,,yes,,"6,77,381",88,yes,no,no
,,,,,,,,,,,,,,,yes,,"6,77,381",88,yes,no,no
,,,,,,,,,,,,,,,yes,,"6,77,381",88,yes,no,no
,,,,,,,,,,,,,,,yes,,"6,77,381",88,yes,no,no
,,,,,,,,,,,,,,,yes,,"6,77,381",88,yes,no,no
,,,,,,,,,,,,,,,yes,,"6,77,381",88,yes,no,no
,,,,,,,,,,,,,,,yes,,"6,77,381",88,yes,no,no
,,,,,,,,,,,,,,,yes,,"6,77,381",88,yes,no,no
,,,,,,,,,,,,,,,yes,,"6,77,381",88,yes,no,no
,,,,,,,,,,,,,,,yes,,"6,77,381",88,yes,no,no
,,,,,,,,,,,,,,,yes,,"6,77,381",88,yes,no,no
,,,,,,,,,,,,,,,yes,,"6,77,381",88,yes,no,no
,,,,,,,,,,,,,,,yes,,"6,77,381",88,yes,no,no
,,,,,,,,,,,,,,,yes,,"6,77,381",88,yes,no,no
,,,,,,,,,,,,,,,yes,,"6,77,381",88,yes,no,no
,,,,,,,,,,,,,,,yes,,"6,77,381",88,yes,no,no
,,,,,,,,,,,,,,,yes,,"6,77,381",88,yes,no,no
,,,,,,,,,,,,,,,yes,,"6,77,381",88,yes,no,no
,,,,,,,,,,,,,,,yes,,"6,77,381",88,yes,no,no
,,,,,,,,,,,,,,,yes,,"6,77,381",88,yes,no,no
,,,,,,,,,,,,,,,yes,,"6,77,381",88,yes,no,no
,,,,,,,,,,,,,,,yes,,"6,77,381",88,yes,no,no
,,,,,,,,,,,,,,,yes,,"6,77,381",88,yes,no,no
,,,,,,,,,,,,,,,yes,,"6,77,381",88,yes,no,no
,,,,,,,,,,,,,,,yes,,"6,77,381",88,yes,no,no
,,,,,,,,,,,,,,,yes,,"6,77,381",88,yes,no,no
,,,,,,,,,,,,,,,yes,,"6,77,381",88,yes,no,no
,,,,,,,,,,,,,,,yes,,"6,77,381",88,yes,no,no
,,,,,,,,,,,,,,,yes,,"6,77,381",88,yes,no,no
,,,,,,,,,,,,,,,yes,,"6,77,381",88,yes,no,no
,,,,,,,,,,,,,,,yes,,"6,77,381",88,yes,no,no
,,,,,,,,,,,,,,,yes,,"6,77,381",88,yes,no,no
,,,,,,,,,,,,,,,yes,,"6,77,381",88,yes,no,no
,,,,,,,,,,,,,,,yes,,"6,77,381",88,yes,no,no
,,,,,,,,,,,,,,,yes,,"6,77,381",88,yes,no,no
,,,,,,,,,,,,,,,yes,,"6,77,381",88,yes,no,no
,,,,,,,,,,,,,,,yes,,"6,77,381",88,yes,no,no
,,,,,,,,,,,,,,,yes,,"6,77,381",88,yes,no,no
,,,,,,,,,,,,,,,yes,,"6,77,381",88,yes,no,no
,,,,,,,,,,,,,,,yes,,"6,77,381",88,yes,no,no
,,,,,,,,,,,,,,,yes,,"6,77,381",88,yes,no,no
,,,,,,,,,,,,,,,yes,,"6,77,381",88,yes,no,no
,,,,,,,,,,,,,,,yes,,"6,77,381",88,yes,no,no
,,,,,,,,,,,,,,,yes,,"6,77,381",88,yes,no,no
,,,,,,,,,,,,,,,yes,,"6,77,381",88,yes,no,no
,,,,,,,,,,,,,,,yes,,"6,77,381",88,yes,no,no
,,,,,,,,,,,,,,,yes,,"6,77,381",88,yes,no,no
,,,,,,,,,,,,,,,yes,,"6,77,381",88,yes,no,no
,,,,,,,,,,,,,,,yes,,"6,77,381",88,yes,no,no
,,,,,,,,,,,,,,,yes,,"6,77,381",88,yes,no,no
,,,,,,,,,,,,,,,yes,,"6,77,381",88,yes,no,no
,,,,,,,,,,,,,,,yes,,"6,77,381",88,yes,no,no
,,,,,,,,,,,,,,,yes,,"6,77,381",88,yes,no,no
,,,,,,,,,,,,,,,yes,,"6,77,381",88,yes,no,no
,,,,,,,,,,,,,,,yes,,"6,77,381",88,yes,no,no
,,,,,,,,,,,,,,,yes,,"6,77,381",88,yes,no,no
,,,,,,,,,,,,,,,yes,,"6,77,381",88,yes,no,no
,,,,,,,,,,,,,,,yes,,"6,77,381",88,yes,no,no
,,,,,,,,,,,,,,,yes,,"6,77,381",88,yes,no,no
,,,,,,,,,,,,,,,yes,,"6,77,381",88,yes,no,no
,,,,,,,,,,,,,,,yes,,"6,77,381",88,yes,no,no
,,,,,,,,,,,,,,,yes,,"6,77,381",88,yes,no,no
,,,,,,,,,,,,,,,yes,,"6,77,381",88,yes,no,no
,,,,,,,,,,,,,,,yes,,"6,77,381",88,yes,no,no
,,,,,,,,,,,,,,,yes,,"6,77,381",88,yes,no,no
,,,,,,,,,,,,,,,yes,,"6,77,381",88,yes,no,no
,,,,,,,,,,,,,,,yes,,"6,77,381",88,yes,no,no
,,,,,,,,,,,,,,,yes,,"6,77,381",88,yes,no,no
,,,,,,,,,,,,,,,yes,,"6,77,381",88,yes,no,no
,,,,,,,,,,,,,,,yes,,"6,77,381",88,yes,no,no
,,,,,,,,,,,,,,,yes,,"6,77,381",88,yes,no,no
,,,,,,,,,,,,,,,yes,,"6,77,381",88,yes,no,no
,,,,,,,,,,,,,,,yes,,"6,77,381",88,yes,no,no
,,,,,,,,,,,,,,,yes,,"6,77,381",88,yes,no,no
,,,,,,,,,,,,,,,yes,,"6,77,381",88,yes,no,no
,,,,,,,,,,,,,,,yes,,"6,77,381",88,yes,no,no
,,,,,,,,,,,,,,,yes,,"6,77,381",88,yes,no,no
,,,,,,,,,,,,,,,yes,,"6,77,381",88,yes,no,no
,,,,,,,,,,,,,,,yes,,"6,77,381",88,yes,no,no
,,,,,,,,,,,,,,,yes,,"6,77,381",88,yes,no,no
,,,,,,,,,,,,,,,yes,,"6,77,381",88,yes,no,no
,,,,,,,,,,,,,,,yes,,"6,77,381",88,yes,no,no
,,,,,,,,,,,,,,,yes,,"6,77,381",88,yes,no,no
,,,,,,,,,,,,,,,yes,,"6,77,381",88,yes,no,no
,,,,,,,,,,,,,,,yes,,"6,77,381",88,yes,no,no
,,,,,,,,,,,,,,,yes,,"6,77,381",88,yes,no,no
,,,,,,,,,,,,,,,yes,,"6,77,381",88,yes,no,no
,,,,,,,,,,,,,,,yes,,"6,77,381",88,yes,no,no
,,,,,,,,,,,,,,,yes,,"6,77,381",88,yes,no,no
,,,,,,,,,,,,,,,yes,,"6,77,381",88,yes,no,no
,,,,,,,,,,,,,,,yes,,"6,77,381",88,yes,no,no
,,,,,,,,,,,,,,,yes,,"6,77,381",88,yes,no,no
,,,,,,,,,,,,,,,yes,,"6,77,381",88,yes,no,no
,,,,,,,,,,,,,,,yes,,"6,77,381",88,yes,no,no
,,,,,,,,,,,,,,,yes,,"6,77,381",88,yes,no,no
,,,,,,,,,,,,,,,yes,,"6,77,381",88,yes,no,no
,,,,,,,,,,,,,,,yes,,"6,77,381",88,yes,no,no
,,,,,,,,,,,,,,,yes,,"6,77,381",88,yes,no,no
,,,,,,,,,,,,,,,yes,,"6,77,381",88,yes,no,no
,,,,,,,,,,,,,,,yes,,"6,77,381",88,yes,no,no
,,,,,,,,,,,,,,,yes,,"6,77,381",88,yes,no,no
,,,,,,,,,,,,,,,yes,,"6,77,381",88,yes,no,no
,,,,,,,,,,,,,,,yes,,"6,77,381",88,yes,no,no
,,,,,,,,,,,,,,,yes,,"6,77,381",88,yes,no,no
,,,,,,,,,,,,,,,yes,,"6,77,381",88,yes,no,no
,,,,,,,,,,,,,,,yes,,"6,77,381",88,yes,no,no
,,,,,,,,,,,,,,,yes,,"6,77,381",88,yes,no,no
,,,,,,,,,,,,,,,yes,,"6,77,381",88,yes,no,no
,,,,,,,,,,,,,,,yes,,"6,77,381",88,yes,no,no
,,,,,,,,,,,,,,,yes,,"6,77,381",88,yes,no,no
,,,,,,,,,,,,,,,yes,,"6,77,381",88,yes,no,no
,,,,,,,,,,,,,,,yes,,"6,77,381",88,yes,no,no
,,,,,,,,,,,,,,,yes,,"6,77,381",88,yes,no,no
,,,,,,,,,,,,,,,yes,,"6,77,381",88,yes,no,no
,,,,,,,,,,,,,,,yes,,"6,77,381",88,yes,no,no
,,,,,,,,,,,,,,,yes,,"6,77,381",88,yes,no,no
,,,,,,,,,,,,,,,yes,,"6,77,381",88,yes,no,no
,,,,,,,,,,,,,,,yes,,"6,77,381",88,yes,no,no
,,,,,,,,,,,,,,,yes,,"6,77,381",88,yes,no,no
,,,,,,,,,,,,,,,yes,,"6,77,381",88,yes,no,no
,,,,,,,,,,,,,,,yes,,"6,77,381",88,yes,no,no
,,,,,,,,,,,,,,,yes,,"6,77,381",88,yes,no,no
,,,,,,,,,,,,,,,yes,,"6,77,381",88,yes,no,no
,,,,,,,,,,,,,,,yes,,"6,77,381",88,yes,no,no
,,,,,,,,,,,,,,,yes,,"6,77,381",88,yes,no,no
,,,,,,,,,,,,,,,yes,,"6,77,381",88,yes,no,no
,,,,,,,,,,,,,,,yes,,"6,77,381",88,yes,no,no
,,,,,,,,,,,,,,,yes,,"6,77,381",88,yes,no,no
,,,,,,,,,,,,,,,yes,,"6,77,381",88,yes,no,no
,,,,,,,,,,,,,,,yes,,"6,77,381",88,yes,no,no
,,,,,,,,,,,,,,,yes,,"6,77,381",88,yes,no,no
,,,,,,,,,,,,,,,yes,,"6,77,381",88,yes,no,no
,,,,,,,,,,,,,,,yes,,"6,77,381",88,yes,no,no
,,,,,,,,,,,,,,,yes,,"6,77,381",88,yes,no,no
,,,,,,,,,,,,,,,yes,,"6,77,381",88,yes,no,no
,,,,,,,,,,,,,,,yes,,"6,77,381",88,yes,no,no
,,,,,,,,,,,,,,,yes,,"6,77,381",88,yes,no,no
,,,,,,,,,,,,,,,yes,,"6,77,381",88,yes,no,no
,,,,,,,,,,,,,,,yes,,"6,77,381",88,yes,no,no
,,,,,,,,,,,,,,,yes,,"6,77,381",88,yes,no,no
,,,,,,,,,,,,,,,yes,,"6,77,381",88,yes,no,no
,,,,,,,,,,,,,,,yes,,"6,77,381",88,yes,no,no
,,,,,,,,,,,,,,,yes,,"6,77,381",88,yes,no,no
,,,,,,,,,,,,,,,yes,,"6,77,381",88,yes,no,no
,,,,,,,,,,,,,,,yes,,"6,77,381",88,yes,no,no
,,,,,,,,,,,,,,,yes,,"6,77,381",88,yes,no,no
,,,,,,,,,,,,,,,yes,,"6,77,381",88,yes,no,no
,,,,,,,,,,,,,,,yes,,"6,77,381",88,yes,no,no
,,,,,,,,,,,,,,,yes,,"6,77,381",88,yes,no,no
,,,,,,,,,,,,,,,yes,,"6,77,381",88,yes,no,no
,,,,,,,,,,,,,,,yes,,"6,77,381",88,yes,no,no
,,,,,,,,,,,,,,,yes,,"6,77,381",88,yes,no,no
,,,,,,,,,,,,,,,yes,,"6,77,381",88,yes,no,no
,,,,,,,,,,,,,,,yes,,"6,77,381",88,yes,no,no
,,,,,,,,,,,,,,,yes,,"6,77,381",88,yes,no,no
,,,,,,,,,,,,,,,yes,,"6,77,381",88,yes,no,no
,,,,,,,,,,,,,,,yes,,"6,77,381",88,yes,no,no
,,,,,,,,,,,,,,,yes,,"6,77,381",88,yes,no,no
,,,,,,,,,,,,,,,yes,,"6,77,381",88,yes,no,no
,,,,,,,,,,,,,,,yes,,"6,77,381",88,yes,no,no
,,,,,,,,,,,,,,,yes,,"6,77,381",88,yes,no,no
,,,,,,,,,,,,,,,yes,,"6,77,381",88,yes,no,no
,,,,,,,,,,,,,,,yes,,"6,77,381",88,yes,no,no
,,,,,,,,,,,,,,,yes,,"6,77,381",88,yes,no,no
,,,,,,,,,,,,,,,yes,,"6,77,381",88,yes,no,no
,,,,,,,,,,,,,,,yes,,"6,77,381",88,yes,no,no
,,,,,,,,,,,,,,,yes,,"6,77,381",88,yes,no,no
,,,,,,,,,,,,,,,yes,,"6,77,381",88,yes,no,no
,,,,,,,,,,,,,,,yes,,"6,77,381",88,yes,no,no
,,,,,,,,,,,,,,,yes,,"6,77,381",88,yes,no,no
,,,,,,,,,,,,,,,yes,,"6,77,381",88,yes,no,no
,,,,,,,,,,,,,,,yes,,"6,77,381",88,yes,no,no
,,,,,,,,,,,,,,,yes,,"6,77,381",88,yes,no,no
,,,,,,,,,,,,,,,yes,,"6,77,381",88,yes,no,no
,,,,,,,,,,,,,,,yes,,"6,77,381",88,yes,no,no
,,,,,,,,,,,,,,,yes,,"6,77,381",88,yes,no,no
,,,,,,,,,,,,,,,yes,,"6,77,381",88,yes,no,no
,,,,,,,,,,,,,,,yes,,"6,77,381",88,yes,no,no
,,,,,,,,,,,,,,,yes,,"6,77,381",88,yes,no,no
,,,,,,,,,,,,,,,yes,,"6,77,381",88,yes,no,no
,,,,,,,,,,,,,,,yes,,"6,77,381",88,yes,no,no
,,,,,,,,,,,,,,,yes,,"6,77,381",88,yes,no,no
,,,,,,,,,,,,,,,yes,,"6,77,381",88,yes,no,no
,,,,,,,,,,,,,,,yes,,"6,77,381",88,yes,no,no
,,,,,,,,,,,,,,,yes,,"6,77,381",88,yes,no,no
,,,,,,,,,,,,,,,yes,,"6,77,381",88,yes,no,no
,,,,,,,,,,,,,,,yes,,"6,77,381",88,yes,no,no
,,,,,,,,,,,,,,,yes,,"6,77,381",88,yes,no,no
,,,,,,,,,,,,,,,yes,,"6,77,381",88,yes,no,no
,,,,,,,,,,,,,,,yes,,"6,77,381",88,yes,no,no
,,,,,,,,,,,,,,,yes,,"6,77,381",88,yes,no,no
,,,,,,,,,,,,,,,yes,,"6,77,381",88,yes,no,no
,,,,,,,,,,,,,,,yes,,"6,77,381",88,yes,no,no
,,,,,,,,,,,,,,,yes,,"6,77,381",88,yes,no,no
,,,,,,,,,,,,,,,yes,,"6,77,381",88,yes,no,no
,,,,,,,,,,,,,,,yes,,"6,77,381",88,yes,no,no
,,,,,,,,,,,,,,,yes,,"6,77,381",88,yes,no,no
,,,,,,,,,,,,,,,yes,,"6,77,381",88,yes,no,no
,,,,,,,,,,,,,,,yes,,"6,77,381",88,yes,no,no
,,,,,,,,,,,,,,,yes,,"6,77,381",88,yes,no,no
,,,,,,,,,,,,,,,yes,,"6,77,381",88,yes,no,no
,,,,,,,,,,,,,,,yes,,"6,29,659",224,no,no,no
,,,,,,,,,,,,,,,yes,,"6,29,659",224,no,no,no
,,,,,,,,,,,,,,,yes,,"6,29,659",224,no,no,no
,,,,,,,,,,,,,,,yes,,"6,29,659",224,no,no,no
,,,,,,,,,,,,,,,yes,,"6,29,659",224,no,no,no
,,,,,,,,,,,,,,,yes,,"6,29,659",224,no,no,no
,,,,,,,,,,,,,,,yes,,"6,29,659",224,no,no,no
,,,,,,,,,,,,,,,yes,,"6,29,659",224,no,no,no
,,,,,,,,,,,,,,,yes,,"6,29,659",224,no,no,no
,,,,,,,,,,,,,,,yes,,"6,29,659",224,no,no,no
,,,,,,,,,,,,,,,yes,,"6,29,659",224,no,no,no
,,,,,,,,,,,,,,,yes,,"6,29,659",224,no,no,no
,,,,,,,,,,,,,,,yes,,"6,29,659",224,no,no,no
,,,,,,,,,,,,,,,yes,,"6,29,659",224,no,no,no
,,,,,,,,,,,,,,,yes,,"6,29,659",224,no,no,no
,,,,,,,,,,,,,,,yes,,"6,29,659",224,no,no,no
,,,,,,,,,,,,,,,yes,,"6,29,659",224,no,no,no
,,,,,,,,,,,,,,,yes,,"6,29,659",224,no,no,no
,,,,,,,,,,,,,,,yes,,"6,29,659",224,no,no,no
,,,,,,,,,,,,,,,yes,,"6,29,659",224,no,no,no
,,,,,,,,,,,,,,,yes,,"6,29,659",224,no,no,no
,,,,,,,,,,,,,,,yes,,"6,29,659",224,no,no,no
,,,,,,,,,,,,,,,yes,,"6,29,659",224,no,no,no
,,,,,,,,,,,,,,,yes,,"6,29,659",224,no,no,no
,,,,,,,,,,,,,,,yes,,"6,29,659",224,no,no,no
,,,,,,,,,,,,,,,yes,,"6,29,659",224,no,no,no
,,,,,,,,,,,,,,,yes,,"6,29,659",224,no,no,no
,,,,,,,,,,,,,,,yes,,"6,29,659",224,no,no,no
,,,,,,,,,,,,,,,yes,,"6,29,659",224,no,no,no
,,,,,,,,,,,,,,,yes,,"6,29,659",224,no,no,no
,,,,,,,,,,,,,,,yes,,"6,29,659",224,no,no,no
,,,,,,,,,,,,,,,yes,,"6,29,659",224,no,no,no
,,,,,,,,,,,,,,,yes,,"6,29,659",224,no,no,no
,,,,,,,,,,,,,,,yes,,"6,29,659",224,no,no,no
,,,,,,,,,,,,,,,yes,,"6,29,659",224,no,no,no
,,,,,,,,,,,,,,,yes,,"6,29,659",224,no,no,no
,,,,,,,,,,,,,,,yes,,"6,29,659",224,no,no,no
,,,,,,,,,,,,,,,yes,,"6,29,659",224,no,no,no
,,,,,,,,,,,,,,,yes,,"6,29,659",224,no,no,no
,,,,,,,,,,,,,,,yes,,"6,29,659",224,no,no,no
,,,,,,,,,,,,,,,yes,,"6,29,659",224,no,no,no
,,,,,,,,,,,,,,,yes,,"6,29,659",224,no,no,no
,,,,,,,,,,,,,,,yes,,"6,29,659",224,no,no,no
,,,,,,,,,,,,,,,yes,,"6,29,659",224,no,no,no
,,,,,,,,,,,,,,,yes,,"6,29,659",224,no,no,no
,,,,,,,,,,,,,,,yes,,"6,29,659",224,no,no,no
,,,,,,,,,,,,,,,yes,,"6,29,659",224,no,no,no
,,,,,,,,,,,,,,,yes,,"6,29,659",224,no,no,no
,,,,,,,,,,,,,,,yes,,"6,29,659",224,no,no,no
,,,,,,,,,,,,,,,yes,,"6,29,659",224,no,no,no
,,,,,,,,,,,,,,,yes,,"6,29,659",224,no,no,no
,,,,,,,,,,,,,,,yes,,"6,29,659",224,no,no,no
,,,,,,,,,,,,,,,yes,,"6,29,659",224,no,no,no
,,,,,,,,,,,,,,,yes,,"6,29,659",224,no,no,no
,,,,,,,,,,,,,,,yes,,"6,29,659",224,no,no,no
,,,,,,,,,,,,,,,yes,,"6,29,659",224,no,no,no
,,,,,,,,,,,,,,,yes,,"6,29,659",224,no,no,no
,,,,,,,,,,,,,,,yes,,"6,29,659",224,no,no,no
,,,,,,,,,,,,,,,yes,,"6,29,659",224,no,no,no
,,,,,,,,,,,,,,,yes,,"6,29,659",224,no,no,no
,,,,,,,,,,,,,,,yes,,"6,29,659",224,no,no,no
,,,,,,,,,,,,,,,yes,,"6,29,659",224,no,no,no
,,,,,,,,,,,,,,,yes,,"6,29,659",224,no,no,no
,,,,,,,,,,,,,,,yes,,"6,29,659",224,no,no,no
,,,,,,,,,,,,,,,yes,,"6,29,659",224,no,no,no
,,,,,,,,,,,,,,,yes,,"6,29,659",224,no,no,no
,,,,,,,,,,,,,,,yes,,"6,29,659",224,no,no,no
,,,,,,,,,,,,,,,yes,,"6,29,659",224,no,no,no
,,,,,,,,,,,,,,,yes,,"6,29,659",224,no,no,no
,,,,,,,,,,,,,,,yes,,"6,29,659",224,no,no,no
,,,,,,,,,,,,,,,yes,,"6,29,659",224,no,no,no
,,,,,,,,,,,,,,,yes,,"6,29,659",224,no,no,no
,,,,,,,,,,,,,,,yes,,"6,29,659",224,no,no,no
,,,,,,,,,,,,,,,yes,,"6,29,659",224,no,no,no
,,,,,,,,,,,,,,,yes,,"6,29,659",224,no,no,no
,,,,,,,,,,,,,,,yes,,"6,29,659",224,no,no,no
,,,,,,,,,,,,,,,yes,,"6,29,659",224,no,no,no
,,,,,,,,,,,,,,,yes,,"6,29,659",224,no,no,no
,,,,,,,,,,,,,,,yes,,"6,29,659",224,no,no,no
,,,,,,,,,,,,,,,yes,,"6,29,659",224,no,no,no
,,,,,,,,,,,,,,,yes,,"6,29,659",224,no,no,no
,,,,,,,,,,,,,,,yes,,"6,29,659",224,no,no,no
,,,,,,,,,,,,,,,yes,,"6,29,659",224,no,no,no
,,,,,,,,,,,,,,,yes,,"6,29,659",224,no,no,no
,,,,,,,,,,,,,,,yes,,"6,29,659",224,no,no,no
,,,,,,,,,,,,,,,yes,,"6,29,659",224,no,no,no
,,,,,,,,,,,,,,,yes,,"6,29,659",224,no,no,no
,,,,,,,,,,,,,,,yes,,"6,29,659",224,no,no,no
,,,,,,,,,,,,,,,yes,,"6,29,659",224,no,no,no
,,,,,,,,,,,,,,,yes,,"6,29,659",224,no,no,no
,,,,,,,,,,,,,,,yes,,"6,29,659",224,no,no,no
,,,,,,,,,,,,,,,yes,,"6,29,659",224,no,no,no
,,,,,,,,,,,,,,,yes,,"6,29,659",224,no,no,no
,,,,,,,,,,,,,,,yes,,"6,29,659",224,no,no,no
,,,,,,,,,,,,,,,yes,,"6,29,659",224,no,no,no
,,,,,,,,,,,,,,,yes,,"6,29,659",224,no,no,no
,,,,,,,,,,,,,,,yes,,"6,29,659",224,no,no,no
,,,,,,,,,,,,,,,yes,,"6,29,659",224,no,no,no
,,,,,,,,,,,,,,,yes,,"6,29,659",224,no,no,no
,,,,,,,,,,,,,,,yes,,"6,29,659",224,no,no,no
,,,,,,,,,,,,,,,yes,,"6,29,659",224,no,no,no
,,,,,,,,,,,,,,,yes,,"6,29,659",224,no,no,no
,,,,,,,,,,,,,,,yes,,"6,29,659",224,no,no,no
,,,,,,,,,,,,,,,yes,,"6,29,659",224,no,no,no
,,,,,,,,,,,,,,,yes,,"6,29,659",224,no,no,no
,,,,,,,,,,,,,,,yes,,"6,29,659",224,no,no,no
,,,,,,,,,,,,,,,yes,,"6,29,659",224,no,no,no
,,,,,,,,,,,,,,,yes,,"6,29,659",224,no,no,no
,,,,,,,,,,,,,,,yes,,"6,29,659",224,no,no,no
,,,,,,,,,,,,,,,yes,,"6,29,659",224,no,no,no
,,,,,,,,,,,,,,,yes,,"6,29,659",224,no,no,no
,,,,,,,,,,,,,,,yes,,"6,29,659",224,no,no,no
,,,,,,,,,,,,,,,yes,,"6,29,659",224,no,no,no
,,,,,,,,,,,,,,,yes,,"6,29,659",224,no,no,no
,,,,,,,,,,,,,,,yes,,"6,29,659",224,no,no,no
,,,,,,,,,,,,,,,yes,,"6,29,659",224,no,no,no
,,,,,,,,,,,,,,,yes,,"6,29,659",224,no,no,no
,,,,,,,,,,,,,,,yes,,"6,29,659",224,no,no,no
,,,,,,,,,,,,,,,yes,,"6,29,659",224,no,no,no
,,,,,,,,,,,,,,,yes,,"6,29,659",224,no,no,no
,,,,,,,,,,,,,,,yes,,"6,29,659",224,no,no,no
,,,,,,,,,,,,,,,yes,,"6,29,659",224,no,no,no
,,,,,,,,,,,,,,,yes,,"6,29,659",224,no,no,no
,,,,,,,,,,,,,,,yes,,"6,29,659",224,no,no,no
,,,,,,,,,,,,,,,yes,,"6,29,659",224,no,no,no
,,,,,,,,,,,,,,,yes,,"6,29,659",224,no,no,no
,,,,,,,,,,,,,,,yes,,"6,29,659",224,no,no,no
,,,,,,,,,,,,,,,yes,,"6,29,659",224,no,no,no
,,,,,,,,,,,,,,,yes,,"6,29,659",224,no,no,no
,,,,,,,,,,,,,,,yes,,"6,29,659",224,no,no,no
,,,,,,,,,,,,,,,yes,,"6,29,659",224,no,no,no
,,,,,,,,,,,,,,,yes,,"6,29,659",224,no,no,no
,,,,,,,,,,,,,,,yes,,"6,29,659",224,no,no,no
,,,,,,,,,,,,,,,yes,,"6,29,659",224,no,no,no
,,,,,,,,,,,,,,,yes,,"6,29,659",224,no,no,no
,,,,,,,,,,,,,,,yes,,"6,29,659",224,no,no,no
,,,,,,,,,,,,,,,yes,,"6,29,659",224,no,no,no
,,,,,,,,,,,,,,,yes,,"6,29,659",224,no,no,no
,,,,,,,,,,,,,,,yes,,"6,29,659",224,no,no,no
,,,,,,,,,,,,,,,yes,,"6,29,659",224,no,no,no
,,,,,,,,,,,,,,,yes,,"6,29,659",224,no,no,no
,,,,,,,,,,,,,,,yes,,"6,29,659",224,no,no,no
,,,,,,,,,,,,,,,yes,,"6,29,659",224,no,no,no
,,,,,,,,,,,,,,,yes,,"6,29,659",224,no,no,no
,,,,,,,,,,,,,,,yes,,"6,29,659",224,no,no,no
,,,,,,,,,,,,,,,yes,,"6,29,659",224,no,no,no
,,,,,,,,,,,,,,,yes,,"6,29,659",224,no,no,no
,,,,,,,,,,,,,,,yes,,"6,29,659",224,no,no,no
,,,,,,,,,,,,,,,yes,,"6,29,659",224,no,no,no
,,,,,,,,,,,,,,,yes,,"6,29,659",224,no,no,no
,,,,,,,,,,,,,,,yes,,"6,29,659",224,no,no,no
,,,,,,,,,,,,,,,yes,,"6,29,659",224,no,no,no
,,,,,,,,,,,,,,,yes,,"6,29,659",224,no,no,no
,,,,,,,,,,,,,,,yes,,"6,29,659",224,no,no,no
,,,,,,,,,,,,,,,yes,,"6,29,659",224,no,no,no
,,,,,,,,,,,,,,,yes,,"6,29,659",224,no,no,no
,,,,,,,,,,,,,,,yes,,"6,29,659",224,no,no,no
,,,,,,,,,,,,,,,yes,,"6,29,659",224,no,no,no
,,,,,,,,,,,,,,,yes,,"6,29,659",224,no,no,no
,,,,,,,,,,,,,,,yes,,"6,29,659",224,no,no,no
,,,,,,,,,,,,,,,yes,,"6,29,659",224,no,no,no
,,,,,,,,,,,,,,,yes,,"6,29,659",224,no,no,no
,,,,,,,,,,,,,,,yes,,"6,29,659",224,no,no,no
,,,,,,,,,,,,,,,yes,,"6,29,659",224,no,no,no
,,,,,,,,,,,,,,,yes,,"6,29,659",224,no,no,no
,,,,,,,,,,,,,,,yes,,"6,29,659",224,no,no,no
,,,,,,,,,,,,,,,yes,,"6,29,659",224,no,no,no
,,,,,,,,,,,,,,,yes,,"6,29,659",224,no,no,no
,,,,,,,,,,,,,,,yes,,"6,29,659",224,no,no,no
,,,,,,,,,,,,,,,yes,,"6,29,659",224,no,no,no
,,,,,,,,,,,,,,,yes,,"6,29,659",224,no,no,no
,,,,,,,,,,,,,,,yes,,"6,29,659",224,no,no,no
,,,,,,,,,,,,,,,yes,,"6,29,659",224,no,no,no
,,,,,,,,,,,,,,,yes,,"6,29,659",224,no,no,no
,,,,,,,,,,,,,,,yes,,"6,29,659",224,no,no,no
,,,,,,,,,,,,,,,yes,,"6,29,659",224,no,no,no
,,,,,,,,,,,,,,,yes,,"6,29,659",224,no,no,no
,,,,,,,,,,,,,,,yes,,"6,29,659",224,no,no,no
,,,,,,,,,,,,,,,yes,,"6,29,659",224,no,no,no
,,,,,,,,,,,,,,,yes,,"6,29,659",224,no,no,no
,,,,,,,,,,,,,,,yes,,"6,29,659",224,no,no,no
,,,,,,,,,,,,,,,yes,,"6,29,659",224,no,no,no
,,,,,,,,,,,,,,,yes,,"6,29,659",224,no,no,no
,,,,,,,,,,,,,,,yes,,"6,29,659",224,no,no,no
,,,,,,,,,,,,,,,yes,,"6,29,659",224,no,no,no
,,,,,,,,,,,,,,,yes,,"6,29,659",224,no,no,no
,,,,,,,,,,,,,,,yes,,"6,29,659",224,no,no,no
,,,,,,,,,,,,,,,yes,,"6,29,659",224,no,no,no
,,,,,,,,,,,,,,,yes,,"6,29,659",224,no,no,no
,,,,,,,,,,,,,,,yes,,"6,29,659",224,no,no,no
,,,,,,,,,,,,,,,yes,,"6,29,659",224,no,no,no
,,,,,,,,,,,,,,,yes,,"6,29,659",224,no,no,no
,,,,,,,,,,,,,,,yes,,"6,29,659",224,no,no,no
,,,,,,,,,,,,,,,yes,,"6,29,659",224,no,no,no
,,,,,,,,,,,,,,,yes,,"6,29,659",224,no,no,no
,,,,,,,,,,,,,,,yes,,"6,29,659",224,no,no,no
,,,,,,,,,,,,,,,yes,,"6,29,659",224,no,no,no
,,,,,,,,,,,,,,,yes,,"6,29,659",224,no,no,no
,,,,,,,,,,,,,,,yes,,"6,29,659",224,no,no,no
,,,,,,,,,,,,,,,yes,,"6,29,659",224,no,no,no
,,,,,,,,,,,,,,,yes,,"6,29,659",224,no,no,no
,,,,,,,,,,,,,,,yes,,"6,29,659",224,no,no,no
,,,,,,,,,,,,,,,yes,,"6,29,659",224,no,no,no
,,,,,,,,,,,,,,,yes,,"6,29,659",224,no,no,no
,,,,,,,,,,,,,,,yes,,"6,29,659",224,no,no,no
,,,,,,,,,,,,,,,yes,,"6,29,659",224,no,no,no
,,,,,,,,,,,,,,,yes,,"6,29,659",224,no,no,no
,,,,,,,,,,,,,,,yes,,"6,29,659",224,no,no,no
,,,,,,,,,,,,,,,yes,,"6,29,659",224,no,no,no
,,,,,,,,,,,,,,,yes,,"6,29,659",224,no,no,no
,,,,,,,,,,,,,,,yes,,"6,29,659",224,no,no,no
,,,,,,,,,,,,,,,yes,,"6,29,659",224,no,no,no
,,,,,,,,,,,,,,,yes,,"6,29,659",224,no,no,no
,,,,,,,,,,,,,,,yes,,"6,29,659",224,no,no,no
,,,,,,,,,,,,,,,yes,,"6,29,659",224,no,no,no
,,,,,,,,,,,,,,,yes,,"6,29,659",224,no,no,no
,,,,,,,,,,,,,,,yes,,"6,29,659",224,no,no,no
,,,,,,,,,,,,,,,yes,,"6,29,659",224,no,no,no
,,,,,,,,,,,,,,,yes,,"6,29,659",224,no,no,no
,,,,,,,,,,,,,,,yes,,"6,29,659",224,no,no,no
,,,,,,,,,,,,,,,yes,,"6,29,659",224,no,no,no
,,,,,,,,,,,,,,,yes,,"6,29,659",224,no,no,no
,,,,,,,,,,,,,,,yes,,"6,29,659",224,no,no,no
,,,,,,,,,,,,,,,yes,,"6,29,659",224,no,no,no
,,,,,,,,,,,,,,,yes,,"6,29,659",224,no,no,no
,,,,,,,,,,,,,,,yes,,"6,29,659",224,no,no,no
,,,,,,,,,,,,,,,yes,,"6,29,659",224,no,no,no
,,,,,,,,,,,,,,,yes,,"6,29,659",224,no,no,no
,,,,,,,,,,,,,,,yes,,"6,29,659",224,no,no,no
,,,,,,,,,,,,,,,yes,,"6,29,659",224,no,no,no
,,,,,,,,,,,,,,,yes,,"6,29,659",224,no,no,no
,,,,,,,,,,,,,,,yes,,"6,29,659",224,no,no,no
,,,,,,,,,,,,,,,yes,,"6,29,659",224,no,no,no
,,,,,,,,,,,,,,,yes,,"6,29,659",224,no,no,no
,,,,,,,,,,,,,,,yes,,"6,29,659",224,no,no,no
,,,,,,,,,,,,,,,yes,,"6,29,659",224,no,no,no
,,,,,,,,,,,,,,,yes,,"6,29,659",224,no,no,no
,,,,,,,,,,,,,,,yes,,"6,29,659",224,no,no,no
,,,,,,,,,,,,,,,yes,,"6,29,659",224,no,no,no
,,,,,,,,,,,,,,,yes,,"6,29,659",224,no,no,no
,,,,,,,,,,,,,,,yes,,"6,29,659",224,no,no,no
,,,,,,,,,,,,,,,yes,,"6,29,659",224,no,no,no
,,,,,,,,,,,,,,,yes,,"6,29,659",224,no,no,no
,,,,,,,,,,,,,,,yes,,"6,29,659",224,no,no,no
,,,,,,,,,,,,,,,yes,,"6,29,659",224,no,no,no
,,,,,,,,,,,,,,,yes,,"6,29,659",224,no,no,no
,,,,,,,,,,,,,,,yes,,"6,29,659",224,no,no,no
,,,,,,,,,,,,,,,yes,,"6,29,659",224,no,no,no
,,,,,,,,,,,,,,,yes,,"6,29,659",224,no,no,no
,,,,,,,,,,,,,,,yes,,"6,29,659",224,no,no,no
,,,,,,,,,,,,,,,yes,,"6,29,659",224,no,no,no
,,,,,,,,,,,,,,,yes,,"6,29,659",224,no,no,no
,,,,,,,,,,,,,,,yes,,"6,29,659",224,no,no,no
,,,,,,,,,,,,,,,yes,,"6,29,659",224,no,no,no
,,,,,,,,,,,,,,,yes,,"6,29,659",224,no,no,no
,,,,,,,,,,,,,,,yes,,"6,29,659",224,no,no,no
,,,,,,,,,,,,,,,yes,,"6,29,659",224,no,no,no
,,,,,,,,,,,,,,,yes,,"6,29,659",224,no,no,no
,,,,,,,,,,,,,,,yes,,"6,29,659",224,no,no,no
,,,,,,,,,,,,,,,yes,,"6,29,659",224,no,no,no
,,,,,,,,,,,,,,,yes,,"6,29,659",224,no,no,no
,,,,,,,,,,,,,,,yes,,"6,29,659",224,no,no,no
,,,,,,,,,,,,,,,yes,,"6,29,659",224,no,no,no
,,,,,,,,,,,,,,,yes,,"6,29,659",224,no,no,no
,,,,,,,,,,,,,,,yes,,"6,29,659",224,no,no,no
,,,,,,,,,,,,,,,yes,,"6,29,659",224,no,no,no
,,,,,,,,,,,,,,,yes,,"6,29,659",224,no,no,no
,,,,,,,,,,,,,,,yes,,"6,29,659",224,no,no,no
,,,,,,,,,,,,,,,yes,,"6,29,659",224,no,no,no
,,,,,,,,,,,,,,,yes,,"6,29,659",224,no,no,no
,,,,,,,,,,,,,,,yes,,"6,29,659",224,no,no,no
,,,,,,,,,,,,,,,yes,,"6,29,659",224,no,no,no
,,,,,,,,,,,,,,,yes,,"6,29,659",224,no,no,no
,,,,,,,,,,,,,,,yes,,"6,29,659",224,no,no,no
,,,,,,,,,,,,,,,yes,,"6,29,659",224,no,no,no
,,,,,,,,,,,,,,,yes,,"6,29,659",224,no,no,no
,,,,,,,,,,,,,,,yes,,"6,29,659",224,no,no,no
,,,,,,,,,,,,,,,yes,,"6,29,659",224,no,no,no
,,,,,,,,,,,,,,,yes,,"6,29,659",224,no,no,no
,,,,,,,,,,,,,,,yes,,"6,29,659",224,no,no,no
,,,,,,,,,,,,,,,yes,,"6,29,659",224,no,no,no
,,,,,,,,,,,,,,,yes,,"6,29,659",224,no,no,no
,,,,,,,,,,,,,,,yes,,"6,29,659",224,no,no,no
,,,,,,,,,,,,,,,yes,,"6,29,659",224,no,no,no
,,,,,,,,,,,,,,,yes,,"6,29,659",224,no,no,no
,,,,,,,,,,,,,,,yes,,"6,29,659",224,no,no,no
,,,,,,,,,,,,,,,yes,,"6,29,659",224,no,no,no
,,,,,,,,,,,,,,,yes,,"6,29,659",224,no,no,no
